name,abbrv,formula,state,ref1,ref2,date,model,E_units,G,H,S,Cp,V,a1.a,a2.b,a3.c,a4.d,c1.e,c2.f,omega.lambda,z.T,azero,neutral_ion_type,dissrxn,tag,formula_ox,category_1,category_2
Li+,Li+,Li+,aq,SH88,,11/6/1997,HKF,cal,-69933,-66552,2.7,14.2,-0.87,-0.0237,-0.069,11.58,-2.7761,19.2,-0.24,0.4862,1,6,0,,basis,Li+,inorganic_aq,
Na+,Na+,Na+,aq,SH88,,11/6/1997,HKF,cal,-62591,-57433,13.96,9.06,-1.11,1.839,-2.285,3.256,-2.726,18.18,-2.981,0.3306,1,4,0,,basis,Na+,inorganic_aq,
K+,K+,K+,aq,SH88,,11/6/1997,HKF,cal,-67510,-60270,24.15,1.98,9.06,3.559,-1.473,5.435,-2.712,7.4,-1.791,0.1927,1,3,0,,basis,K+,inorganic_aq,
Rb+,Rb+,Rb+,aq,SH88,,11/6/1997,HKF,cal,-67800,-60020,28.8,-3,14.26,4.2913,-0.9041,7.407,-2.7416,5.7923,-3.6457,0.1502,1,2.5,0,,basis,Rb+ ,inorganic_aq,
Cs+,Cs+,Cs+,aq,SH88,,11/6/1997,HKF,cal,-69710,-61670,31.75,-6.29,21.42,6.1475,-0.1309,4.2094,-2.7736,6.27,-5.736,0.0974,1,2.5,0,,basis,Cs+ ,inorganic_aq,
Mg+2,Mg+2,Mg+2,aq,SH88,,11/6/1997,HKF,cal,-108505,-111367,-33,-5.34,-21.55,-0.8217,-8.599,8.39,-2.39,20.8,-5.892,1.5372,2,8,0,,basis,Mg+2,inorganic_aq,
Ca+2,Ca+2,Ca+2,aq,SH88,,11/6/1997,HKF,cal,-132120,-129800,-13.5,-7.53,-18.06,-0.1947,-7.252,5.2966,-2.4792,9,-2.522,1.2366,2,6,0,,basis,Ca+2,inorganic_aq,
Sr+2,Sr+2,Sr+2,aq,SH88,,11/6/1997,HKF,cal,-134760,-131670,-7.53,-10.05,-17.41,0.7071,-10.1508,7.0027,-2.3594,10.7452,-5.0818,1.1363,2,5,0,,basis,Sr+2 ,inorganic_aq,
Ba+2,Ba+2,Ba+2,aq,SH88,,11/6/1997,HKF,cal,-134030,-128500,2.3,-12.3,-12.6,2.7383,-10.0565,-0.047,-2.3633,3.8,-3.45,0.985,2,5,0,,basis,Ba+2 ,inorganic_aq,
HCO3-,HCO3-,HCO3-,aq,SH88,,11/6/1997,HKF,cal,-140282,-164898,23.53,-8.46,24.6,7.5621,1.1505,1.2346,-2.8266,12.9395,-4.7579,1.2733,-1,4,0,,basis,C+4 H+ 3O-2,required,
CO3-2,CO3-2,CO3-2,aq,SH88,,11/6/1997,HKF,cal,-126191,-161385,-11.95,-69.5,-5.02,2.8524,-3.9844,6.4142,-2.6143,-3.3206,-17.1917,3.3914,-2,4.5,0,-1.0000 CO3-2 -1.0000 H+ 1.0000 HCO3-,,C+4 3O-2,inorganic_aq,
Pb+2,Pb+2,Pb+2,aq,SH88,,11/6/1997,HKF,cal,-5710,220,4.2,-12.7,-15.6,-0.0051,-7.7939,8.8134,-2.4568,8.6624,-5.6216,1.0788,2,4.5,0,,basis,Pb+2 ,inorganic_aq,
NO3-,NO3-,NO3-,aq,SH88,,11/6/1997,HKF,cal,-26507,-49429,35.12,-16.4,29,7.3161,6.7824,-4.6838,-3.0594,7.7,-6.725,1.0977,-1,3,0,,basis,N+5 3O-2,inorganic_aq,
NO2-,NO2-,NO2-,aq,SH88,,11/6/1997,HKF,cal,-7700,-25000,29.4,-23.3,25,5.5864,5.859,3.4472,-3.0212,3.426,-7.7808,1.1847,-1,4,0,-1.0000 NO2- -0.5000 O2(g) 1.0000 NO3-,aux,N+3 2O-2,inorganic_aq,
NH4+,NH4+,NH4+,aq,SH88,,11/6/1997,HKF,cal,-18990,-31850,26.57,15.74,18.13,3.8763,2.3448,8.5605,-2.8759,17.45,-0.021,0.1502,1,2.5,0,-1.0000 NH4+ -2.0000 O2(g) 1.0000 H2O 1.0000 NO3- 2.0000 H+,aux,N-3 4H+,inorganic_aq,
H2PO4-,H2PO4-,H2PO4-,aq,SH88,,11/6/1997,HKF,cal,-270140,-309820,21.6,-7,31.3,6.4875,8.0594,2.5823,-3.1122,14.0435,-4.4605,1.3003,-1,4,0,-1.0000 H2PO4- 1.0000 H+ 1.0000 HPO4-2,,P+5 2H+ 4O-2,inorganic_aq,
HPO4-2,HPO4-2,HPO4-2,aq,SH88,,11/6/1997,HKF,cal,-260310,-308815,-8,-58.3,5.4,3.6315,1.0857,5.3233,-2.8239,2.7357,-14.9103,3.3363,-2,4,0,,basis,P+5 H+ 4O-2,inorganic_aq,
OH-,OH-,OH-,aq,SH88,,11/6/1997,HKF,cal,-37595,-54977,-2.56,-32.79,-4.18,1.2527,0.0738,1.8423,-2.7821,4.15,-10.346,1.7246,-1,3.5,0,-1.0000 OH- -1.0000 H+ 1.0000 H2O,aux,O-2 H+,required,
HS-,HS-,HS-,aq,SH88,,11/7/1997,HKF,cal,2860,-3850,16.3,-22.17,20.65,5.0119,4.9799,3.4765,-2.9849,3.42,-6.27,1.441,-1,3.5,0,-1.0000 HS- -2.0000 O2(g) 1.0000 H+ 1.0000 SO4-2,aux,S-2 H+,inorganic_aq,
HSO3-,HSO3-,HSO3-,aq,SH88,,11/7/1997,HKF,cal,-126130,-149670,33.4,-1.4,33.3,6.7014,8.5816,2.3771,-3.1338,15.6949,-3.3198,1.1233,-1,4,0,-1.0000 HSO3- 1.0000 SO3-2 1.0000 H+,,S+4 H+ 3O-2,inorganic_aq,
SO4-2,SO4-2,SO4-2,aq,SH88,,11/7/1997,HKF,cal,-177930,-217400,4.5,-64.38,13.88,8.3014,-1.9846,-6.2122,-2.697,1.64,-17.998,3.1463,-2,4,0,,basis,S+6 4O-2,inorganic_aq,
HSO4-,HSO4-,HSO4-,aq,SH88,,11/7/1997,HKF,cal,-180630,-212500,30,5.3,35.2,6.9788,9.259,2.1108,-3.1618,20.0961,-1.955,1.1748,-1,4,0,-1.0000 HSO4- 1.0000 H+ 1.0000 SO4-2,,S+6 H+ 4O-2,inorganic_aq,
S2O3-2,S2O3-2,S2O3-2,aq,SH88,,11/7/1997,HKF,cal,-124900,-155000,16,-57.3,28.5,6.6685,12.4951,-7.7281,-3.2955,-0.0577,-14.7066,2.9694,-2,4,0,-1.0000 S2O3-2 -2.0000 O2(g) -1.0000 H2O 2.0000 H+ 2.0000 SO4-2,aux,2S+2 3O-2,inorganic_aq,
S2O8-2,S2O8-2,S2O8-2,aq,SH88,,11/7/1997,HKF,cal,-266500,-321400,58.4,-25,79,13.3622,24.8454,-4.0153,-3.8061,12.9632,-8.1271,2.3281,-2,4,0,-1.0000 S2O8-2 2.5000 O2(g) 1.0000 S2O3-2,aux,2S+7 8O-2,inorganic_aq,
F-,F-,F-,aq,SH88,,11/7/1997,HKF,cal,-67340,-80150,-3.15,-27.23,-1.32,0.687,1.3588,7.6033,-2.8352,4.46,-7.488,1.787,-1,3.5,0,,basis,F-,inorganic_aq,
Cl-,Cl-,Cl-,aq,SH88,,11/7/1997,HKF,cal,-31379,-39933,13.56,-29.44,17.79,4.032,4.801,5.563,-2.847,-4.4,-5.714,1.456,-1,3,0,,basis,Cl-,required,
ClO3-,ClO3-,ClO3-,aq,SH88,,11/7/1997,HKF,cal,-1900,-24850,38.8,-12.3,36.9,7.1665,9.7172,1.9307,-3.1807,8.5561,-5.5401,1.0418,-1,3.5,0,-1.0000 ClO3- 1.0000 Cl- 1.5000 O2(g),aux,Cl+5 3O-2,inorganic_aq,
Br-,Br-,Br-,aq,SH88,,11/7/1997,HKF,cal,-24870,-29040,19.8,-30.42,24.85,5.269,6.594,4.745,-3.143,-3.8,-6.811,1.3858,-1,3,0,,basis,Br- ,inorganic_aq,
BrO3-,BrO3-,BrO3-,aq,SH88,,11/7/1997,HKF,cal,4450,-16030,38.65,-20.6,35.4,6.9617,9.2173,2.1272,-3.16,3.7059,-7.2308,1.0433,-1,3.5,0,-1.0000 BrO3- 1.0000 Br- 1.5000 O2(g),aux,Br+5 3O-2,inorganic_aq,
I-,I-,I-,aq,SH88,,11/7/1997,HKF,cal,-12410,-13600,25.5,-28.25,36.31,7.7623,8.2762,1.4609,-3.1211,-6.27,-4.944,1.2934,-1,3,0,,basis,I- ,inorganic_aq,
IO3-,IO3-,IO3-,aq,SH88,,11/7/1997,HKF,cal,-30600,-52900,28.3,-16.2,25.9,5.7148,6.1725,3.324,-3.0342,7.7293,-6.3345,1.2002,-1,4,0,-1.0000 IO3- 1.0000 I- 1.5000 O2(g),aux,I+5 3O-2,inorganic_aq,
Ni+2,Ni+2,Ni+2,aq,SH88,,11/7/1997,HKF,cal,-10900,-12900,-30.8,-11.7,-29,-1.6942,-11.9181,10.4344,-2.2863,13.1905,-5.4179,1.5067,2,6,0,,basis,Ni+2 ,inorganic_aq,
Cd+2,Cd+2,Cd+2,aq,SH88,,11/7/1997,HKF,cal,-18560,-18140,-17.4,-3.5,-15.6,0.0537,-10.708,16.5176,-2.3363,15.6573,-3.7476,1.2528,2,5,0,,basis,Cd+2 ,inorganic_aq,
La+3,La+3,La+3,aq,SH88,,11/7/1997,HKF,cal,-164000,-169600,-52,-37.2,-38.6,-2.788,-14.3824,10.9602,-2.1844,4.2394,-10.6122,2.1572,3,9,0,,basis,La+3 ,inorganic_aq,
Nd+3,Nd+3,Nd+3,aq,SH88,,11/7/1997,HKF,cal,-160600,-166500,-49.5,-43.2,-43.1,-3.3707,-14.5452,8.3211,-2.1777,1.6236,-11.8344,2.255,3,9,0,,basis,Nd+3 ,inorganic_aq,
Sm+3,Sm+3,Sm+3,aq,SH88,,11/7/1997,HKF,cal,-159100,-165200,-50.7,-43.3,-42,-3.2065,-15.6108,11.8857,-2.1337,1.9385,-11.8548,2.2955,3,9,0,,basis,Sm+3 ,inorganic_aq,
Eu+3,Eu+3,Eu+3,aq,SH88,,11/7/1997,HKF,cal,-137300,-144700,-53,-36.6,-41.3,-3.1037,-15.3599,11.7871,-2.144,6.0548,-10.49,2.3161,3,4.5,0,-1.0000 Eu+3 -0.5000 H2O 1.0000 Eu+2 1.0000 H+ 0.2500 O2(g),aux,Eu+3 ,inorganic_aq,
Gd+3,Gd+3,Gd+3,aq,SH88,,11/7/1997,HKF,cal,-158600,-164200,-49.2,-35.9,-40.4,-2.9771,-15.0506,11.6656,-2.1568,6.5606,-10.3474,2.3265,3,5,0,,basis,Gd+3 ,inorganic_aq,
Dy+3,Dy+3,Dy+3,aq,SH88,,11/7/1997,HKF,cal,-158700,-166500,-55.2,-31.7,-40.7,-3.0003,-15.1074,11.6879,-2.1545,9.5076,-9.4919,2.3792,3,5,0,,basis,Dy+3 ,inorganic_aq,
Ho+3,Ho+3,Ho+3,aq,SH88,,11/7/1997,HKF,cal,-161400,-169000,-54.3,-33.3,-41.6,-3.1198,-15.3992,11.8026,-2.1424,8.6686,-9.8178,2.3899,3,5,0,,basis,Ho+3 ,inorganic_aq,
Er+3,Er+3,Er+3,aq,SH88,,11/7/1997,HKF,cal,-159900,-168500,-58.3,-34.3,-43,-3.3041,-15.8492,11.9794,-2.1238,8.2815,-10.0215,2.4115,3,5,0,,basis,Er+3 ,inorganic_aq,
Tm+3,Tm+3,Tm+3,aq,SH88,,11/7/1997,HKF,cal,-159900,-168500,-58.1,-34.3,-43,-3.2967,-15.8312,11.9724,-2.1245,8.4826,-10.0215,2.4333,3,5,0,,basis,Tm+3 ,inorganic_aq,
Yb+3,Yb+3,Yb+3,aq,SH88,,11/7/1997,HKF,cal,-153000,-160300,-56.9,-36.4,-44.6,-3.4983,-16.3233,12.1658,-2.1042,7.3533,-10.4493,2.4443,3,5,0,,basis,Yb+3 ,inorganic_aq,
Lu+3,Lu+3,Lu+3,aq,SH88,,11/7/1997,HKF,cal,-159400,-167900,-63.1,-32,-45,-3.563,-16.4812,12.2279,-2.0977,9.565,-9.716,2.4554,3,5,0,,basis,Lu+3 ,inorganic_aq,
BO2-,BO2-,BO2-,aq,SH88,,11/6/1997,HKF,cal,-162240,-184600,-8.9,-41,-14.5,-2.2428,-6.2065,-6.3216,-2.5224,-1.6521,-11.3863,1.7595,-1,4,0,-1.0000 BO2- -1.0000 H+ -1.0000 H2O 1.0000 B(OH)3,,B+3 2O-2,inorganic_aq,
BF4-,BF4-,BF4-,aq,SH88,,2/16/1988,HKF,cal,-355400,-376400,43,-5.6,43,7.9796,11.7027,1.1504,-3.2628,11.8941,-4.1753,0.9779,-1,4,0,-1.0000 BF4- -3.0000 H2O 1.0000 B(OH)3 3.0000 H+ 4.0000 F-,,B+3 4F-,inorganic_aq,
SiF6-2,SiF6-2,SiF6-2,aq,SH88,,2/16/1988,HKF,cal,-525700,-571000,29.2,-47.1,42.6,8.5311,13.0492,0.6211,-3.3185,4.097,-12.6289,2.7716,-2,4,0,-1.0000 SiF6-2 -2.0000 H2O 1.0000 SiO2 4.0000 H+ 6.0000 F-,aux,Si+4 6F-,inorganic_aq,
S2-2,S2-2,S2-2,aq,SH88,,7/3/1987,HKF,cal,19000,7200,6.8,-65.1,20.2,5.5797,5.8426,3.4536,-3.0205,-3.3496,-16.2955,3.1083,-2,4,0,-1.0000 S2-2 -1.0000 H2O -3.5000 O2(g) 2.0000 SO4-2 2.0000 H+,aux,2S- ,inorganic_aq,
S3-2,S3-2,S3-2,aq,SH88,,7/3/1987,HKF,cal,17600,6200,15.8,-57.9,29.2,6.7661,8.7396,2.315,-3.1403,-0.3595,-14.8288,2.9749,-2,4,0,-1.0000 S3-2 1.0000 S2-2 1.0000 HS- 0.5000 O2(g) 1.0000 H+ -1.0000 H2O,aux,2S- S,inorganic_aq,
S4-2,S4-2,S4-2,aq,SH88,,7/3/1987,HKF,cal,16500,5500,24.7,-50.7,38.1,7.9381,11.6012,1.1902,-3.2586,2.6081,-13.3622,2.839,-2,4,0,-1.0000 S4-2 2.0000 S2-2 2.0000 H+ 0.5000 O2(g) -1.0000 H2O,aux,2S- 2S,inorganic_aq,
S5-2,S5-2,S5-2,aq,SH88,,7/3/1987,HKF,cal,15700,5100,33.6,-43.6,47,9.1107,14.4645,0.0649,-3.377,5.5361,-11.9159,2.7051,-2,4,0,-1.0000 S5-2 2.0000 S2-2 1.0000 HS- 3.0000 H+ 1.0000 O2(g) -2.0000 H2O,aux,2S- 3S,inorganic_aq,
HF2-,HF2-,HF2-,aq,SH88,,7/12/1987,HKF,cal,-138160,-155340,22.1,-33.2,22.1,5.2263,4.9797,3.7928,-2.9849,-1.3751,-9.7974,1.2934,-1,4,0,-1.0000 HF2- 1.0000 H+ 2.0000 F-,,2F- H+,inorganic_aq,
Br3-,Br3-,Br3-,aq,SH88,,7/12/1987,HKF,cal,-25590,-31170,51.5,5.6,51.5,9.0992,14.4364,0.0759,-3.3758,17.2705,-1.8939,0.849,-1,4,0,-1.0000 Br3- -1.0000 H2O 3.0000 Br- 2.0000 H+ 0.5000 O2(g),aux,2Br Br-,inorganic_aq,
I3-,I3-,I3-,aq,SH88,,7/12/1987,HKF,cal,-12300,-12300,57.2,13.1,57.2,9.85,16.2697,-0.6447,-3.4516,20.8712,-0.3661,0.7628,-1,4,0,-1.0000 I3- -1.0000 H2O 0.5000 O2(g) 2.0000 H+ 3.0000 I-,aux,2I I-,inorganic_aq,
Ag+2,Ag+2,Ag+2,aq,SH88,,2/16/1988,HKF,cal,64300,64200,-21,-5.3,-19.3,-0.4299,-8.831,9.221,-2.4139,15.2224,-4.1142,1.3201,2,4.5,0,-1.0000 Ag+2 -0.5000 H2O 0.2500 O2(g) 1.0000 Ag+ 1.0000 H+,aux,Ag+2 ,inorganic_aq,
Hg+2,Hg+2,Hg+2,aq,SH88,,7/1/1987,HKF,cal,39360,40670,-8.68,2.2,-19.6,-0.528,-9.0707,9.3152,-2.404,18.0613,-2.5865,1.1512,2,5,0,,basis,Hg+2 ,inorganic_aq,
Cu+2,Cu+2,Cu+2,aq,SH88,,11/7/1997,HKF,cal,15675,15700,-23.2,-5.7,-24.6,-1.1021,-10.4726,9.8662,-2.3461,20.3,-4.39,1.4769,2,6,0,,basis,Cu+2 ,inorganic_aq,
He,,He,aq,SHS89,,7/13/1987,HKF,cal,4658,-150,14.02,37.3,13,3.4722,0.6967,5.4762,-2.8078,26.0707,4.5634,-0.2123,0,3,0,,basis,He ,inorganic_aq,
H2,,H2,aq,SHS89,,7/13/1987,HKF,cal,4236,-1000,13.8,39.9,25.2,5.1427,4.7758,3.8729,-2.9764,27.6251,5.093,-0.209,0,3,-1,-1.0000 H2 -0.5000 O2(g) 1.0000 H2O,aux,2H,inorganic_aq,
O2,,O2,aq,SHS89,,6/26/1987,HKF,cal,3954,-2900,26.04,56,30.38,5.7889,6.3536,3.2528,-3.0417,35.353,8.3726,-0.3943,0,3,-1,-1.0000 O2 1.0000 O2(g),aux,2O,required,
NH3,,NH3,aq,SHS89,,7/13/1987,HKF,cal,-6383,-19440,25.77,15.63,24.43,5.0911,2.797,8.6248,-2.8946,20.3,-1.17,-0.05,0,3,0,-1.0000 NH3 1.0000 NH4+ -1.0000 H+,,N-3 3H+,inorganic_aq,
H2S,,H2S,aq,SHS89,,6/26/1987,HKF,cal,-6673,-9001,30,42.88,34.92,6.5097,6.7724,5.9646,-3.059,32.3,4.73,-0.1,0,3,0,-1.0000 H2S 1.0000 H+ 1.0000 HS-,aux,S-2 2H+,inorganic_aq,
B(OH)3,,B(OH)3,aq,SHS89,,7/13/1987,HKF,cal,-231540,-256820,37,12,39.22,7.0643,8.8547,3.5844,-3.1451,11.3568,-0.5902,-0.2,0,3,0,,basis,B+3 3H+ 3O-2,inorganic_aq,
SiO2,,SiO2,aq,SHS89,,1/13/1989,HKF,cal,-199190,-209775,18,-76.1,16.1,1.9,1.7,20,-2.7,29.1,-51.2,0.1291,0,3,0,,basis,Si+4 2O-2,inorganic_aq,
H3PO4,,H3PO4,aq,SHS89,,7/11/1987,HKF,cal,-273100,-307920,38,23.6,48.1,8.2727,12.4182,0.8691,-3.2924,17.9708,1.7727,-0.22,0,3,0,-1.0000 H3PO4 1.0000 HPO4-2 2.0000 H+,,P+5 3H+ 4O-2,inorganic_aq,
Ne,,Ne,aq,SHS89,,7/13/1987,HKF,cal,4565,-870,16.74,39.7,20.4,4.4709,3.1352,4.5177,-2.9086,27.0977,5.0523,-0.2535,0,3,0,,basis,Ne ,inorganic_aq,
Kr,,Kr,aq,SHS89,,7/13/1987,HKF,cal,3554,-3650,15.06,57.6,33.5,6.2721,7.5333,2.7891,-3.0904,37.8226,8.6985,-0.2281,0,3,0,,basis,Kr ,inorganic_aq,
Rn,,Rn,aq,SHS89,,7/13/1987,HKF,cal,2790,-5000,16,83,54.1,9.0862,14.4045,0.0884,-3.3745,52.5774,13.8725,-0.2423,0,3,0,,basis,Rn ,inorganic_aq,
N2,,N2,aq,SHS89,,2/7/1989,HKF,cal,4347,-2495,22.9,56,33.3,6.2046,7.3685,2.8539,-3.0836,35.7911,8.3726,-0.3468,0,3,0,-1.0000 N2 -2.5000 O2(g) -1.0000 H2O 2.0000 H+ 2.0000 NO3-,aux,2N ,inorganic_aq,
SO2,,SO2,aq,SHS89,,7/13/1987,HKF,cal,-71980,-77194,38.7,35.48,38.5,6.9502,9.189,2.1383,-3.1589,31.2101,6.4578,-0.2461,0,3,0,-1.0000 SO2 1.0000 SO3-2 2.0000 H+ -1.0000 H2O,,S+4 2O-2,inorganic_aq,
HF,,HF,aq,SHS89,,2/7/1989,HKF,cal,-71662,-76835,22.5,14,12.5,3.4753,0.7042,5.4732,-2.8081,14.3647,-0.1828,-0.0007,0,3,0,-1.0000 HF 1.0000 F- 1.0000 H+,,F- H+,inorganic_aq,
LaCl+2,,LaCl+2,aq,HSS95,,1/21/1998,HKF,cal,-195800,-206100,-25.7,-4.4,-16.7,0.0273,-7.7112,8.7724,-2.4601,16.8429,-3.9594,1.4477,2,4,0,-1.0000 LaCl+2 1.0000 La+3 1.0000 Cl-,,La+3 Cl-,inorganic_aq,
LaCl2+,,LaCl2+,aq,HSS95,,1/21/1998,HKF,cal,-226700,-244900,-9.6,-9.8,8.4,3.1785,-0.0177,5.7515,-2.7782,6.8244,-5.0483,0.7003,1,4,0,-1.0000 LaCl2+ 1.0000 La+3 2.0000 Cl-,,La+3 2Cl-,inorganic_aq,
LaCl3,,LaCl3,aq,HSS95,SLOP98.10,6/2/1998,HKF,cal,-257600,-286480,-3.3,-53.2,36.3,6.7243,8.6386,2.3517,-3.136,-25.3096,-13.8787,-0.03,0,4,0,-1.0000 LaCl3 1.0000 La+3 3.0000 Cl-,,La+3 3Cl-,inorganic_aq,
LaCl4-,,LaCl4-,aq,HSS95,,1/21/1998,HKF,cal,-288400,-331200,-7.8,-134.4,66.7,11.5517,20.427,-2.2839,-3.6234,-56.5845,-30.4508,1.7506,-1,4,0,-1.0000 LaCl4- 1.0000 La+3 4.0000 Cl-,,La+3 4Cl-,inorganic_aq,
LaF+2,,LaF+2,aq,HSS95,,1/21/1998,HKF,cal,-236600,-243400,-16.3,-0.3,-35.8,-2.6366,-14.2103,11.3144,-2.1914,17.9127,-3.1239,1.3029,2,4,0,-1.0000 LaF+2 1.0000 La+3 1.0000 F-,,La+3 F-,inorganic_aq,
LaF2+,,LaF2+,aq,HSS95,,1/21/1998,HKF,cal,-307800,-325200,-12,0,-32,-2.3404,-13.4887,11.0343,-2.2213,12.8261,-3.0531,0.7287,1,4,0,-1.0000 LaF2+ 1.0000 La+3 2.0000 F-,,La+3 2F-,inorganic_aq,
LaF3,,LaF3,aq,HSS95,,1/21/1998,HKF,cal,-377900,-410200,-22.3,-36.2,-27.8,-2.0506,-12.7816,10.7577,-2.2505,-15.3002,-10.3998,-0.03,0,4,0,-1.0000 LaF3 1.0000 La+3 3.0000 F-,,La+3 3F-,inorganic_aq,
LaF4-,,LaF4-,aq,HSS95,,1/21/1998,HKF,cal,-447500,-500100,-50.4,-108.4,-24.1,-0.6263,-9.306,9.3958,-2.3942,-35.5432,-25.1639,2.3834,-1,4,0,-1.0000 LaF4- 1.0000 La+3 4.0000 F-,,La+3 4F-,inorganic_aq,
LaOH+2,,LaOH+2,aq,HSS95,SLOP98.10,6/2/1998,HKF,cal,-208900,-217580,-6.6,-29.6,3.8,2.6766,-1.2486,6.246,-2.7273,-0.5065,-9.064,1.1586,2,4,0,-1.0000 LaOH+2 -1.0000 H+ 1.0000 La+3 1.0000 H2O,,La+3 O-2 H+,inorganic_aq,
LaO+,,LaO+,aq,HSS95,SLOP98.10,6/2/1998,HKF,cal,-195900,-199870,9.2,-71.2,6.4,2.7794,-0.9938,6.1373,-2.7378,-31.7836,-17.5379,0.41,1,4,0,-1.0000 LaO+ -2.0000 H+ 1.0000 La+3 1.0000 H2O,,La+3 O-2,inorganic_aq,
LaO2H,,LaO2H,aq,HSS95,,1/21/1998,HKF,cal,-239300,-249500,44,-124.2,22.7,4.8611,4.0853,4.1503,-2.9478,-66.8987,-28.334,-0.03,0,4,0,-1.0000 LaO2H -3.0000 H+ 1.0000 La+3 2.0000 H2O,,La+3 2O-2 H+,inorganic_aq,
LaO2-,,LaO2-,aq,HSS95,SLOP98.10,6/2/1998,HKF,cal,-221700,-234950,33.8,-104,20.1,4.8931,4.1637,4.1178,-2.951,-44.4914,-24.2193,1.1172,-1,4,0,-1.0000 LaO2- -4.0000 H+ 1.0000 La+3 2.0000 H2O,,La+3 2O-2,inorganic_aq,
LaNO3+2,,LaNO3+2,aq,HSS95,,1/21/1998,HKF,cal,-191300,-226000,-37.8,19.8,-5.6,1.6239,-3.8134,7.243,-2.6213,32.7363,0.9705,1.6332,2,4,0,-1.0000 LaNO3+2 1.0000 La+3 1.0000 NO3-,,La+3 N+5 3O-2,inorganic_aq,
LaHCO3+2,,LaHCO3+2,aq,HSS95,,1/21/1998,HKF,cal,-307000,-332900,-13.7,34.5,-9.9,0.8988,-5.5828,7.9358,-2.5481,38.0197,3.9723,1.2693,2,4,0,-1.0000 LaHCO3+2 1.0000 La+3 1.0000 HCO3-,,La+3 H+ C+4 3O-2,inorganic_aq,
LaH2PO4+2,,LaH2PO4+2,aq,HSS95,SLOP98.10,6/2/1998,HKF,cal,-437600,-482800,-30.2,37.3,-3.2,1.8993,-3.1434,6.9845,-2.649,41.8879,4.5243,1.5168,2,4,0,-1.0000 LaH2PO4+2 1.0000 La+3 1.0000 HPO4-2 1.0000 H+,,La+3 2H+ P+5 4O-2,inorganic_aq,
LaCO3+,,LaCO3+,aq,HSS95,SLOP98.10,6/2/1998,HKF,cal,-299900,-334810,-44.2,-64,-22.3,-0.8237,-9.7872,9.5838,-2.3743,-20.0908,-16.0917,1.2275,1,4,0,-1.0000 LaCO3+ 1.0000 La+3 1.0000 HCO3- -1.0000 H+,,La+3 C+4 3O-2,inorganic_aq,
LaSO4+,,LaSO4+,aq,HSS95,,1/21/1998,HKF,cal,-346900,-382600,-16,-58.9,-3.3,1.6077,-3.853,7.2584,-2.6197,-27.1374,-15.0529,0.7895,1,4,0,-1.0000 LaSO4+ 1.0000 La+3 1.0000 SO4-2,,La+3 S+6 4O-2,inorganic_aq,
CeBr+2,,CeBr+2,aq,HSS95,,1/21/1998,HKF,cal,-186988,-195709,-25.01,,,0.8072,-5.8045,8.0178,-2.5389,13.8428,-4.9716,1.4382,2,3,0,-1.0000 CeBr+2 1.0000 Ce+3 1.0000 Br-,,Ce+3 Br-,inorganic_aq,
CeCl+2,,CeCl+2,aq,HSS95,,1/21/1998,HKF,cal,-193400,-203800,-22.1,-7.5,-18,-0.1746,-8.1993,8.9525,-2.4399,14.478,-4.6011,1.3914,2,4,0,-1.0000 CeCl+2 1.0000 Ce+3 1.0000 Cl-,,Ce+3 Cl-,inorganic_aq,
CeCl2+,,CeCl2+,aq,HSS95,SLOP98.10,6/2/1998,HKF,cal,-224400,-242300,-5.1,-16,6.9,2.9511,-0.5763,5.9777,-2.7551,2.5793,-6.3002,0.6305,1,4,0,-1.0000 CeCl2+ 1.0000 Ce+3 2.0000 Cl-,,Ce+3 2Cl-,inorganic_aq,
CeCl3,,CeCl3,aq,HSS95,SLOP98.10,6/2/1998,HKF,cal,-255200,-283500,2.6,-63.6,34.7,6.4972,8.0855,2.5659,-3.1132,-31.3975,-15.9948,-0.03,0,4,0,-1.0000 CeCl3 1.0000 Ce+3 3.0000 Cl-,,Ce+3 3Cl-,inorganic_aq,
CeCl4-,,CeCl4-,aq,HSS95,SLOP98.10,6/2/1998,HKF,cal,-286100,-327600,0.3,-150.3,64.9,11.2558,19.7046,-2.0003,-3.5935,-67.0564,-33.6847,1.6238,-1,4,0,-1.0000 CeCl4- 1.0000 Ce+3 4.0000 Cl-,,Ce+3 4Cl-,inorganic_aq,
CeF+2,,CeF+2,aq,HSS95,,1/21/1998,HKF,cal,-234700,-242000,-14.3,-3.5,-37.1,-2.8281,-14.682,11.5084,-2.1719,15.8334,-3.7656,1.2776,2,4,0,-1.0000 CeF+2 1.0000 Ce+3 1.0000 F-,,Ce+3 F-,inorganic_aq,
CeF2+,,CeF2+,aq,HSS95,,1/21/1998,HKF,cal,-306200,-324100,-10.1,-6.2,-33.5,-2.5538,-14.0092,11.2373,-2.1998,8.9628,-4.3051,0.7003,1,4,0,-1.0000 CeF2+ 1.0000 Ce+3 2.0000 F-,,Ce+3 2F-,inorganic_aq,
CeF3,,CeF3,aq,HSS95,,1/21/1998,HKF,cal,-376600,-409300,-19.7,-46.5,-29.5,-2.2777,-13.3348,10.9718,-2.2276,-21.3883,-12.5158,-0.03,0,4,0,-1.0000 CeF3 1.0000 Ce+3 3.0000 F-,,Ce+3 3F-,inorganic_aq,
CeF4-,,CeF4-,aq,HSS95,,1/21/1998,HKF,cal,-446500,-498900,-46.1,-124.3,-25.9,-0.8995,-9.9693,9.6488,-2.3668,-45.3959,-28.3978,2.3239,-1,4,0,-1.0000 CeF4- 1.0000 Ce+3 4.0000 F-,,Ce+3 4F-,inorganic_aq,
CeOH+2,,CeOH+2,aq,HSS95,SLOP98.10,6/2/1998,HKF,cal,-206800,-215210,-2.7,-34.1,4.5,2.7525,-1.0606,6.1673,-2.7351,-3.684,-9.9807,1.1,2,4,0,-1.0000 CeOH+2 -1.0000 H+ 1.0000 Ce+3 1.0000 H2O,,Ce+3 O-2 H+,inorganic_aq,
CeO+,,CeO+,aq,HSS95,SLOP98.10,6/2/1998,HKF,cal,-195900,-199510,13.4,-76.1,7,2.8409,-0.843,6.0772,-2.7441,-35.2162,-18.5361,0.3491,1,4,0,-1.0000 CeO+ -2.0000 H+ 1.0000 Ce+3 1.0000 H2O,,Ce+3 O-2,inorganic_aq,
CeO2H,,CeO2H,aq,HSS95,,1/21/1998,HKF,cal,-239300,-249500,48.5,-134.6,23.8,5.0117,4.4582,3.9917,-2.9632,-72.9937,-30.4525,-0.03,0,4,0,-1.0000 CeO2H -3.0000 H+ 1.0000 Ce+3 2.0000 H2O,,Ce+3 2O-2 H+,inorganic_aq,
CeO2-,,CeO2-,aq,HSS95,SLOP98.10,6/2/1998,HKF,cal,-222100,-234820,38.6,-114.1,21.4,5.0465,4.5418,3.9626,-2.9667,-51.0768,-26.2767,1.0449,-1,4,0,-1.0000 CeO2- -4.0000 H+ 1.0000 Ce+3 2.0000 H2O,,Ce+3 2O-2,inorganic_aq,
CeNO3+2,,CeNO3+2,aq,HSS95,,6/2/1998,HKF,cal,-189900,-223200,-32.2,16.7,-6.9,1.412,-4.3253,7.4319,-2.6001,30.1006,0.3288,1.5475,2,4,0,-1.0000 CeNO3+2 1.0000 Ce+3 1.0000 NO3-,,Ce+3 N+5 3O-2,inorganic_aq,
CeHCO3+2,,CeHCO3+2,aq,HSS95,SLOP98.10,6/2/1998,HKF,cal,-304500,-330200,-9.5,31.4,-11.2,0.6941,-6.0823,8.1309,-2.5275,35.5792,3.3307,1.2048,2,4,0,-1.0000 CeHCO3+2 1.0000 Ce+3 1.0000 HCO3-,,Ce+3 H+ C+4 3O-2,inorganic_aq,
CeH2PO4+2,,CeH2PO4+2,aq,HSS95,SLOP98.10,6/2/1998,HKF,cal,-435100,-480100,-25.9,34.1,-4.5,1.693,-3.645,7.177,-2.6282,39.4058,3.8826,1.4477,2,4,0,-1.0000 CeH2PO4+2 1.0000 Ce+3 1.0000 HPO4-2 1.0000 H+,,Ce+3 2H+ P+5 4O-2,inorganic_aq,
CeCO3+,,CeCO3+,aq,HSS95,SLOP98.10,6/2/1998,HKF,cal,-297887,-332620,-40.6,-65.4,-22.8,-0.916,-10.0134,9.6736,-2.3649,-21.4145,-16.3769,1.1729,1,4,0,-1.0000 CeCO3+ 1.0000 Ce+3 1.0000 HCO3- -1.0000 H+,,Ce+3 C+4 3O-2,inorganic_aq,
CeSO4+,,CeSO4+,aq,HSS95,SLOP98.10,10/11/2007,HKF,cal,-344500,-380200,-12.6,-60.3,-3.8,1.522,-4.0622,7.3397,-2.611,-22.4285,-15.338,0.7384,1,4,0,-1.0000 CeSO4+ 1.0000 Ce+3 1.0000 SO4-2,,Ce+3 S+6 4O-2,inorganic_aq,
PrCl+2,,PrCl+2,aq,HSS95,,1/21/1998,HKF,cal,-194400,-205300,-23.3,-11.8,-20.6,-0.519,-9.0442,9.293,-2.405,12.1429,-5.4719,1.4099,2,4,0,-1.0000 PrCl+2 1.0000 Pr+3 1.0000 Cl-,,Pr+3 Cl-,inorganic_aq,
PrCl2+,,PrCl2+,aq,HSS95,,1/21/1998,HKF,cal,-225400,-243800,-6.6,-24.3,4.1,2.5689,-1.5094,6.3442,-2.7165,-2.0764,-7.9993,0.6557,1,4,0,-1.0000 PrCl2+ 1.0000 Pr+3 2.0000 Cl-,,Pr+3 2Cl-,inorganic_aq,
PrCl3,,PrCl3,aq,HSS95,SLOP98.10,6/2/1998,HKF,cal,-256300,-285200,0.6,-77.7,31.5,6.0618,7.0173,2.9974,-3.069,-39.6599,-18.8665,-0.03,0,4,0,-1.0000 PrCl3 1.0000 Pr+3 3.0000 Cl-,,Pr+3 3Cl-,inorganic_aq,
PrCl4-,,PrCl4-,aq,HSS95,,1/21/1998,HKF,cal,-287100,-329500,-2.4,-171.8,61.3,10.7857,18.5526,-1.5382,-3.5459,-79.2757,-38.0736,1.6681,-1,4,0,-1.0000 PrCl4- 1.0000 Pr+3 4.0000 Cl-,,Pr+3 4Cl-,inorganic_aq,
PrF+2,,PrF+2,aq,HSS95,,1/21/1998,HKF,cal,-235700,-243400,-15,-7.7,-39.7,-3.1759,-15.5305,11.8402,-2.1369,13.4052,-4.6364,1.286,2,4,0,-1.0000 PrF+2 1.0000 Pr+3 1.0000 F-,,Pr+3 F-,inorganic_aq,
PrF2+,,PrF2+,aq,HSS95,,1/21/1998,HKF,cal,-307300,-325600,-10.7,-14.5,-36.4,-2.9414,-14.9592,11.6187,-2.1605,4.1602,-6.0041,0.7096,1,4,0,-1.0000 PrF2+ 1.0000 Pr+3 2.0000 F-,,Pr+3 2F-,inorganic_aq,
PrF3,,PrF3,aq,HSS95,,1/21/1998,HKF,cal,-377800,-410800,-20.5,-60.6,-32.6,-2.713,-14.4032,11.4035,-2.1835,-29.6505,-15.3876,-0.03,0,4,0,-1.0000 PrF3 1.0000 Pr+3 3.0000 F-,,Pr+3 3F-,inorganic_aq,
PrF4-,,PrF4-,aq,HSS95,,1/21/1998,HKF,cal,-447700,-500700,-47.6,-145.8,-29.5,-1.378,-11.143,10.1215,-2.3182,-57.8444,-32.7867,2.3433,-1,4,0,-1.0000 PrF4- 1.0000 Pr+3 4.0000 F-,,Pr+3 4F-,inorganic_aq,
PrOH+2,,PrOH+2,aq,HSS95,SLOP98.10,6/2/1998,HKF,cal,-208000,-217110,-4,-32.6,4.3,2.7325,-1.1081,6.1822,-2.7331,-2.6058,-9.6751,1.1216,2,4,0,-1.0000 PrOH+2 -1.0000 H+ 1.0000 Pr+3 1.0000 H2O,,Pr+3 O-2 H+,inorganic_aq,
PrO+,,PrO+,aq,HSS95,SLOP98.10,6/2/1998,HKF,cal,-195700,-200040,12,-74.5,6.8,2.8201,-0.8945,6.0986,-2.7419,-34.0998,-18.2101,0.3685,1,4,0,-1.0000 PrO+ -2.0000 H+ 1.0000 Pr+3 1.0000 H2O,,Pr+3 O-2,inorganic_aq,
PrO2H,,PrO2H,aq,HSS95,,10/11/2007,HKF,cal,-239700,-250100,47,-131.2,23.5,4.9706,4.3537,4.0423,-2.9589,-71.0012,-29.7599,-0.03,0,4,0,-1.0000 PrO2H -3.0000 H+ 1.0000 Pr+3 2.0000 H2O,,Pr+3 2O-2 H+,inorganic_aq,
PrO2-,,PrO2-,aq,HSS95,SLOP98.10,6/2/1998,HKF,cal,-224700,-238210,37,-110.7,21,5,4.4265,4.0111,-2.9619,-48.8607,-25.5841,1.0691,-1,4,0,-1.0000 PrO2- -4.0000 H+ 1.0000 Pr+3 2.0000 H2O,,Pr+3 2O-2,inorganic_aq,
PrNO3+2,,PrNO3+2,aq,HSS95,,1/21/1998,HKF,cal,-190000,-224900,-34,12.4,-9.4,1.0684,-5.166,7.7658,-2.5653,27.7877,-0.5419,1.5684,2,4,0,-1.0000 PrNO3+2 1.0000 Pr+3 1.0000 NO3-,,Pr+3 N+5 3O-2,inorganic_aq,
PrHCO3+2,,PrHCO3+2,aq,HSS95,,1/21/1998,HKF,cal,-305500,-336800,-28.3,27.1,-13.8,0.4387,-6.7049,8.3735,-2.5017,35.6716,2.4598,1.4867,2,4,0,-1.0000 PrHCO3+2 1.0000 Pr+3 1.0000 HCO3-,,Pr+3 H+ C+4 3O-2,inorganic_aq,
PrH2PO4+2,,PrH2PO4+2,aq,HSS95,SLOP98.10,6/2/1998,HKF,cal,-436000,-481500,-27.3,29.8,-7.1,1.3489,-4.4844,7.5048,-2.5935,37.0786,3.0118,1.4671,2,4,0,-1.0000 PrH2PO4+2 1.0000 Pr+3 1.0000 HPO4-2 1.0000 H+,,Pr+3 2H+ P+5 4O-2,inorganic_aq,
PrCO3+,,PrCO3+,aq,HSS95,SLOP98.10,6/2/1998,HKF,cal,-299100,-334510,-41.8,-67.3,-23.9,-1.0523,-10.3427,9.7957,-2.3513,-22.3638,-16.7639,1.1907,1,4,0,-1.0000 PrCO3+ 1.0000 Pr+3 1.0000 HCO3- -1.0000 H+,,Pr+3 C+4 3O-2,inorganic_aq,
PrSO4+,,PrSO4+,aq,HSS95,SLOP98.10,10/11/2007,HKF,cal,-345500,-381500,-13.1,-62.2,-4.8,1.3885,-4.3882,7.4678,-2.5975,-23.4508,-15.7251,0.7483,1,4,0,-1.0000 PrSO4+ 1.0000 Pr+3 1.0000 SO4-2,,Pr+3 S+6 4O-2,inorganic_aq,
NdCl+2,,NdCl+2,aq,HSS95,,1/21/1998,HKF,cal,-192400,-203000,-22.7,-17.9,-21.7,-0.6746,-9.4228,9.439,-2.3894,8.4972,-6.7094,1.4006,2,4,0,-1.0000 NdCl+2 1.0000 Nd+3 1.0000 Cl-,,Nd+3 Cl-,inorganic_aq,
NdCl2+,,NdCl2+,aq,HSS95,,1/21/1998,HKF,cal,-223400,-241500,-5.9,-36.2,2.8,2.3933,-1.9354,6.5057,-2.6989,-9.179,-10.4138,0.6388,1,4,0,-1.0000 NdCl2+ 1.0000 Nd+3 2.0000 Cl-,,Nd+3 2Cl-,inorganic_aq,
NdCl3,,NdCl3,aq,HSS95,SLOP98.10,6/2/1998,HKF,cal,-254300,-282730,1.6,-97.8,30.1,5.8726,6.5582,3.1706,-3.05,-51.4009,-22.9475,-0.03,0,4,0,-1.0000 NdCl3 1.0000 Nd+3 3.0000 Cl-,,Nd+3 3Cl-,inorganic_aq,
NdCl4-,,NdCl4-,aq,HSS95,SLOP98.10,6/2/1998,HKF,cal,-285100,-327000,-1.1,-202.5,59.8,10.5672,18.0205,-1.3324,-3.5239,-97.4278,-44.3105,1.6455,-1,4,0,-1.0000 NdCl4- 1.0000 Nd+3 4.0000 Cl-,,Nd+3 4Cl-,inorganic_aq,
NdF+2,,NdF+2,aq,HSS95,,1/21/1998,HKF,cal,-233900,-241200,-14.6,-13.8,-40.8,-3.3312,-15.9098,11.9894,-2.1212,9.7675,-5.8738,1.2776,2,4,0,-1.0000 NdF+2 1.0000 Nd+3 1.0000 F-,,Nd+3 F-,inorganic_aq,
NdF2+,,NdF2+,aq,HSS95,,1/21/1998,HKF,cal,-305600,-323500,-10.4,-43,-43.8,-3.1113,-15.3752,11.7849,-2.1433,-2.7862,-8.4186,0.7096,1,4,0,-1.0000 NdF2+ 1.0000 Nd+3 2.0000 F-,,Nd+3 2F-,inorganic_aq,
NdF3,,NdF3,aq,HSS95,,1/21/1998,HKF,cal,-376100,-408900,-20.1,-80.7,-34,-2.9023,-14.862,11.5767,-2.1645,-41.3917,-19.4685,-0.03,0,4,0,-1.0000 NdF3 1.0000 Nd+3 3.0000 F-,,Nd+3 3F-,inorganic_aq,
NdF4-,,NdF4-,aq,HSS95,,1/21/1998,HKF,cal,-446100,-498700,-46.8,-176.4,-31,-1.5889,-11.6574,10.3228,-2.297,-75.7884,-39.0236,2.3433,-1,4,0,-1.0000 NdF4- 1.0000 Nd+3 4.0000 F-,,Nd+3 4F-,inorganic_aq,
NdOH+2,,NdOH+2,aq,HSS95,SLOP98.10,6/2/1998,HKF,cal,-206200,-214900,-3.3,-33.4,4.4,2.7413,-1.0874,6.1755,-2.7339,-3.2077,-9.8381,1.1072,2,4,0,-1.0000 NdOH+2 -1.0000 H+ 1.0000 Nd+3 1.0000 H2O,,Nd+3 O-2 H+,inorganic_aq,
NdO+,,NdO+,aq,HSS95,SLOP98.10,6/2/1998,HKF,cal,-194000,-197930,12.7,-75.3,6.9,2.8304,-0.8716,6.0955,-2.7429,-34.6589,-18.3731,0.3587,1,4,0,-1.0000 NdO+ -2.0000 H+ 1.0000 Nd+3 1.0000 H2O,,Nd+3 O-2,inorganic_aq,
NdO2H,,NdO2H,aq,HSS95,,1/21/1998,HKF,cal,-238000,-248000,47.8,-132.9,23.6,4.9843,4.3865,4.0304,-2.9602,-71.9974,-30.1062,-0.03,0,4,0,-1.0000 NdO2H -3.0000 H+ 1.0000 Nd+3 2.0000 H2O,,Nd+3 2O-2 H+,inorganic_aq,
NdO2-,,NdO2-,aq,HSS95,SLOP98.10,6/2/1998,HKF,cal,-223400,-236470,37.8,-112.4,21.2,5.0229,4.485,3.9825,-2.9643,-49.9788,-25.9304,1.0559,-1,4,0,-1.0000 NdO2- -4.0000 H+ 1.0000 Nd+3 2.0000 H2O,,Nd+3 2O-2,inorganic_aq,
NdNO3+2,,NdNO3+2,aq,HSS95,,1/21/1998,HKF,cal,-188185,-222586,-33.09,6.3,-10.6,0.9124,-5.5498,7.923,-2.5495,24.1306,-1.7794,1.5579,2,4,0,-1.0000 NdNO3+2 1.0000 Nd+3 1.0000 NO3-,,Nd+3 N+5 3O-2,inorganic_aq,
NdHCO3+2,,NdHCO3+2,aq,HSS95,,1/21/1998,HKF,cal,-303400,-329200,-10.2,21,-14.8,0.1936,-7.3045,8.6115,-2.4769,29.5859,1.2224,1.2126,2,4,0,-1.0000 NdHCO3+2 1.0000 Nd+3 1.0000 HCO3-,,Nd+3 H+ C+4 3O-2,inorganic_aq,
NdH2PO4+2,,NdH2PO4+2,aq,HSS95,SLOP98.10,6/2/1998,HKF,cal,-433891,-479076,-26.57,23.8,-8.2,1.1931,-4.8625,7.6492,-2.5779,33.4289,1.7743,1.4574,2,4,0,-1.0000 NdH2PO4+2 1.0000 Nd+3 1.0000 HPO4-2 1.0000 H+,,Nd+3 2H+ P+5 4O-2,inorganic_aq,
NdCO3+,,NdCO3+,aq,HSS95,SLOP98.10,6/2/1998,HKF,cal,-297300,-332330,-41.2,-70,-24.3,-1.1199,-10.5088,9.8634,-2.3445,-24.1105,-17.3139,1.1729,1,4,0,-1.0000 NdCO3+ 1.0000 Nd+3 1.0000 HCO3- -1.0000 H+,,Nd+3 C+4 3O-2,inorganic_aq,
NdSO4+,,NdSO4+,aq,HSS95,,1/21/1998,HKF,cal,-343500,-379100,-12.3,-65,-5.4,1.3167,-4.5634,7.5367,-2.5903,-25.1244,-16.2751,0.7484,1,4,0,-1.0000 NdSO4+ 1.0000 Nd+3 1.0000 SO4-2,,Nd+3 S+6 4O-2,inorganic_aq,
SmCl+2,,SmCl+2,aq,HSS95,,1/21/1998,HKF,cal,-190900,-201700,-24.1,-18.1,-20.5,-0.5006,-8.9988,9.2743,-2.4069,8.5369,-6.7552,1.4192,2,4,0,-1.0000 SmCl+2 1.0000 Sm+3 1.0000 Cl-,,Sm+3 Cl-,inorganic_aq,
SmCl2+,,SmCl2+,aq,HSS95,,1/21/1998,HKF,cal,-221800,-240300,-7.7,-36.6,4.2,2.5888,-1.4617,6.3276,-2.7185,-9.2005,-10.5032,0.6644,1,4,0,-1.0000 SmCl2+ 1.0000 Sm+3 2.0000 Cl-,,Sm+3 2Cl-,inorganic_aq,
SmCl3,,SmCl3,aq,HSS95,,1/21/1998,HKF,cal,-252700,-281700,-0.7,-98.5,31.6,6.0808,7.0673,2.9692,-3.0711,-51.8359,-23.0986,-0.03,0,4,0,-1.0000 SmCl3 1.0000 Sm+3 3.0000 Cl-,,Sm+3 3Cl-,inorganic_aq,
SmCl4-,,SmCl4-,aq,HSS95,,1/21/1998,HKF,cal,-283500,-326200,-4.3,-203.6,61.4,10.8148,18.6261,-1.5732,-3.5489,-97.6675,-44.5415,1.6917,-1,4,0,-1.0000 SmCl4- 1.0000 Sm+3 4.0000 Cl-,,Sm+3 4Cl-,inorganic_aq,
SmF+2,,SmF+2,aq,HSS95,,1/21/1998,HKF,cal,-232400,-239900,-15.4,-14,-39.6,-3.1578,-15.4843,11.8177,-2.1388,9.7908,-5.9197,1.2944,2,4,0,-1.0000 SmF+2 1.0000 Sm+3 1.0000 F-,,Sm+3 F-,inorganic_aq,
SmF2+,,SmF2+,aq,HSS95,,1/21/1998,HKF,cal,-304200,-322200,-11.2,-26.8,-36.2,-2.9212,-14.9061,11.5895,-2.1627,-2.9564,-8.508,0.7191,1,4,0,-1.0000 SmF2+ 1.0000 Sm+3 2.0000 F-,,Sm+3 2F-,inorganic_aq,
SmF3,,SmF3,aq,HSS95,,1/21/1998,HKF,cal,-374800,-407700,-21.2,-81.4,-32.5,-2.6941,-14.3529,11.3752,-2.1856,-41.8267,-19.6196,-0.03,0,4,0,-1.0000 SmF3 1.0000 Sm+3 3.0000 F-,,Sm+3 3F-,inorganic_aq,
SmF4-,,SmF4-,aq,HSS95,,1/21/1998,HKF,cal,-444800,-497700,-48.5,-177.6,-29.3,-1.3502,-11.0723,10.0878,-2.3212,-76.2703,-39.2546,2.3632,-1,4,0,-1.0000 SmF4- 1.0000 Sm+3 4.0000 F-,,Sm+3 4F-,inorganic_aq,
SmOH+2,,SmOH+2,aq,HSS95,SLOP98.10,6/2/1998,HKF,cal,-204900,-213970,-4.9,-31.6,4.1,2.7076,-1.1676,6.2027,-2.7306,-1.9523,-9.4714,1.1289,2,4,0,-1.0000 SmOH+2 -1.0000 H+ 1.0000 Sm+3 1.0000 H2O,,Sm+3 O-2 H+,inorganic_aq,
SmO+,,SmO+,aq,HSS95,SLOP98.10,6/2/1998,HKF,cal,-193300,-197630,11,-73.3,6.7,2.8115,-0.9157,6.1076,-2.741,-33.2571,-17.9657,0.3837,1,4,0,-1.0000 SmO+ -2.0000 H+ 1.0000 Sm+3 1.0000 H2O,,Sm+3 O-2,inorganic_aq,
SmO2H,,SmO2H,aq,HSS95,,10/11/2007,HKF,cal,-237100,-247700,45.9,-128.7,23.2,4.9296,4.2552,4.0768,-2.9548,-69.5359,-29.2507,-0.03,0,4,0,-1.0000 SmO2H -3.0000 H+ 1.0000 Sm+3 2.0000 H2O,,Sm+3 2O-2 H+,inorganic_aq,
SmO2-,,SmO2-,aq,HSS95,SLOP98.10,6/2/1998,HKF,cal,-224700,-238220,35.9,-108.4,20.7,4.9642,4.3393,4.0456,-2.9583,-47.3681,-25.1156,1.0848,-1,4,0,-1.0000 SmO2- -4.0000 H+ 1.0000 Sm+3 2.0000 H2O,,Sm+3 2O-2,inorganic_aq,
SmNO3+2,,SmNO3+2,aq,HSS95,,1/21/1998,HKF,cal,-186700,-221600,-35.4,6.1,-9.3,1.0908,-5.1124,7.7478,-2.5676,24.2912,-1.8252,1.5897,2,4,0,-1.0000 SmNO3+2 1.0000 Sm+3 1.0000 NO3-,,Sm+3 N+5 3O-2,inorganic_aq,
SmHCO3+2,,SmHCO3+2,aq,HSS95,,1/21/1998,HKF,cal,-301800,-327900,-11.9,20.8,-13.6,0.3694,-6.8727,8.4365,-2.4948,29.6747,1.1765,1.2366,2,4,0,-1.0000 SmHCO3+2 1.0000 Sm+3 1.0000 HCO3-,,Sm+3 H+ C+4 3O-2,inorganic_aq,
SmH2PO4+2,,SmH2PO4+2,aq,HSS95,SLOP98.10,6/2/1998,HKF,cal,-432300,-477800,-28.3,23.5,-7,1.3708,-4.4295,7.4801,-2.5958,33.5675,1.7285,1.4867,2,4,0,-1.0000 SmH2PO4+2 1.0000 Sm+3 1.0000 HPO4-2 1.0000 H+,,Sm+3 2H+ P+5 4O-2,inorganic_aq,
SmCO3+,,SmCO3+,aq,HSS95,SLOP98.10,6/2/1998,HKF,cal,-296000,-331340,-42.6,-70.1,-23.8,-1.0455,-10.3293,9.798,-2.3519,-24.0049,-17.3342,1.1907,1,4,0,-1.0000 SmCO3+ 1.0000 Sm+3 1.0000 HCO3- -1.0000 H+,,Sm+3 C+4 3O-2,inorganic_aq,
SmSO4+,,SmSO4+,aq,HSS95,,1/21/1998,HKF,cal,-342000,-377800,-13.3,-65,-16.4,-1.3885,-4.3882,7.4678,-2.5975,-25.0918,-16.2954,0.7483,1,4,0,-1.0000 SmSO4+ 1.0000 Sm+3 1.0000 SO4-2,,Sm+3 S+6 4O-2,inorganic_aq,
EuCl+2,,EuCl+2,aq,HSS95,,1/21/1998,HKF,cal,-169100,-181300,-26.9,-3,-19.7,-0.3777,-8.6968,9.1514,-2.4194,17.8123,-3.6844,1.4671,2,4,0,-1.0000 EuCl+2 1.0000 Eu+3 1.0000 Cl-,,Eu+3 Cl-,inorganic_aq,
EuCl2+,,EuCl2+,aq,HSS95,SLOP98.10,6/2/1998,HKF,cal,-200000,-220100,-11.1,-7.2,5,2.7262,-1.122,6.187,-2.7325,8.5409,-4.5117,0.7191,1,4,0,-1.0000 EuCl2+ 1.0000 Eu+3 2.0000 Cl-,,Eu+3 2Cl-,inorganic_aq,
EuCl3,,EuCl3,aq,HSS95,SLOP98.10,6/2/1998,HKF,cal,-230800,-261800,-5.3,-48.8,32.6,6.2132,7.3881,2.8493,-3.0843,-22.7003,-12.9719,-0.03,0,4,0,-1.0000 EuCl3 1.0000 Eu+3 3.0000 Cl-,,Eu+3 3Cl-,inorganic_aq,
EuCl4-,,EuCl4-,aq,HSS95,,1/21/1998,HKF,cal,-261600,-306800,-10.5,-127.6,62.5,10.9946,19.066,-1.7473,-3.5671,-52.2612,-29.0648,1.787,-1,4,0,-1.0000 EuCl4- 1.0000 Eu+3 4.0000 Cl-,,Eu+3 4Cl-,inorganic_aq,
EuF+2,,EuF+2,aq,HSS95,,1/21/1998,HKF,cal,-210700,-219200,-17,1,-38.8,-3.0453,-15.2112,11.7137,-2.1501,18.7828,-2.8489,1.3115,2,4,0,-1.0000 EuF+2 1.0000 Eu+3 1.0000 F-,,Eu+3 F-,inorganic_aq,
EuF2+,,EuF2+,aq,HSS95,,1/21/1998,HKF,cal,-282500,-301700,-12.7,2.6,-35.4,-2.7958,-14.6044,11.4813,-2.1752,14.4597,-2.5166,0.7384,1,4,0,-1.0000 EuF2+ 1.0000 Eu+3 2.0000 F-,,Eu+3 2F-,inorganic_aq,
EuF3,,EuF3,aq,HSS95,,1/21/1998,HKF,cal,-353200,-387300,-23.1,-31.7,-31.5,-2.5616,-14.0324,11.2555,-2.1988,-12.6911,-9.4929,-0.03,0,4,0,-1.0000 EuF3 1.0000 Eu+3 3.0000 F-,,Eu+3 3F-,inorganic_aq,
EuF4-,,EuF4-,aq,HSS95,,1/21/1998,HKF,cal,-423200,-477800,-51.8,-101.6,-28.3,-1.1887,-10.678,9.9326,-2.3375,-31.3648,-23.7779,2.4042,-1,4,0,-1.0000 EuF4- 1.0000 Eu+3 4.0000 F-,,Eu+3 4F-,inorganic_aq,
EuOH+2,,EuOH+2,aq,HSS95,SLOP98.10,6/2/1998,HKF,cal,-183200,-194000,-8,-28.1,3.6,2.6569,-1.2969,6.2659,-2.7253,0.5828,-8.7585,1.1815,2,4,0,-1.0000 EuOH+2 -1.0000 H+ 1.0000 Eu+3 1.0000 H2O,,Eu+3 O-2 H+,inorganic_aq,
EuO+,,EuO+,aq,HSS95,SLOP98.10,6/2/1998,HKF,cal,-171700,-177810,7.7,-69.6,6.1,2.7458,-1.0743,6.1663,-2.7345,-30.6415,-17.212,0.4322,1,4,0,-1.0000 EuO+ -2.0000 H+ 1.0000 Eu+3 1.0000 H2O,,Eu+3 O-2,inorganic_aq,
EuO2H,,EuO2H,aq,HSS95,,10/11/2007,HKF,cal,-216000,-228200,42.4,-120.8,22.3,4.8064,3.954,4.1968,-2.9424,-64.906,-27.6415,-0.03,0,4,0,-1.0000 EuO2H -3.0000 H+ 1.0000 Eu+3 2.0000 H2O,,Eu+3 2O-2 H+,inorganic_aq,
EuO2-,,EuO2-,aq,HSS95,SLOP98.10,6/2/1998,HKF,cal,-203600,-219060,32.1,-100.7,19.7,4.8468,4.0541,4.1548,-2.9465,-42.3249,-23.5471,1.1424,-1,4,0,-1.0000 EuO2- -4.0000 H+ 1.0000 Eu+3 2.0000 H2O,,Eu+3 2O-2,inorganic_aq,
EuNO3+2,,EuNO3+2,aq,HSS95,,1/21/1998,HKF,cal,-165000,-201800,-39.7,21.2,-8.6,1.2198,-4.7951,7.6178,-2.5807,33.733,1.2455,1.6556,2,4,0,-1.0000 EuNO3+2 1.0000 Eu+3 1.0000 NO3-,,Eu+3 N+5 3O-2,inorganic_aq,
EuHCO3+2,,EuHCO3+2,aq,HSS95,SLOP98.10,6/2/1998,HKF,cal,-279800,-307500,-15.2,35.9,-12.9,0.4928,-6.572,8.3198,-2.5072,38.9648,4.2473,1.286,2,4,0,-1.0000 EuHCO3+2 1.0000 Eu+3 1.0000 HCO3-,,Eu+3 H+ C+4 3O-2,inorganic_aq,
EuH2PO4+2,,EuH2PO4+2,aq,HSS95,SLOP98.10,6/2/1998,HKF,cal,-410500,-457600,-31.7,38.6,-6.2,1.4946,-4.1236,7.3517,-2.6084,42.8673,4.7993,1.5372,2,4,0,-1.0000 EuH2PO4+2 1.0000 Eu+3 1.0000 HPO4-2 1.0000 H+,,Eu+3 2H+ P+5 4O-2,inorganic_aq,
EuCO3+,,EuCO3+,aq,HSS95,SLOP98.10,6/2/1998,HKF,cal,-274300,-311270,-45.4,-63.4,-23.6,-0.9842,-10.1779,9.7343,-2.3581,-19.5642,-15.9695,1.2465,1,4,0,-1.0000 EuCO3+ 1.0000 Eu+3 1.0000 HCO3- -1.0000 H+,,Eu+3 C+4 3O-2,inorganic_aq,
EuSO4+,,EuSO4+,aq,HSS95,SLOP98.10,10/11/2007,HKF,cal,-320200,-357200,-15.3,-58.3,-4.5,1.4399,-4.2627,7.4184,-2.6027,-20.8829,-14.9306,0.779,1,4,0,-1.0000 EuSO4+ 1.0000 Eu+3 1.0000 SO4-2,,Eu+3 S+6 4O-2,inorganic_aq,
EuF+,,EuF+,aq,HSS95,SLOP98.10,6/2/1998,HKF,cal,-194600,-202200,1.7,47.4,24.2,2.6504,-1.311,6.2669,-2.7247,41.1681,7.448,0.5256,1,4,0,-1.0000 EuF+ 1.0000 Eu+2 1.0000 F-,,Eu+2 F-,inorganic_aq,
EuF2,,EuF2,aq,HSS95,SLOP98.10,6/2/1998,HKF,cal,-261000,-282200,-4.1,89.2,53.8,3.5866,0.9784,5.3596,-2.8193,63.8849,17.1229,-0.03,0,4,0,-1.0000 EuF2 1.0000 Eu+2 2.0000 F-,,Eu+2 2F-,inorganic_aq,
EuF3-,,EuF3-,aq,HSS95,,1/21/1998,HKF,cal,-327700,-365700,-20.5,131.5,86.4,5.5026,5.6556,3.5244,-3.0127,111.0055,27.2121,1.9339,-1,4,0,-1.0000 EuF3- 1.0000 Eu+2 3.0000 F-,,Eu+2 3F-,inorganic_aq,
EuF4-2,,EuF4-2,aq,HSS95,,1/21/1998,HKF,cal,-394600,-455700,-58.1,174.4,122.5,7.6287,10.8431,1.4936,-3.2272,161.1451,37.7158,4.0961,-2,4,0,-1.0000 EuF4-2 1.0000 Eu+2 4.0000 F-,,Eu+2 4F-,inorganic_aq,
EuCl+,,EuCl+,aq,HSS95,,1/21/1998,HKF,cal,-161000,-164000,19.5,51.5,5,5.1742,4.8499,3.8487,-2.9794,36.2777,6.6125,0.2557,1,4,0,-1.0000 EuCl+ 1.0000 Eu+2 1.0000 Cl-,,Eu+2 Cl-,inorganic_aq,
EuCl2,,EuCl2,aq,HSS95,,1/21/1998,HKF,cal,-193600,-204600,35,99,13.4,9.1152,14.474,0.0641,-3.3773,58.1447,15.1277,-0.03,0,4,0,-1.0000 EuCl2 1.0000 Eu+2 2.0000 Cl-,,Eu+2 2Cl-,inorganic_aq,
EuCl3-,,EuCl3-,aq,HSS95,,1/21/1998,HKF,cal,-226000,-246800,44.7,148.7,21.9,13.946,26.2721,-4.579,-3.865,91.9571,23.7331,0.9527,-1,4,0,-1.0000 EuCl3- 1.0000 Eu+2 3.0000 Cl-,,Eu+2 3Cl-,inorganic_aq,
EuCl4-2,,EuCl4-2,aq,HSS95,,1/21/1998,HKF,cal,-258500,-290600,48.6,200.5,31.5,19.473,39.7656,-9.8784,-4.4228,131.0045,32.4289,2.4755,-2,4,0,-1.0000 EuCl4-2 1.0000 Eu+2 4.0000 Cl-,,Eu+2 4Cl-,inorganic_aq,
GdCl+2,,GdCl+2,aq,HSS95,,1/21/1998,HKF,cal,-190400,-200600,-22.3,-1.5,-18.7,-0.263,-8.417,9.0425,-2.4309,18.1232,-3.3636,1.4006,2,4,0,-1.0000 GdCl+2 1.0000 Gd+3 1.0000 Cl-,,Gd+3 Cl-,inorganic_aq,
GdCl2+,,GdCl2+,aq,HSS95,,1/21/1998,HKF,cal,-221300,-239000,-5.4,-4.1,6.2,2.8492,-0.8272,6.0803,-2.7447,9.526,-3.8858,0.6305,1,4,0,-1.0000 GdCl2+ 1.0000 Gd+3 2.0000 Cl-,,Gd+3 2Cl-,inorganic_aq,
GdCl3,,GdCl3,aq,HSS95,SLOP98.10,6/2/1998,HKF,cal,-252100,-280170,2.2,-43.6,33.8,6.3836,7.8028,2.6888,-3.1015,-19.6565,-11.9138,-0.03,0,4,0,-1.0000 GdCl3 1.0000 Gd+3 3.0000 Cl-,,Gd+3 3Cl-,inorganic_aq,
GdCl4-,,GdCl4-,aq,HSS95,,1/21/1998,HKF,cal,-282900,-324300,-0.2,-119.7,63.9,11.1317,19.3995,-1.8761,-3.5809,-49.0467,-27.4478,1.631,-1,4,0,-1.0000 GdCl4- 1.0000 Gd+3 4.0000 Cl-,,Gd+3 4Cl-,inorganic_aq,
GdF+2,,GdF+2,aq,HSS95,,1/21/1998,HKF,cal,-232200,-239300,-14.4,2.6,-37.8,-2.9196,-14.9041,11.5935,-2.1628,19.3937,-2.5281,1.2776,2,4,0,-1.0000 GdF+2 1.0000 Gd+3 1.0000 F-,,Gd+3 F-,inorganic_aq,
GdF2+,,GdF2+,aq,HSS95,,1/21/1998,HKF,cal,-304100,-321800,-10.2,5.7,-34.3,-2.6526,-14.2557,11.3457,-2.1896,15.9952,-1.8906,0.7096,1,4,0,-1.0000 GdF2+ 1.0000 Gd+3 2.0000 F-,,Gd+3 2F-,inorganic_aq,
GdF3,,GdF3,aq,HSS95,,1/21/1998,HKF,cal,-374900,-407400,-19.9,-26.5,-30.3,-2.3913,-13.6174,11.0949,-2.216,-9.6471,-8.4349,-0.03,0,4,0,-1.0000 GdF3 1.0000 Gd+3 3.0000 F-,,Gd+3 3F-,inorganic_aq,
GdF4-,,GdF4-,aq,HSS95,,1/21/1998,HKF,cal,-445000,-497300,-46.4,-93.7,-26.8,-1.026,-10.2805,9.7756,-2.3539,-27.4519,-22.1609,2.3239,-1,4,0,-1.0000 GdF4- 1.0000 Gd+3 4.0000 F-,,Gd+3 4F-,inorganic_aq,
GdOH+2,,GdOH+2,aq,HSS95,SLOP98.10,6/2/1998,HKF,cal,-204500,-212900,-2.9,-33.8,4.4,2.7389,-1.0936,6.1786,-2.7337,-3.5082,-9.9196,1.1,2,4,0,-1.0000 GdOH+2 -1.0000 H+ 1.0000 Gd+3 1.0000 H2O,,Gd+3 O-2 H+,inorganic_aq,
GdO+,,GdO+,aq,HSS95,SLOP98.10,6/2/1998,HKF,cal,-193000,-196630,13.1,-75.8,7,2.8425,-0.8409,6.0801,-2.7441,-34.9963,-18.475,0.3539,1,4,0,-1.0000 GdO+ -2.0000 H+ 1.0000 Gd+3 1.0000 H2O,,Gd+3 O-2,inorganic_aq,
GdO2H,,GdO2H,aq,HSS95,,1/21/1998,HKF,cal,-237500,-247200,48.2,-133.9,23.8,5.0117,4.4582,3.9917,-2.9632,-72.5835,-30.3099,-0.03,0,4,0,-1.0000 GdO2H -3.0000 H+ 1.0000 Gd+3 2.0000 H2O,,Gd+3 2O-2 H+,inorganic_aq,
GdO2-,,GdO2-,aq,HSS95,SLOP98.10,6/2/1998,HKF,cal,-225000,-237730,38.3,-113.4,21.3,5.0344,4.5111,3.9769,-2.9654,-50.6235,-26.1341,1.0495,-1,4,0,-1.0000 GdO2- -4.0000 H+ 1.0000 Gd+3 2.0000 H2O,,Gd+3 2O-2,inorganic_aq,
GdNO3+2,,GdNO3+2,aq,HSS95,,1/21/1998,HKF,cal,-185700,-219800,-32.5,22.7,-7.5,1.3205,-4.5535,7.5323,-2.5907,33.6609,1.5663,1.5475,2,4,0,-1.0000 GdNO3+2 1.0000 Gd+3 1.0000 NO3-,,Gd+3 N+5 3O-2,inorganic_aq,
GdHCO3+2,,GdHCO3+2,aq,HSS95,,1/21/1998,HKF,cal,-301200,-326700,-9.7,37.4,-11.8,0.6026,-6.3043,8.2153,-2.5183,39.1396,4.5681,1.2048,2,4,0,-1.0000 GdHCO3+2 1.0000 Gd+3 1.0000 HCO3-,,Gd+3 H+ C+4 3O-2,inorganic_aq,
GdH2PO4+2,,GdH2PO4+2,aq,HSS95,SLOP98.10,6/2/1998,HKF,cal,-431800,-476600,-26.1,40.2,-5.2,1.6048,-3.8632,7.2686,-2.6192,43.0549,5.1201,1.4574,2,4,0,-1.0000 GdH2PO4+2 1.0000 Gd+3 1.0000 HPO4-2 1.0000 H+,,Gd+3 2H+ P+5 4O-2,inorganic_aq,
GdCO3+,,GdCO3+,aq,HSS95,SLOP98.10,6/2/1998,HKF,cal,-295500,-330220,-40.8,-62.7,-23.1,-0.953,-10.1036,9.7095,-2.3612,-19.8322,-15.8269,1.1729,1,4,0,-1.0000 GdCO3+ 1.0000 Gd+3 1.0000 HCO3- -1.0000 H+,,Gd+3 C+4 3O-2,inorganic_aq,
GdSO4+,,GdSO4+,aq,HSS95,SLOP98.10,10/11/2007,HKF,cal,-341500,-376800,-12,-57.6,-4.1,1.4776,-4.1705,7.3822,-2.6065,-20.936,-14.788,0.7287,1,4,0,-1.0000 GdSO4+ 1.0000 Gd+3 1.0000 SO4-2,,Gd+3 S+6 4O-2,inorganic_aq,
TbCl+2,,TbCl+2,aq,HSS95,,1/21/1998,HKF,cal,-191200,-203500,-28.1,-1.7,-18.5,-0.2034,-8.2736,8.9909,-2.4369,18.7845,-3.4094,1.4867,2,4,0,-1.0000 TbCl+2 1.0000 Tb+3 1.0000 Cl-,,Tb+3 Cl-,inorganic_aq,
TbCl2+,,TbCl2+,aq,HSS95,,1/21/1998,HKF,cal,-222200,-242400,-12.6,-4.5,6.4,2.9196,-0.6498,5.9993,-2.752,10.263,-3.9752,0.7384,1,4,0,-1.0000 TbCl2+ 1.0000 Tb+3 2.0000 Cl-,,Tb+3 2Cl-,inorganic_aq,
TbCl3,,TbCl3,aq,HSS95,,1/21/1998,HKF,cal,-253000,-284300,-7.2,-44.3,34.1,6.4214,7.8972,2.6479,-3.1054,-20.0913,-12.065,-0.03,0,4,0,-1.0000 TbCl3 1.0000 Tb+3 3.0000 Cl-,,Tb+3 3Cl-,inorganic_aq,
TbCl4-,,TbCl4-,aq,HSS95,,1/21/1998,HKF,cal,-283800,-329400,-13.2,-120.8,64.2,11.2397,19.6657,-1.9861,-3.5919,-47.9171,-27.6788,1.8257,-1,4,0,-1.0000 TbCl4- 1.0000 Tb+3 4.0000 Cl-,,Tb+3 4Cl-,inorganic_aq,
TbF+2,,TbF+2,aq,HSS95,,1/21/1998,HKF,cal,-233200,-241600,-17.6,2.4,-37.6,-2.8718,-14.7859,11.5438,-2.1677,19.7334,-2.5739,1.3288,2,4,0,-1.0000 TbF+2 1.0000 Tb+3 1.0000 F-,,Tb+3 F-,inorganic_aq,
TbF2+,,TbF2+,aq,HSS95,,1/21/1998,HKF,cal,-305300,-324300,-13.3,5.3,-34,-2.6056,-14.1355,11.2872,-2.1945,16.0944,-1.98,0.7483,1,4,0,-1.0000 TbF2+ 1.0000 Tb+3 2.0000 F-,,Tb+3 2F-,inorganic_aq,
TbF3,,TbF3,aq,HSS95,,1/21/1998,HKF,cal,-376100,-410200,-24,-27.3,-30,-2.3534,-13.5233,11.0536,-2.2198,-10.082,-8.586,-0.03,0,4,0,-1.0000 TbF3 1.0000 Tb+3 3.0000 F-,,Tb+3 3F-,inorganic_aq,
TbF4-,,TbF4-,aq,HSS95,,1/21/1998,HKF,cal,-446300,-500900,-53.2,-94.8,-26.6,-0.9496,-10.0938,9.7025,-2.3616,-27.1819,-22.3919,2.4254,-1,4,0,-1.0000 TbF4- 1.0000 Tb+3 4.0000 F-,,Tb+3 4F-,inorganic_aq,
TbOH+2,,TbOH+2,aq,HSS95,SLOP98.10,6/2/1998,HKF,cal,-205500,-216150,-9.3,-26.6,3.4,2.6348,-1.3451,6.272,-2.7233,1.6043,-8.4529,1.1969,2,4,0,-1.0000 TbOH+2 -1.0000 H+ 1.0000 Tb+3 1.0000 H2O,,Tb+3 O-2 H+,inorganic_aq,
TbO+,,TbO+,aq,HSS95,,1/21/1998,HKF,cal,-194100,-209000,6.3,-68,5.9,2.7263,-1.123,6.1877,-2.7325,-29.4895,-16.8861,0.4555,1,4,0,-1.0000 TbO+ -2.0000 H+ 1.0000 Tb+3 1.0000 H2O,,Tb+3 O-2,inorganic_aq,
TbO2H,,TbO2H,aq,HSS95,,1/21/1998,HKF,cal,-238700,-251000,40.9,-117.3,21.9,4.7517,3.8228,4.2425,-2.9369,-62.8548,-26.9285,-0.03,0,4,0,-1.0000 TbO2H -3.0000 H+ 1.0000 Tb+3 2.0000 H2O,,Tb+3 2O-2 H+,inorganic_aq,
TbO2-,,TbO2-,aq,HSS95,SLOP98.10,6/2/1998,HKF,cal,-226200,-241600,30.5,-97.4,19.3,4.8006,3.938,4.2071,-2.9417,-40.159,-22.8749,1.1676,-1,4,0,-1.0000 TbO2- -4.0000 H+ 1.0000 Tb+3 2.0000 H2O,,Tb+3 2O-2,inorganic_aq,
TbNO3+2,,TbNO3+2,aq,HSS95,,1/21/1998,HKF,cal,-186700,-223800,-41.6,22.5,-7.4,1.3991,-4.3601,7.4524,-2.5987,34.8389,1.5205,1.6897,2,4,0,-1.0000 TbNO3+2 1.0000 Tb+3 1.0000 NO3-,,Tb+3 N+5 3O-2,inorganic_aq,
TbHCO3+2,,TbHCO3+2,aq,HSS95,,1/21/1998,HKF,cal,-302100,-335300,-34.3,37.3,-11.7,0.7596,-5.9232,8.0699,-2.534,42.4558,4.5223,1.579,2,4,0,-1.0000 TbHCO3+2 1.0000 Tb+3 1.0000 HCO3-,,Tb+3 H+ C+4 3O-2,inorganic_aq,
TbH2PO4+2,,TbH2PO4+2,aq,HSS95,SLOP98.10,6/2/1998,HKF,cal,-432600,-479900,-33.1,40,-5,1.6693,-3.7077,7.2115,-2.6256,43.8497,5.0743,1.5579,2,4,0,-1.0000 TbH2PO4+2 1.0000 Tb+3 1.0000 HPO4-2 1.0000 H+,,Tb+3 2H+ P+5 4O-2,inorganic_aq,
TbCO3+,,TbCO3+,aq,HSS95,SLOP98.10,6/2/1998,HKF,cal,-296500,-333330,-46.7,-57.7,-4,1.5196,-4.0643,7.3324,-2.6109,-20.3354,-14.8084,0.8002,1,4,0,-1.0000 TbCO3+ 1.0000 Tb+3 1.0000 HCO3- -1.0000 H+,,Tb+3 C+4 3O-2,inorganic_aq,
TbSO4+,,TbSO4+,aq,HSS95,,1/21/1998,HKF,cal,-342400,-379600,-17.1,-57.7,-4,1.5192,-4.0691,7.3424,-2.6107,-20.2352,-14.8084,0.8111,1,4,0,-1.0000 TbSO4+ 1.0000 Tb+3 1.0000 SO4-2,,Tb+3 S+6 4O-2,inorganic_aq,
DyCl+2,,DyCl+2,aq,HSS95,,1/21/1998,HKF,cal,-190400,-203200,-29.5,8,-19.1,-0.2729,-8.441,9.0516,-2.4299,24.6385,-1.4386,1.5067,2,4,0,-1.0000 DyCl+2 1.0000 Dy+3 1.0000 Cl-,,Dy+3 Cl-,inorganic_aq,
DyCl2+,,DyCl2+,aq,HSS95,,1/21/1998,HKF,cal,-221400,-242200,-14.4,14.3,5.8,2.8449,-0.8347,6.077,-2.7444,21.6041,-0.13,0.7686,1,4,0,-1.0000 DyCl2+ 1.0000 Dy+3 2.0000 Cl-,,Dy+3 2Cl-,inorganic_aq,
DyCl3,,DyCl3,aq,HSS95,,1/21/1998,HKF,cal,-252200,-284200,-9.6,-12.4,33.4,6.3268,7.6646,2.7424,-3.0958,-1.3925,-5.5657,-0.03,0,4,0,-1.0000 DyCl3 1.0000 Dy+3 3.0000 Cl-,,Dy+3 3Cl-,inorganic_aq,
DyCl4-,,DyCl4-,aq,HSS95,,1/21/1998,HKF,cal,-283000,-329600,-16.4,-72,63.4,11.1518,19.4467,-1.8909,-3.5828,-18.8614,-17.746,1.8776,-1,4,0,-1.0000 DyCl4- 1.0000 Dy+3 4.0000 Cl-,,Dy+3 4Cl-,inorganic_aq,
DyF+2,,DyF+2,aq,HSS95,,1/21/1998,HKF,cal,-232400,-241100,-18.4,12.1,-38.1,-2.9451,-14.9683,11.6229,-2.1601,25.4842,-0.6031,1.3375,2,4,0,-1.0000 DyF+2 1.0000 Dy+3 1.0000 F-,,Dy+3 F-,inorganic_aq,
DyF2+,,DyF2+,aq,HSS95,,1/21/1998,HKF,cal,-304500,-323800,-14.1,24.1,-34.6,-2.6837,-14.3302,11.3726,-2.1865,27.3446,1.8651,0.7686,1,4,0,-1.0000 DyF2+ 1.0000 Dy+3 2.0000 F-,,Dy+3 2F-,inorganic_aq,
DyF3,,DyF3,aq,HSS95,,1/21/1998,HKF,cal,-375400,-409800,-25,4.6,-30.7,-2.4481,-13.7557,11.1483,-2.2102,8.6168,-2.0868,-0.03,0,4,0,-1.0000 DyF3 1.0000 Dy+3 3.0000 F-,,Dy+3 3F-,inorganic_aq,
DyF4-,,DyF4-,aq,HSS95,,1/21/1998,HKF,cal,-445600,-500800,-54.9,-46,-27.4,-1.0402,-10.3182,9.7972,-2.3523,1.7998,-12.4591,2.4692,-1,4,0,-1.0000 DyF4- 1.0000 Dy+3 4.0000 F-,,Dy+3 4F-,inorganic_aq,
DyOH+2,,DyOH+2,aq,HSS95,SLOP98.10,6/2/1998,HKF,cal,-204700,-215940,-10.9,-24.8,3.2,2.6154,-1.3941,6.295,-2.7213,2.8769,-8.0863,1.2206,2,4,0,-1.0000 DyOH+2 -1.0000 H+ 1.0000 Dy+3 1.0000 H2O,,Dy+3 O-2 H+,inorganic_aq,
DyO+,,DyO+,aq,HSS95,SLOP98.10,6/2/1998,HKF,cal,-193400,-200020,4.6,-66.1,5.6,2.6935,-1.2056,6.2255,-2.7291,-28.1511,-16.4991,0.4799,1,4,0,-1.0000 DyO+ -2.0000 H+ 1.0000 Dy+3 1.0000 H2O,,Dy+3 O-2,inorganic_aq,
DyO2H,,DyO2H,aq,HSS95,,1/21/1998,HKF,cal,-238200,-251100,39.1,-113.1,21.5,4.6969,3.6855,4.3051,-2.9313,-60.3933,-26.073,-0.03,0,4,0,-1.0000 DyO2H -3.0000 H+ 1.0000 Dy+3 2.0000 H2O,,Dy+3 2O-2 H+,inorganic_aq,
DyO2-,,DyO2-,aq,HSS95,SLOP98.10,6/2/1998,HKF,cal,-226400,-242480,28.6,-93.4,18.8,4.7414,3.7936,4.2636,-2.9357,-37.5629,-22.0601,1.1949,-1,4,0,-1.0000 DyO2- -4.0000 H+ 1.0000 Dy+3 2.0000 H2O,,Dy+3 2O-2,inorganic_aq,
DyNO3+2,,DyNO3+2,aq,HSS95,,1/21/1998,HKF,cal,-185400,-223200,-43.8,32.2,-7.9,1.3347,-4.5159,7.5104,-2.5922,40.8317,3.4913,1.7247,2,4,0,-1.0000 DyNO3+2 1.0000 Dy+3 1.0000 NO3-,,Dy+3 N+5 3O-2,inorganic_aq,
DyHCO3+2,,DyHCO3+2,aq,HSS95,SLOP98.10,6/2/1998,HKF,cal,-301300,-329700,-18.2,46.9,-12.2,0.6017,-6.3082,8.2207,-2.5181,45.9011,6.4931,1.3375,2,4,0,-1.0000 DyHCO3+2 1.0000 Dy+3 1.0000 HCO3-,,Dy+3 H+ C+4 3O-2,inorganic_aq,
DyH2PO4+2,,DyH2PO4+2,aq,HSS95,SLOP98.10,6/2/1998,HKF,cal,-431800,-479700,-34.8,49.6,-5.6,1.6038,-3.8668,7.2721,-2.619,49.8123,7.0451,1.5897,2,4,0,-1.0000 DyH2PO4+2 1.0000 Dy+3 1.0000 HPO4-2 1.0000 H+,,Dy+3 2H+ P+5 4O-2,inorganic_aq,
DyCO3+,,DyCO3+,aq,HSS95,SLOP98.10,6/2/1998,HKF,cal,-295800,-333160,-48.1,-58.5,-23.3,-0.934,-10.0536,9.6821,-2.3633,-16.3311,-14.9713,1.2858,1,4,0,-1.0000 DyCO3+ 1.0000 Dy+3 1.0000 HCO3- -1.0000 H+,,Dy+3 C+4 3O-2,inorganic_aq,
DySO4+,,DySO4+,aq,HSS95,,10/11/2007,HKF,cal,-341600,-379000,-17.9,-53.4,-4.3,1.4956,-4.1268,7.365,-2.6083,-17.6132,-13.9325,0.8222,1,4,0,-1.0000 DySO4+ 1.0000 Dy+3 1.0000 SO4-2,,Dy+3 S+6 4O-2,inorganic_aq,
HoCl+2,,HoCl+2,aq,HSS95,,1/21/1998,HKF,cal,-193100,-205600,-28.4,4.4,-20.1,-0.4168,-8.794,9.1934,-2.4154,22.345,-2.172,1.4867,2,4,0,-1.0000 HoCl+2 1.0000 Ho+3 1.0000 Cl-,,Ho+3 Cl-,inorganic_aq,
HoCl2+,,HoCl2+,aq,HSS95,,1/21/1998,HKF,cal,-224100,-244600,-13.1,7.3,4.6,2.6851,-1.2272,6.2371,-2.7282,17.3007,-1.5607,0.7483,1,4,0,-1.0000 HoCl2+ 1.0000 Ho+3 2.0000 Cl-,,Ho+3 2Cl-,inorganic_aq,
HoCl3,,HoCl3,aq,HSS95,,1/21/1998,HKF,cal,-254900,-286400,-7.8,-24.3,32.3,6.1565,7.2496,2.903,-3.0786,-8.35,-7.9841,-0.03,0,4,0,-1.0000 HoCl3 1.0000 Ho+3 3.0000 Cl-,,Ho+3 3Cl-,inorganic_aq,
HoCl4-,,HoCl4-,aq,HSS95,,1/21/1998,HKF,cal,-285700,-331700,-14,-90.2,62,10.9513,18.9611,-1.7081,-3.5628,-29.7863,-21.4419,1.846,-1,4,0,-1.0000 HoCl4- 1.0000 Ho+3 4.0000 Cl-,,Ho+3 4Cl-,inorganic_aq,
HoF+2,,HoF+2,aq,HSS95,,1/21/1998,HKF,cal,-235200,-243800,-17.8,8.5,-39.1,-3.0852,-15.3064,11.7462,-2.1461,23.2937,-1.3364,1.3288,2,4,0,-1.0000 HoF+2 1.0000 Ho+3 1.0000 F-,,Ho+3 F-,inorganic_aq,
HoF2+,,HoF2+,aq,HSS95,,1/21/1998,HKF,cal,-307400,-326500,-13.5,17.1,-35.8,-2.84,-14.707,11.5098,-2.1709,23.134,0.4343,0.7584,1,4,0,-1.0000 HoF2+ 1.0000 Ho+3 2.0000 F-,,Ho+3 2F-,inorganic_aq,
HoF3,,HoF3,aq,HSS95,,1/21/1998,HKF,cal,-378300,-412500,-24.2,-7.2,-32,-2.6184,-14.1706,11.309,-2.1931,1.6591,-4.5051,-0.03,0,4,0,-1.0000 HoF3 1.0000 Ho+3 3.0000 F-,,Ho+3 3F-,inorganic_aq,
HoF4-,,HoF4-,aq,HSS95,,1/21/1998,HKF,cal,-448500,-503400,-53.7,-64.2,-28.7,-1.2375,-10.7997,9.986,-2.3324,-9.0382,-16.155,2.4471,-1,4,0,-1.0000 HoF4- 1.0000 Ho+3 4.0000 F-,,Ho+3 4F-,inorganic_aq,
HoOH+2,,HoOH+2,aq,HSS95,SLOP98.10,6/2/1998,HKF,cal,-207500,-218400,-9.7,-26.2,3.4,2.6374,-1.3394,6.2715,-2.7235,1.9108,-8.3714,1.2048,2,4,0,-1.0000 HoOH+2 -1.0000 H+ 1.0000 Ho+3 1.0000 H2O,,Ho+3 O-2 H+,inorganic_aq,
HoO+,,HoO+,aq,HSS95,SLOP98.10,6/2/1998,HKF,cal,-196200,-202440,5.9,-67.5,5.8,2.7146,-1.1548,6.2077,-2.7312,-29.1412,-16.7843,0.4615,1,4,0,-1.0000 HoO+ -2.0000 H+ 1.0000 Ho+3 1.0000 H2O,,Ho+3 O-2,inorganic_aq,
HoO2H,,HoO2H,aq,HSS95,,1/21/1998,HKF,cal,-241300,-253800,40.5,-116.3,21.8,4.738,3.79,4.2544,-2.9356,-62.2688,-26.7248,-0.03,0,4,0,-1.0000 HoO2H -3.0000 H+ 1.0000 Ho+3 2.0000 H2O,,Ho+3 2O-2 H+,inorganic_aq,
HoO2-,,HoO2-,aq,HSS95,SLOP98.10,6/2/1998,HKF,cal,-229100,-244780,30,-96.4,19.2,4.7894,3.9112,4.216,-2.9406,-39.5064,-22.6712,1.1748,-1,4,0,-1.0000 HoO2- -4.0000 H+ 1.0000 Ho+3 2.0000 H2O,,Ho+3 2O-2,inorganic_aq,
HoNO3+2,,HoNO3+2,aq,HSS95,,1/21/1998,HKF,cal,-188200,-225600,-42.1,28.6,-8.9,1.1895,-4.8717,7.6537,-2.5775,38.506,2.7579,1.7013,2,4,0,-1.0000 HoNO3+2 1.0000 Ho+3 1.0000 NO3-,,Ho+3 N+5 3O-2,inorganic_aq,
HoHCO3+2,,HoHCO3+2,aq,HSS95,,1/21/1998,HKF,cal,-304000,-332100,-17,43.3,-13.2,0.4557,-6.662,8.3538,-2.5035,43.5512,5.7598,1.3115,2,4,0,-1.0000 HoHCO3+2 1.0000 Ho+3 1.0000 HCO3-,,Ho+3 H+ C+4 3O-2,inorganic_aq,
HoH2PO4+2,,HoH2PO4+2,aq,HSS95,SLOP98.10,6/2/1998,HKF,cal,-434600,-482100,-33.5,46,-6.6,1.4594,-4.2123,7.393,-2.6048,47.5067,6.3118,1.5684,2,4,0,-1.0000 HoH2PO4+2 1.0000 Ho+3 1.0000 HPO4-2 1.0000 H+,,Ho+3 2H+ P+5 4O-2,inorganic_aq,
HoCO3+,,HoCO3+,aq,HSS95,SLOP98.10,6/2/1998,HKF,cal,-298600,-335640,-47,-60.1,-23.7,-0.9954,-10.2047,9.7433,-2.357,-17.4516,-15.2972,1.2659,1,4,0,-1.0000 HoCO3+ 1.0000 Ho+3 1.0000 HCO3- -1.0000 H+,,Ho+3 C+4 3O-2,inorganic_aq,
HoSO4+,,HoSO4+,aq,HSS95,,10/11/2007,HKF,cal,-344200,-381500,-17,-55,-4.6,1.4371,-4.2696,7.4212,-2.6024,-18.6528,-14.2584,0.8111,1,4,0,-1.0000 HoSO4+ 1.0000 Ho+3 1.0000 SO4-2,,Ho+3 S+6 4O-2,inorganic_aq,
ErCl+2,,ErCl+2,aq,HSS95,,1/21/1998,HKF,cal,-191700,-205400,-33.2,2.1,-21.7,-0.6062,-9.2588,9.381,-2.3961,21.6825,-2.6303,1.5579,2,4,0,-1.0000 ErCl+2 1.0000 Er+3 1.0000 Cl-,,Er+3 Cl-,inorganic_aq,
ErCl2+,,ErCl2+,aq,HSS95,,1/21/1998,HKF,cal,-222600,-244700,-19,2.9,2.9,2.4799,-1.7255,6.427,-2.7076,15.6173,-2.455,0.8449,1,4,0,-1.0000 ErCl2+ 1.0000 Er+3 2.0000 Cl-,,Er+3 2Cl-,inorganic_aq,
ErCl3,,ErCl3,aq,HSS95,,1/21/1998,HKF,cal,-253400,-287100,-15.6,-31.7,30.2,5.8915,6.6023,3.158,-3.0518,-12.6987,-9.4955,-0.03,0,4,0,-1.0000 ErCl3 1.0000 Er+3 3.0000 Cl-,,Er+3 3Cl-,inorganic_aq,
ErCl4-,,ErCl4-,aq,HSS95,,1/21/1998,HKF,cal,-284200,-333200,-24.7,-101.5,59.8,10.7108,18.3744,-1.4789,-3.5385,-34.94,-23.7519,2.008,-1,4,0,-1.0000 ErCl4- 1.0000 Er+3 4.0000 Cl-,,Er+3 4Cl-,inorganic_aq,
ErF+2,,ErF+2,aq,HSS95,,1/21/1998,HKF,cal,-233700,-242900,-20.4,6.2,-40.7,-3.2867,-15.8018,11.9486,-2.1257,22.3012,-1.7948,1.3642,2,4,0,-1.0000 ErF+2 1.0000 Er+3 1.0000 F-,,Er+3 F-,inorganic_aq,
ErF2+,,ErF2+,aq,HSS95,,1/21/1998,HKF,cal,-305900,-325700,-16.1,12.7,-37.5,-3.0637,-15.2566,11.7333,-2.1482,20.9464,-0.4598,0.8002,1,4,0,-1.0000 ErF2+ 1.0000 Er+3 2.0000 F-,,Er+3 2F-,inorganic_aq,
ErF3,,ErF3,aq,HSS95,,1/21/1998,HKF,cal,-376800,-411900,-27.7,-14.6,-33.9,-2.8834,-14.8179,11.564,-2.1663,-2.6893,-6.0166,-0.03,0,4,0,-1.0000 ErF3 1.0000 Er+3 3.0000 F-,,Er+3 3F-,inorganic_aq,
ErF4-,,ErF4-,aq,HSS95,,1/21/1998,HKF,cal,-447100,-503500,-59.3,-75.5,-30.9,-1.5016,-11.4431,10.235,-2.3058,-14.8367,-18.465,2.539,-1,4,0,-1.0000 ErF4- 1.0000 Er+3 4.0000 F-,,Er+3 4F-,inorganic_aq,
ErOH+2,,ErOH+2,aq,HSS95,SLOP98.10,6/2/1998,HKF,cal,-206000,-218220,-14.6,-20.6,2.6,2.5526,-1.5478,6.3556,-2.7149,5.8637,-7.2307,1.2776,2,4,0,-1.0000 ErOH+2 -1.0000 H+ 1.0000 Er+3 1.0000 H2O,,Er+3 O-2 H+,inorganic_aq,
ErO+,,ErO+,aq,HSS95,SLOP98.10,6/2/1998,HKF,cal,-194800,-202490,0.6,-61.5,5,2.6315,-1.3551,6.2803,-2.7229,-24.9068,-15.5621,0.5394,1,4,0,-1.0000 ErO+ -2.0000 H+ 1.0000 Er+3 1.0000 H2O,,Er+3 O-2,inorganic_aq,
ErO2H,,ErO2H,aq,HSS95,,1/21/1998,HKF,cal,-240100,-254300,34.8,-103.4,20.4,4.5464,3.3186,4.4476,-2.9161,-54.7085,-24.0971,-0.03,0,4,0,-1.0000 ErO2H -3.0000 H+ 1.0000 Er+3 2.0000 H2O,,Er+3 2O-2 H+,inorganic_aq,
ErO2-,,ErO2-,aq,HSS95,SLOP98.10,6/2/1998,HKF,cal,-228800,-246130,24,-84,17.7,4.6152,3.4877,4.3792,-2.9231,-31.391,-20.1453,1.2669,-1,4,0,-1.0000 ErO2- -4.0000 H+ 1.0000 Er+3 2.0000 H2O,,Er+3 2O-2,inorganic_aq,
ErNO3+2,,ErNO3+2,aq,HSS95,,1/21/1998,HKF,cal,-186600,-226000,-49.7,26.4,-10.5,1.0128,-5.3011,7.8182,-2.5598,38.1891,2.2996,1.81,2,4,0,-1.0000 ErNO3+2 1.0000 Er+3 1.0000 NO3-,,Er+3 N+5 3O-2,inorganic_aq,
ErHCO3+2,,ErHCO3+2,aq,HSS95,,1/21/1998,HKF,cal,-302600,-332200,-22.6,41.1,-14.8,0.2724,-7.1116,8.5345,-2.4849,43.0537,5.3015,1.4006,2,4,0,-1.0000 ErHCO3+2 1.0000 Er+3 1.0000 HCO3-,,Er+3 H+ C+4 3O-2,inorganic_aq,
ErH2PO4+2,,ErH2PO4+2,aq,HSS95,SLOP98.10,6/2/1998,HKF,cal,-433100,-482200,-39.3,43.8,-8.2,1.2754,-4.66,7.5655,-2.5863,46.9907,5.8534,1.6556,2,4,0,-1.0000 ErH2PO4+2 1.0000 Er+3 1.0000 HPO4-2 1.0000 H+,,Er+3 2H+ P+5 4O-2,inorganic_aq,
ErCO3+,,ErCO3+,aq,HSS95,SLOP98.10,6/2/1998,HKF,cal,-297200,-335570,-51.9,-61.1,-24.3,-1.0539,-10.351,9.8086,-2.351,-17.2819,-15.5009,1.348,1,4,0,-1.0000 ErCO3+ 1.0000 Er+3 1.0000 HCO3- -1.0000 H+,,Er+3 C+4 3O-2,inorganic_aq,
ErSO4+,,ErSO4+,aq,HSS95,,1/21/1998,HKF,cal,-342700,-381048,-21.1,-56,-5.3,1.3743,-4.4228,7.4814,-2.5961,-18.7119,-14.4621,0.8683,1,4,0,-1.0000 ErSO4+ 1.0000 Er+3 1.0000 SO4-2,,Er+3 S+6 4O-2,inorganic_aq,
TmCl+2,,TmCl+2,aq,HSS95,,1/21/1998,HKF,cal,-191600,-205300,-33,2.1,-21.7,-0.6062,-9.2588,9.381,-2.3961,21.6825,-2.6303,1.5579,2,4,0,-1.0000 TmCl+2 1.0000 Tm+3 1.0000 Cl-,,Tm+3 Cl-,inorganic_aq,
TmCl2+,,TmCl2+,aq,HSS95,,1/21/1998,HKF,cal,-222600,-244600,-18.7,2.9,2.9,2.4761,-1.7342,6.4282,-2.7072,15.5119,-2.455,0.8334,1,4,0,-1.0000 TmCl2+ 1.0000 Tm+3 2.0000 Cl-,,Tm+3 2Cl-,inorganic_aq,
TmCl3,,TmCl3,aq,HSS95,,1/21/1998,HKF,cal,-253400,-287000,-15.3,-31.7,30.2,5.8915,6.6023,3.158,-3.0518,-12.6987,-9.4955,-0.03,0,4,0,-1.0000 TmCl3 1.0000 Tm+3 3.0000 Cl-,,Tm+3 3Cl-,inorganic_aq,
TmCl4-,,TmCl4-,aq,HSS95,,1/21/1998,HKF,cal,-284200,-333100,-24.2,-101.5,59.8,10.7064,18.361,-1.4676,-3.5379,-35.0588,-23.7519,1.9951,-1,4,0,-1.0000 TmCl4- 1.0000 Tm+3 4.0000 Cl-,,Tm+3 4Cl-,inorganic_aq,
TmF+2,,TmF+2,aq,HSS95,,1/21/1998,HKF,cal,-233800,-243000,-20.3,6.2,-40.7,-3.2867,-15.8018,11.9486,-2.1257,22.3012,-1.7948,1.3642,2,4,0,-1.0000 TmF+2 1.0000 Tm+3 1.0000 F-,,Tm+3 F-,inorganic_aq,
TmF2+,,TmF2+,aq,HSS95,,1/21/1998,HKF,cal,-306000,-325800,-16,12.7,-37.5,-3.0673,-15.2659,11.7377,-2.1478,20.8477,-0.4598,0.7895,1,4,0,-1.0000 TmF2+ 1.0000 Tm+3 2.0000 F-,,Tm+3 2F-,inorganic_aq,
TmF3,,TmF3,aq,HSS95,,1/21/1998,HKF,cal,-376900,-412000,-27.5,-14.6,-33.9,-2.8834,-14.8179,11.564,-2.1663,-2.6893,-6.0166,-0.03,0,4,0,-1.0000 TmF3 1.0000 Tm+3 3.0000 F-,,Tm+3 3F-,inorganic_aq,
TmF4-,,TmF4-,aq,HSS95,,1/21/1998,HKF,cal,-447200,-503600,-59,-75.5,-30.9,-1.5097,-11.4594,10.2349,-2.3052,-15.0561,-18.465,2.5152,-1,4,0,-1.0000 TmF4- 1.0000 Tm+3 4.0000 F-,,Tm+3 4F-,inorganic_aq,
TmOH+2,,TmOH+2,aq,HSS95,SLOP98.10,6/2/1998,HKF,cal,-206100,-218410,-14.7,-20.5,2.5,2.5389,-1.5805,6.3673,-2.7136,5.9225,-7.2104,1.2776,2,4,0,-1.0000 TmOH+2 -1.0000 H+ 1.0000 Tm+3 1.0000 H2O,,Tm+3 O-2 H+,inorganic_aq,
TmO+,,TmO+,aq,HSS95,SLOP98.10,6/2/1998,HKF,cal,-194900,-202680,0.5,-61.4,5,2.6339,-1.3489,6.2767,-2.7231,-24.7834,-15.5417,0.5464,1,4,0,-1.0000 TmO+ -2.0000 H+ 1.0000 Tm+3 1.0000 H2O,,Tm+3 O-2,inorganic_aq,
TmO2H,,TmO2H,aq,HSS95,,10/11/2007,HKF,cal,-240300,-254500,34.7,-103.1,20.4,4.5464,3.3186,4.4476,-2.9161,-54.5327,-24.036,-0.03,0,4,0,-1.0000 TmO2H -3.0000 H+ 1.0000 Tm+3 2.0000 H2O,,Tm+3 2O-2 H+,inorganic_aq,
TmO2-,,TmO2-,aq,HSS95,SLOP98.10,6/2/1998,HKF,cal,-228700,-246120,23.9,-83.7,17.7,4.6152,3.4877,4.3792,-2.9231,-31.2152,-20.0842,1.2669,-1,4,0,-1.0000 TmO2- -4.0000 H+ 1.0000 Tm+3 2.0000 H2O,,Tm+3 2O-2,inorganic_aq,
TmNO3+2,,TmNO3+2,aq,HSS95,,1/21/1998,HKF,cal,-186700,-226000,-49.3,26.4,-10.5,1.0128,-5.3011,7.8182,-2.5598,38.1891,2.2996,1.81,2,4,0,-1.0000 TmNO3+2 1.0000 Tm+3 1.0000 NO3-,,Tm+3 N+5 3O-2,inorganic_aq,
TmHCO3+2,,TmHCO3+2,aq,HSS95,,1/21/1998,HKF,cal,-302600,-332200,-22.4,41.1,-14.8,0.2724,-7.1116,8.5345,-2.4849,43.0537,5.3015,1.4006,2,4,0,-1.0000 TmHCO3+2 1.0000 Tm+3 1.0000 HCO3-,,Tm+3 H+ C+4 3O-2,inorganic_aq,
TmH2PO4+2,,TmH2PO4+2,aq,HSS95,SLOP98.10,6/2/1998,HKF,cal,-433100,-482200,-39.1,43.8,-8.2,1.2716,-4.6688,7.568,-2.5859,46.8875,5.8534,1.6444,2,4,0,-1.0000 TmH2PO4+2 1.0000 Tm+3 1.0000 HPO4-2 1.0000 H+,,Tm+3 2H+ P+5 4O-2,inorganic_aq,
TmCO3+,,TmCO3+,aq,HSS95,,1/21/1998,HKF,cal,-297300,-312700,-51.6,-61.1,-24.3,-1.0611,-10.3695,9.8181,-2.3502,-17.4772,-15.5009,1.3268,1,4,0,-1.0000 TmCO3+ 1.0000 Tm+3 1.0000 HCO3- -1.0000 H+,,Tm+3 C+4 3O-2,inorganic_aq,
TmSO4+,,TmSO4+,aq,HSS95,,10/11/2007,HKF,cal,-342700,-381120,-21.2,-56,-5.3,1.3743,-4.4228,7.4814,-2.5961,-18.7119,-14.4621,0.8683,1,4,0,-1.0000 TmSO4+ 1.0000 Tm+3 1.0000 SO4-2,,Tm+3 S+6 4O-2,inorganic_aq,
YbCl+2,,YbCl+2,aq,HSS95,,1/21/1998,HKF,cal,-184600,-196900,-31.5,-2.6,-23.3,-0.8419,-9.8331,9.6042,-2.3724,18.7222,-3.5928,1.5372,2,4,0,-1.0000 YbCl+2 1.0000 Yb+3 1.0000 Cl-,,Yb+3 Cl-,inorganic_aq,
YbCl2+,,YbCl2+,aq,HSS95,,1/21/1998,HKF,cal,-215400,-236000,-16.9,-6.3,1,2.2137,-2.3759,6.6832,-2.6807,9.9034,-4.3329,0.8111,1,4,0,-1.0000 YbCl2+ 1.0000 Yb+3 2.0000 Cl-,,Yb+3 2Cl-,inorganic_aq,
YbCl3,,YbCl3,aq,HSS95,,1/21/1998,HKF,cal,-246100,-278100,-12.9,-38.3,28.2,5.6076,5.9109,3.426,-3.0233,-12.8306,-12.6696,-0.03,0,4,0,-1.0000 YbCl3 1.0000 Yb+3 3.0000 Cl-,,Yb+3 3Cl-,inorganic_aq,
YbCl4-,,YbCl4-,aq,HSS95,,1/21/1998,HKF,cal,-276900,-323800,-21,-125.3,57.5,10.3734,17.5486,-1.1496,-3.5044,-49.4701,-28.6028,1.9457,-1,4,0,-1.0000 YbCl4- 1.0000 Yb+3 4.0000 Cl-,,Yb+3 4Cl-,inorganic_aq,
YbF+2,,YbF+2,aq,HSS95,,1/21/1998,HKF,cal,-226900,-234900,-19.5,1.5,-42.4,-3.5184,-16.3679,12.1716,-2.1023,19.4495,-2.7572,1.3552,2,4,0,-1.0000 YbF+2 1.0000 Yb+3 1.0000 F-,,Yb+3 F-,inorganic_aq,
YbF2+,,YbF2+,aq,HSS95,,1/21/1998,HKF,cal,-299100,-317700,-15.2,3.5,-39.4,-3.3257,-15.8931,11.9766,-2.1219,15.3476,-2.3377,0.779,1,4,0,-1.0000 YbF2+ 1.0000 Yb+3 2.0000 F-,,Yb+3 2F-,inorganic_aq,
YbF3,,YbF3,aq,HSS95,,1/21/1998,HKF,cal,-370100,-403900,-26.5,-30.2,-36,-3.1673,-15.5093,11.8317,-2.1377,-11.8214,-9.1906,-0.03,0,4,0,-1.0000 YbF3 1.0000 Yb+3 3.0000 F-,,Yb+3 3F-,inorganic_aq,
YbF4-,,YbF4-,aq,HSS95,,1/21/1998,HKF,cal,-440400,-495300,-57.3,-99.3,-33.2,-1.8339,-12.2511,10.5461,-2.2724,-29.2268,-23.3159,2.492,-1,4,0,-1.0000 YbF4- 1.0000 Yb+3 4.0000 F-,,Yb+3 4F-,inorganic_aq,
YbOH+2,,YbOH+2,aq,HSS95,SLOP98.10,6/2/1998,HKF,cal,-199300,-210120,-13.1,-22.3,2.8,2.5716,-1.504,6.3438,-2.7167,4.639,-7.577,1.2528,2,4,0,-1.0000 YbOH+2 -1.0000 H+ 1.0000 Yb+3 1.0000 H2O,,Yb+3 O-2 H+,inorganic_aq,
YbO+,,YbO+,aq,HSS95,SLOP98.10,10/11/2007,HKF,cal,-188200,-195780,-2.2,-63.3,5.3,2.6656,-1.2698,6.2422,-2.7264,-26.1516,-15.9287,0.5188,1,4,0,-1.0000 YbO+ -2.0000 H+ 1.0000 Yb+3 1.0000 H2O,,Yb+3 O-2,inorganic_aq,
YbO2H,,YbO2H,aq,HSS95,,10/11/2007,HKF,cal,-233800,-246500,36.5,-107.2,20.8,4.6011,3.456,4.3859,-2.9218,-56.9357,-24.8711,-0.03,0,4,0,-1.0000 YbO2H -3.0000 H+ 1.0000 Yb+3 2.0000 H2O,,Yb+3 2O-2 H+,inorganic_aq,
YbO2-,,YbO2-,aq,HSS95,SLOP98.10,6/2/1998,HKF,cal,-221800,-237646.19,25.8,-87.7,18.2,4.6743,3.6324,4.3212,-2.9291,-33.8142,-20.899,1.2392,-1,4,0,-1.0000 YbO2- -4.0000 H+ 1.0000 Yb+3 2.0000 H2O,,Yb+3 2O-2,inorganic_aq,
YbNO3+2,,YbNO3+2,aq,HSS95,,1/21/1998,HKF,cal,-179800,-217600,-47,21.6,-12.2,0.7716,-5.8922,8.0541,-2.5353,35.0774,1.3371,1.7728,2,4,0,-1.0000 YbNO3+2 1.0000 Yb+3 1.0000 NO3-,,Yb+3 N+5 3O-2,inorganic_aq,
YbHCO3+2,,YbHCO3+2,aq,HSS95,,1/21/1998,HKF,cal,-295792,-323900,-20.7,36.3,-16.5,0.0344,-7.6923,8.7622,-2.4609,40.0319,4.339,1.3732,2,4,0,-1.0000 YbHCO3+2 1.0000 Yb+3 1.0000 HCO3-,,Yb+3 H+ C+4 3O-2,inorganic_aq,
YbH2PO4+2,,YbH2PO4+2,aq,HSS95,SLOP98.10,6/2/1998,HKF,cal,-426300,-473900,-37.31,39.1,-9.8,1.0354,-5.248,7.801,-2.5619,43.9143,4.891,1.6222,2,4,0,-1.0000 YbH2PO4+2 1.0000 Yb+3 1.0000 HPO4-2 1.0000 H+,,Yb+3 2H+ P+5 4O-2,inorganic_aq,
YbCO3+,,YbCO3+,aq,HSS95,SLOP98.10,6/2/1998,HKF,cal,-290500,-327410,-50.2,-61.1,-24.3,-1.0611,-10.3695,9.8181,-2.3502,-17.4772,-15.5009,1.3268,1,4,0,-1.0000 YbCO3+ 1.0000 Yb+3 1.0000 HCO3- -1.0000 H+,,Yb+3 C+4 3O-2,inorganic_aq,
YbSO4+,,YbSO4+,aq,HSS95,SLOP98.10,10/11/2007,HKF,cal,-335800,-372900,-20.1,-58.1,-6,1.2745,-4.6665,7.5772,-2.586,-20.0516,-14.8899,0.8565,1,4,0,-1.0000 YbSO4+ 1.0000 Yb+3 1.0000 SO4-2,,Yb+3 S+6 4O-2,inorganic_aq,
LuCl+2,,LuCl+2,aq,HSS95,,1/21/1998,HKF,cal,-190700,-204600,-38.9,7.3,-23.9,-0.882,-9.9277,9.6353,-2.3685,25.5113,-1.5761,1.6444,2,4,0,-1.0000 LuCl+2 1.0000 Lu+3 1.0000 Cl-,,Lu+3 Cl-,inorganic_aq,
LuCl2+,,LuCl2+,aq,HSS95,,1/21/1998,HKF,cal,-221300,-244000,-26.2,13,0.4,2.1736,-2.4767,6.7285,-2.6765,22.4451,-0.3982,0.9437,1,4,0,-1.0000 LuCl2+ 1.0000 Lu+3 2.0000 Cl-,,Lu+3 2Cl-,inorganic_aq,
LuCl3,,LuCl3,aq,HSS95,,1/21/1998,HKF,cal,-251900,-286846,-25.1,-14.7,27.5,5.5129,5.6785,3.5203,-3.0136,-2.6969,-6.0192,-0.03,0,4,0,-1.0000 LuCl3 1.0000 Lu+3 3.0000 Cl-,,Lu+3 3Cl-,inorganic_aq,
LuCl4-,,LuCl4-,aq,HSS95,,1/21/1998,HKF,cal,-282500,-333800,-37.7,-75.4,56.7,10.3535,17.5009,-1.1323,-3.5024,-17.8947,-18.439,2.199,-1,4,0,-1.0000 LuCl4- 1.0000 Lu+3 4.0000 Cl-,,Lu+3 4Cl-,inorganic_aq,
LuF+2,,LuF+2,aq,HSS95,,1/21/1998,HKF,cal,-233300,-241900,-23.6,11.4,-43,-3.573,-16.4994,12.2192,-2.0968,25.8414,-0.7406,1.4192,2,4,0,-1.0000 LuF+2 1.0000 Lu+3 1.0000 F-,,Lu+3 F-,inorganic_aq,
LuF2+,,LuF2+,aq,HSS95,,1/21/1998,HKF,cal,-305600,-324800,-19.2,22.8,-40,-3.3883,-16.0473,12.0392,-2.1155,27.2751,1.5969,0.8449,1,4,0,-1.0000 LuF2+ 1.0000 Lu+3 2.0000 F-,,Lu+3 2F-,inorganic_aq,
LuF3,,LuF3,aq,HSS95,,1/21/1998,HKF,cal,-376563,-411300,-31.8,2.4,-36.7,-3.2619,-15.742,11.9264,-2.1281,7.3122,-2.5402,-0.03,0,4,0,-1.0000 LuF3 1.0000 Lu+3 3.0000 F-,,Lu+3 3F-,inorganic_aq,
LuF4-,,LuF4-,aq,HSS95,,1/21/1998,HKF,cal,-446900,-503800,-66.1,-49.4,-34,-1.8892,-12.387,10.6014,-2.2668,1.382,-13.1521,2.6403,-1,4,0,-1.0000 LuF4- 1.0000 Lu+3 4.0000 F-,,Lu+3 4F-,inorganic_aq,
LuOH+2,,LuOH+2,aq,HSS95,SLOP98.10,6/2/1998,HKF,cal,-205700,-218340,-21.3,-12.9,1.5,2.4374,-1.8325,6.4754,-2.7031,11.3407,-5.6622,1.3823,2,4,0,-1.0000 LuOH+2 -1.0000 H+ 1.0000 Lu+3 1.0000 H2O,,Lu+3 O-2 H+,inorganic_aq,
LuO+,,LuO+,aq,HSS95,SLOP98.10,6/2/1998,HKF,cal,-195200,-203450,-6.6,-53.3,3.8,2.5066,-1.6582,6.3957,-2.7104,-19.0294,-13.8917,0.6557,1,4,0,-1.0000 LuO+ -2.0000 H+ 1.0000 Lu+3 1.0000 H2O,,Lu+3 O-2,inorganic_aq,
LuO2H,,LuO2H,aq,HSS95,,1/21/1998,HKF,cal,-240200,-255100,27.1,-85.8,18.5,4.2864,2.6831,4.6987,-2.8898,-44.3938,-20.512,-0.03,0,4,0,-1.0000 LuO2H -3.0000 H+ 1.0000 Lu+3 2.0000 H2O,,Lu+3 2O-2 H+,inorganic_aq,
LuO2-,,LuO2-,aq,HSS95,SLOP98.10,6/2/1998,HKF,cal,-229200,-247400,15.8,-67,15.6,4.3695,2.8897,4.6099,-2.8984,-20.2927,-16.6824,1.3901,-1,4,0,-1.0000 LuO2- -4.0000 H+ 1.0000 Lu+3 2.0000 H2O,,Lu+3 2O-2,inorganic_aq,
LuNO3+2,,LuNO3+2,aq,HSS95,,1/21/1998,HKF,cal,-186700,-227300,-58.7,31.6,-12.8,0.7523,-5.9353,8.0622,-2.5335,42.431,3.3538,1.9413,2,4,0,-1.0000 LuNO3+2 1.0000 Lu+3 1.0000 NO3-,,Lu+3 N+5 3O-2,inorganic_aq,
LuHCO3+2,,LuHCO3+2,aq,HSS95,,1/21/1998,HKF,cal,-302300,-332400,-29.5,46.3,-17.1,0.0033,-7.7669,8.7884,-2.4578,47.0638,6.3556,1.5067,2,4,0,-1.0000 LuHCO3+2 1.0000 Lu+3 1.0000 HCO3-,,Lu+3 H+ C+4 3O-2,inorganic_aq,
LuH2PO4+2,,LuH2PO4+2,aq,HSS95,SLOP98.10,6/2/1998,HKF,cal,-432800,-482400,-46.3,49,-10.4,1.006,-5.3207,7.831,-2.5589,50.9918,6.9076,1.7607,2,4,0,-1.0000 LuH2PO4+2 1.0000 Lu+3 1.0000 HPO4-2 1.0000 H+,,Lu+3 2H+ P+5 4O-2,inorganic_aq,
LuCO3+,,LuCO3+,aq,HSS95,SLOP98.10,6/2/1998,HKF,cal,-296900,-335420,-57.7,-58.8,-25.3,-1.1546,-10.5926,9.8949,-2.341,-15.3205,-15.0324,1.4146,1,4,0,-1.0000 LuCO3+ 1.0000 Lu+3 1.0000 HCO3- -1.0000 H+,,Lu+3 C+4 3O-2,inorganic_aq,
LuSO4+,,LuSO4+,aq,HSS95,,10/11/2007,HKF,cal,-342200,-380630,-26.6,-53.7,-6.2,1.2811,-4.6503,7.5708,-2.5867,-16.5465,-13.9936,0.957,1,4,0,-1.0000 LuSO4+ 1.0000 Lu+3 1.0000 SO4-2,,Lu+3 S+6 4O-2,inorganic_aq,
MgSO4,MgSO4,MgSO4,aq,MS97,SLOP98.11,11/28/1994,HKF,cal,-289477,-327367,-13.5,,,1.9369,-3.0547,6.9554,-2.6526,-6.839,-7.4589,-0.03,0,3,0,-1.0000 MgSO4 1.0000 Mg+2 1.0000 SO4-2,,S+6 Mg+2 4O-2,inorganic_aq,
NaSO4-,NaSO4-,NaSO4-,aq,MS97,SLOP98.11,11/28/1994,HKF,cal,-241476,-273733,25.46,,,6.4638,8.0045,2.597,-3.1098,14.4928,-4.1182,1.2422,-1,4,0,-1.0000 NaSO4- 1.0000 Na+ 1.0000 SO4-2,,S+6 Na+ 4O-2,inorganic_aq,
UOH+2,U(OH)+2,U(OH)+2,aq,SSB97,,5/18/1994,HKF,cal,-161800,-167700,1.2,-38.6,5.1,2.8136,-0.9087,6.1004,-2.7413,-6.8963,-10.8973,1.0376,2,4,0,-1.0000 UOH+2 -1.0000 H+ 1.0000 U+3 1.0000 H2O,,U+3 H+ O-2,inorganic_aq,
UO+,UO+,UO+,aq,SSB97,,5/18/1994,HKF,cal,-152900,-153900,17.5,-80.8,7.7,2.9158,-0.6648,6.0168,-2.7514,-38.0715,-19.3305,0.2873,1,4,0,-1.0000 UO+ -2.0000 H+ 1.0000 U+3 1.0000 H2O,,U+3 O-2,inorganic_aq,
HUO2,HUO2,HUO2,aq,SSB97,,5/18/1994,HKF,cal,-198000,-205100,52.9,-144.6,24.9,5.1622,4.8252,3.8489,-2.9784,-78.8543,-32.4895,-0.03,0,4,0,-1.0000 HUO2 -3.0000 H+ 1.0000 U+3 2.0000 H2O,,U+3 H+ 2O-2,inorganic_aq,
UO2-,,UO2-,aq,SSB97,,10/11/2007,HKF,cal,-183700,-193600,43.3,-123.7,22.5,5.1728,4.8473,3.8491,-2.9793,-57.3622,-28.2322,0.9733,-1,4,0,-1.0000 UO2- -4.0000 H+ 1.0000 U+3 2.0000 H2O,,U+3 2O-2,inorganic_aq,
UOH+3,UOH+3,UOH+3,aq,SSB97,,5/18/1994,HKF,cal,-182600,-198400,-47.8,17.3,-2.8,2.1611,-2.5064,6.739,-2.6753,37.5484,0.4894,2.3058,3,4,0,-1.0000 UOH+3 -1.0000 H+ 1.0000 H2O 1.0000 U+4,,U+4 H+ O-2,inorganic_aq,
UO+2,UO+2,UO+2,aq,SSB97,,10/16/2007,HKF,cal,-180600,-192100,-33.4,-22.7,-0.4,2.2403,-2.3083,6.6513,-2.6835,7.3127,-7.6585,1.5684,2,4,0,-1.0000 UO+2 -2.0000 H+ 1.0000 H2O 1.0000 U+4,,U+4 O-2,inorganic_aq,
HUO2+,HUO2+,HUO2+,aq,SSB97,,5/18/1994,HKF,cal,-233200,-254800,-11.4,2,8.9,3.2291,0.1055,5.7039,-2.7833,14.0517,-2.6271,0.7287,1,4,0,-1.0000 HUO2+ -3.0000 H+ 2.0000 H2O 1.0000 U+4,,U+4 H+ 2O-2,inorganic_aq,
UO2,UO2,UO2,aq,SSB97,,3/28/1994,HKF,cal,-233800,-259700,-26,19.1,5.2,2.4664,-1.7587,6.4404,-2.7062,17.084,0.8561,-0.03,0,4,0,-1.0000 UO2 -4.0000 H+ 1.0000 U+4 2.0000 H2O,,U+4 2O-2,inorganic_aq,
HUO3-,HUO3-,HUO3-,aq,SSB97,,5/18/1994,HKF,cal,-274100,-321200,-41.3,70.2,4.8,3.1824,-0.0092,5.7491,-2.7785,68.04,11.2651,2.2503,-1,4,0,-1.0000 HUO3- -5.0000 H+ 3.0000 H2O 1.0000 U+4,,U+4 H+ 3O-2,inorganic_aq,
UO2OH,UO2OH,UO2OH,aq,SSB97,,5/18/1994,HKF,cal,-261600,-295900,-13.9,24.8,14.5,3.739,1.3467,5.2242,-2.8346,20.4246,2.0172,-0.03,0,4,0,-1.0000 UO2OH -1.0000 H+ 1.0000 UO2+ 1.0000 H2O,,U+5 3O-2 H+,inorganic_aq,
UO3-,UO3-,UO3-,aq,SSB97,,5/18/1994,HKF,cal,-236600,-272600,-19.5,6.7,12.6,4.1388,2.3272,4.8294,-2.8751,27.8024,-1.6697,1.9223,-1,4,0,-1.0000 UO3- -2.0000 H+ 1.0000 UO2+ 1.0000 H2O,,U+5 3O-2,inorganic_aq,
UO2OH+,UO2OH+,UO2OH+,aq,SSB97,,5/18/1994,HKF,cal,-277250,-301550,4.1,4.3,20.7,4.764,3.8529,4.2318,-2.9382,13.224,-2.1586,0.4925,1,4,0,-1.0000 UO2OH+ -1.0000 H+ 1.0000 UO2+2 1.0000 H2O,,U+6 3O-2 H+,inorganic_aq,
UO3,UO3(AQ),UO3,aq,SSB97,,5/18/1994,HKF,cal,-270300,-299600,-12.9,-0.8,14.8,3.7801,1.4512,5.1736,-2.8389,5.4213,-3.1975,-0.03,0,4,0,-1.0000 UO3 -2.0000 H+ 1.0000 UO2+2 1.0000 H2O,,U+6 3O-2,inorganic_aq,
HUO4-,HUO4-,HUO4-,aq,SSB97,,5/18/1994,HKF,cal,-314800,-362900,-20.2,22.1,18.4,4.9364,4.2748,4.0637,-2.9556,36.9351,1.4672,1.9339,-1,4,0,-1.0000 HUO4- -3.0000 H+ 1.0000 UO2+2 2.0000 H2O,,U+6 H+ 4O-2,inorganic_aq,
UO4-2,UO4-2,UO4-2,aq,SSB97,,5/18/1994,HKF,cal,-296000,-346200,-27.1,-44.4,15.4,5.0964,4.6606,3.9223,-2.9716,13.513,-12.0788,3.6219,-2,4,0,-1.0000 UO4-2 -4.0000 H+ 1.0000 UO2+2 2.0000 H2O,,U+6 4O-2,inorganic_aq,
NaCl,NaCl,NaCl,aq,SSH97,,9/16/1997,HKF,cal,-92910,-96160,28,8.5,24,5.0364,4.5189,3.9669,-2.9658,10.798,-1.3031,-0.038,0,3,0,-1.0000 NaCl 1.0000 Cl- 1.0000 Na+,,Na+ Cl-,inorganic_aq,
PbCl+,PbCl+,PbCl+,aq,SSH97,,9/16/1997,HKF,cal,-39050,-38630,28,4.9,8.53,2.9756,-0.513,5.9446,-2.7577,10.2182,-2.0364,0.1281,1,4,0,-1.0000 PbCl+ 1.0000 Cl- 1.0000 Pb+2,,Pb+2 Cl-,inorganic_aq,
PbCl2,PbCl2,PbCl2,aq,SSH97,,9/16/1997,HKF,cal,-71200,-77700,47,2,35.74,6.6429,8.4416,2.4251,-3.1279,6.9886,-2.6272,-0.038,0,4,0,-1.0000 PbCl2 1.0000 Pb+2 2.0000 Cl-,,Pb+2 2Cl-,inorganic_aq,
PbCl3-,PbCl3-,PbCl3-,aq,SSH97,,9/16/1997,HKF,cal,-102150,-117700,59,-11.9,66.07,11.0547,19.2141,-1.8089,-3.5733,5.9698,-5.4586,0.7356,-1,4,0,-1.0000 PbCl3- 1.0000 Pb+2 3.0000 Cl-,,Pb+2 3Cl-,inorganic_aq,
NiCl+,NiCl+,NiCl+,aq,SSH97,,9/16/1997,HKF,cal,-40920,-51400,-17,8.1,-6.63,1.1319,-5.0147,7.714,-2.5716,18.3863,-1.3846,0.8111,1,4,0,-1.0000 NiCl+ 1.0000 Cl- 1.0000 Ni+2,,Ni+2 Cl-,inorganic_aq,
FeCl+,FeCl+,FeCl+,aq,SSH97,,9/18/1997,HKF,cal,-53030,-61260,-10.06,20.6,1.06,2.1468,-2.5367,6.7401,-2.6741,24.6912,1.1617,0.7003,1,4,0,-1.0000 FeCl+ 1.0000 Cl- 1.0000 Fe+2,,Fe+2 Cl-,inorganic_aq,
MgCl+,MgCl+,MgCl+,aq,SSH97,,9/18/1997,HKF,cal,-139700,-150933,-19,25,1.26,2.223,-2.3505,6.6669,-2.6818,28.6016,2.058,0.8449,1,4,0,-1.0000 MgCl+ 1.0000 Cl- 1.0000 Mg+2,,Mg+2 Cl-,inorganic_aq,
MgF+,MgF+,MgF+,aq,SSH97,,9/18/1997,HKF,cal,-177690,-190950,-28.07,39.1,-17.47,-0.2975,-8.5049,9.0858,-2.4274,38.0239,4.9301,0.9706,1,4,0,-1.0000 MgF+ 1.0000 F- 1.0000 Mg+2,,Mg+2 F-,inorganic_aq,
CaF+,CaF+,CaF+,aq,SSH97,,9/18/1997,HKF,cal,-200390,-208600,-9,30.1,-13.46,0.1568,-7.3958,8.6499,-2.4732,30.1743,3.0968,0.6911,1,4,0,-1.0000 CaF+ 1.0000 Ca+2 1.0000 F-,,Ca+2 F-,inorganic_aq,
KSO4-,KSO4-,KSO4-,aq,SSH97,,9/18/1997,HKF,cal,-246640,-276980,35,-10.9,27.8,5.9408,6.7274,3.0989,-3.0571,9.9089,-5.2549,1.0996,-1,4,0,-1.0000 KSO4- 1.0000 K+ 1.0000 SO4-2,,S+6 K+ 4O-2,inorganic_aq,
CaSO4,CaSO4,CaSO4,aq,SSH97,,9/18/1997,HKF,cal,-312930,-345900,5,-25,4.7,2.4079,-1.8992,6.4895,-2.7004,-8.4942,-8.1271,-0.001,0,4,0,-1.0000 CaSO4 1.0000 Ca+2 1.0000 SO4-2,,S+6 Ca+2 4O-2,inorganic_aq,
HSiO3-,HSiO3-,HSiO3-,aq,SSH97,,9/18/1997,HKF,cal,-242801,-273872,5,-21,5,2.9735,-0.5158,5.9467,-2.7575,8.1489,-7.3123,1.5511,-1,4,0,-1.0000 HSiO3- -1.0000 H+ 1.0000 H2O 1.0000 SiO2,,Si+4 H+ 3O-2,inorganic_aq,
LiCl,LiCl,LiCl,aq,SSH97,,9/18/1997,HKF,cal,-99250,-105680,13.14,20.3,28,5.5837,5.8554,3.4416,-3.021,17.7136,1.1006,-0.038,0,4,0,-1.0000 LiCl 1.0000 Cl- 1.0000 Li+,,Li+ Cl-,inorganic_aq,
KCl,KCl,KCl,aq,SSH97,,9/18/1997,HKF,cal,-95430,-95390,42.25,-8.3,38.3,6.9932,9.297,2.0889,-3.1633,0.9522,-4.7253,-0.038,0,4,0,-1.0000 KCl 1.0000 Cl- 1.0000 K+,,K+ Cl-,inorganic_aq,
RbCl,RbCl,RbCl,aq,SSH97,,9/18/1997,HKF,cal,-97870,-96800,48.56,-20,41.6,7.4542,10.4227,1.6465,-3.2098,-5.6468,-7.1086,-0.01,0,4,0,-1.0000 RbCl 1.0000 Cl- 1.0000 Rb+,,Rb+ Cl-,inorganic_aq,
CsCl,CsCl,CsCl,aq,SSH97,,9/18/1997,HKF,cal,-100900,-100950,52.58,-24,48,8.401,12.7344,0.7379,-3.3054,-6.0563,-7.9234,0.2,0,4,0,-1.0000 CsCl 1.0000 Cl- 1.0000 Cs+,,Cs+ Cl-,inorganic_aq,
RbF,RbF,RbF,aq,SSH97,,9/18/1997,HKF,cal,-136450,-139710,31.6,-16,19,4.3647,2.8788,4.6115,-2.898,-3.2196,-6.2938,-0.001,0,4,0,-1.0000 RbF 1.0000 F- 1.0000 Rb+,,Rb+ F-,inorganic_aq,
NaBr,NaBr,NaBr,aq,SSH97,,9/18/1997,HKF,cal,-85610,-84830,34.1,7.97,32.04,6.1257,7.1789,2.9214,-3.0757,10.1926,-1.4111,-0.07,0,4,0,-1.0000 NaBr 1.0000 Br- 1.0000 Na+,,Br- Na+,inorganic_aq,
KBr,KBr,KBr,aq,SSH97,,9/18/1997,HKF,cal,-90010,-86320,47.5,-7.97,46,8.058,11.897,1.067,-3.2708,1.4496,-4.658,-0.005,0,4,0,-1.0000 KBr 1.0000 Br- 1.0000 K+,,Br- K+,inorganic_aq,
RbBr,RbBr,RbBr,aq,SSH97,,9/18/1997,HKF,cal,-91010,-85730,54.2,-19.19,49,8.4668,12.8952,0.6747,-3.312,-5.172,-6.9436,-0.01,0,4,0,-1.0000 RbBr 1.0000 Br- 1.0000 Rb+,,Rb+ Br-,inorganic_aq,
CsBr,CsBr,CsBr,aq,SSH97,,9/18/1997,HKF,cal,-94610,-88490,57.3,-26.57,57,9.5646,15.5757,-0.3789,-3.4228,-9.4143,-8.4469,-0.001,0,4,0,-1.0000 CsBr 1.0000 Br- 1.0000 Cs+,,Cs+ Br-,inorganic_aq,
NaI,NaI,NaI,aq,SSH97,,1991-01-00,HKF,cal,-72900,-69101,37.7,10.14,43,7.6488,10.8979,1.4597,-3.2295,12.1001,-0.969,-0.001,0,4,0,-1.0000 NaI 1.0000 I- 1.0000 Na+,,I- Na+,inorganic_aq,
KI,KI,KI,aq,SSH97,,9/18/1997,HKF,cal,-77740,-71829,49.2,-5.8,59,9.8369,16.2406,-0.6402,-3.4503,2.7214,-4.216,-0.005,0,4,0,-1.0000 KI 1.0000 I- 1.0000 K+,,I- K+,inorganic_aq,
RbI,RbI,RbI,aq,SSH97,,9/18/1997,HKF,cal,-78900,-71720,56.3,-17.02,64,10.5225,17.9145,-1.2982,-3.5195,-3.8174,-6.5015,-0.001,0,4,0,-1.0000 RbI 1.0000 I- 1.0000 Rb+,,Rb+ I-,inorganic_aq,
CsI,CsI,CsI,aq,SSH97,,9/18/1997,HKF,cal,-83460,-77820,60.3,-24.4,72,11.6513,20.6709,-2.3815,-3.6335,-7.212,-8.0048,0.1,0,4,0,-1.0000 CsI 1.0000 Cs+ 1.0000 I-,,Cs+ I-,inorganic_aq,
Ag(CO3)-,Ag(CO3)-,Ag(CO3)-,aq,SSH97,,9/29/1997,HKF,cal,-111430,-142490,0,-10.2,-0.42,2.2588,-2.2632,6.6326,-2.6854,15.2147,-5.1123,1.631,-1,4,0,-1.0000 Ag(CO3)- -1.0000 H+ 1.0000 HCO3- 1.0000 Ag+,,Ag+ C+4 3O-2,inorganic_aq,
Ag(CO3)2-3,Ag(CO3)2-3,Ag(CO3)2-3,aq,SSH97,,9/29/1997,HKF,cal,-236890,-304200,-19,-28.3,1.64,3.7128,1.2872,5.2371,-2.8322,36.5589,-8.7993,5.0992,-3,4,0,-1.0000 Ag(CO3)2-3 -2.0000 H+ 2.0000 HCO3- 1.0000 Ag+,,Ag+ 2C+4 6O-2,inorganic_aq,
MgCO3,MgCO3,MgCO3,aq,SSH97,,10/1/1997,HKF,cal,-238760,-270570,-24,-27.4,-18.18,-0.7355,-9.5745,9.5062,-2.3831,-10.2416,-8.6159,-0.038,0,4,0,-1.0000 MgCO3 1.0000 HCO3- 1.0000 Mg+2 -1.0000 H+,,C+4 Mg+2 3O-2,inorganic_aq,
CaCO3,CaCO3,CaCO3,aq,SSH97,,10/2/1997,HKF,cal,-262850,-287390,2.5,-29.6,-15.66,-0.3907,-8.7325,9.1753,-2.4179,-11.5309,-9.0641,-0.038,0,4,0,-1.0000 CaCO3 -1.0000 H+ 1.0000 Ca+2 1.0000 HCO3-,,C+4 Ca+2 3O-2,inorganic_aq,
SrCO3,SrCO3,SrCO3,aq,SSH97,,10/2/1997,HKF,cal,-264860,-288620,8.5,-32.1,-15.24,-0.3332,-8.5922,9.1201,-2.4237,-12.9961,-9.5733,-0.038,0,4,0,-1.0000 SrCO3 1.0000 HCO3- 1.0000 Sr+2 -1.0000 H+,,Sr+2 C+4 3O-2,inorganic_aq,
BaCO3,BaCO3,BaCO3,aq,SSH97,,10/2/1997,HKF,cal,-263830,-285850,16,-34.4,-11.81,0.1361,-7.4461,8.6697,-2.4711,-14.344,-10.0418,-0.038,0,4,0,-1.0000 BaCO3 -1.0000 H+ 1.0000 HCO3- 1.0000 Ba+2,,Ba+2 C+4 3O-2,inorganic_aq,
NaHSiO3,NaHSiO3,NaHSiO3,aq,SSH97,,10/2/1997,HKF,cal,-307890,-333894,10,24.61,12.72,3.4928,0.75,5.4483,-2.81,20.2395,1.9785,-0.038,0,4,0,-1.0000 NaHSiO3 -1.0000 H+ 1.0000 H2O 1.0000 Na+ 1.0000 SiO2,,Si+4 Na+ H+ 3O-2,inorganic_aq,
KHSO4,KHSO4,KHSO4,aq,SSH97,,10/2/1997,HKF,cal,-243400,-267400,55,57.72,53.77,9.1226,14.4964,0.0453,-3.3782,39.9849,8.723,-0.001,0,4,0,-1.0000 KHSO4 1.0000 H+ 1.0000 K+ 1.0000 SO4-2,,S+6 K+ H+ 4O-2,inorganic_aq,
SrF+,SrF+,SrF+,aq,SSH97,,10/2/1997,HKF,cal,-202290,-210670,-6.2,16.11,-12.79,0.2336,-7.2081,8.5761,-2.481,21.5706,0.2471,0.6472,1,4,0,-1.0000 SrF+ 1.0000 F- 1.0000 Sr+2,,Sr+2 F-,inorganic_aq,
BaF+,BaF+,BaF+,aq,SSH97,,10/9/1997,HKF,cal,-201807,-206931,6.38,10.71,-7,0.916,-5.542,7.9213,-2.5498,16.7731,-0.8065,0.4555,1,4,0,-1.0000 BaF+ 1.0000 Ba+2 1.0000 F-,,Ba+2 F-,inorganic_aq,
CaCl+,CaCl+,CaCl+,aq,SSH97,,10/2/1997,HKF,cal,-163100,-168607,4.5,17.47,5.74,2.7148,-1.1497,6.1949,-2.7314,20.8839,0.5241,0.4862,1,4,0,-1.0000 CaCl+ 1.0000 Ca+2 1.0000 Cl-,,Ca+2 Cl-,inorganic_aq,
CaCl2,CaCl2,CaCl2,aq,SSH97,,10/2/1997,HKF,cal,-194000,-211060,6,30.96,32.64,6.2187,7.4058,2.8322,-3.0851,23.961,3.272,-0.038,0,4,0,-1.0000 CaCl2 1.0000 Ca+2 2.0000 Cl-,,Ca+2 2Cl-,inorganic_aq,
SrCl+,SrCl+,SrCl+,aq,SSH97,,10/2/1997,HKF,cal,-165800,-169790,11,11.84,6.41,2.7719,-1.0104,6.1402,-2.7372,16.6402,-0.6227,0.3837,1,4,0,-1.0000 SrCl+ 1.0000 Cl- 1.0000 Sr+2,,Sr+2 Cl-,inorganic_aq,
BaCl+,BaCl+,BaCl+,aq,SSH97,,10/2/1997,HKF,cal,-164730,-165323,24,6.67,11.87,3.4534,0.6537,5.4861,-2.806,11.8213,-1.6759,0.1895,1,4,0,-1.0000 BaCl+ 1.0000 Ba+2 1.0000 Cl-,,Ba+2 Cl-,inorganic_aq,
FeCl2,FeCl2,FeCl2,aq,SSH97,,10/2/1997,HKF,cal,-73480,-78490,43,29.2,27.43,5.5057,5.665,3.5164,-3.0131,22.9295,2.9135,-0.038,0,4,0,-1.0000 FeCl2 1.0000 Fe+2 2.0000 Cl-,,Fe+2 2Cl-,inorganic_aq,
MnCl+,MnCl+,MnCl+,aq,SSH97,,10/2/1997,HKF,cal,-86290,-88280,12,25.12,6.74,2.8119,-0.9126,6.1017,-2.7412,24.2838,2.0824,0.3686,1,4,0,-1.0000 MnCl+ 1.0000 Cl- 1.0000 Mn+2,,Mn+2 Cl-,inorganic_aq,
PbCl4-2,PbCl4-2,PbCl4-2,aq,SSH97,,10/2/1997,HKF,cal,-133177,-159209,66,-35.18,99.86,16.1777,31.723,-6.7255,-4.0904,5.9335,-10.2007,2.2126,-2,4,0,-1.0000 PbCl4-2 1.0000 Pb+2 4.0000 Cl-,,Pb+2 4Cl-,inorganic_aq,
AgCl4-3,AgCl4-3,AgCl4-3,aq,SSH97,,10/2/1997,HKF,cal,-112280,-150616,35,16.09,122.97,20.0386,41.1504,-10.4309,-4.4801,55.0238,0.243,4.2796,-3,4,0,-1.0000 AgCl4-3 1.0000 Ag+ 4.0000 Cl-,,Ag+ 4Cl-,inorganic_aq,
AgNO3,AgNO3,AgNO3,aq,SSH97,,10/2/1997,HKF,cal,-7738,-23320,49,31.28,36.64,6.766,8.7423,2.3069,-3.1404,24.1485,3.3372,-0.038,0,4,0,-1.0000 AgNO3 1.0000 Ag+ 1.0000 NO3-,,Ag+ N+5 3O-2,inorganic_aq,
MnSO4,MnSO4,MnSO4,aq,SSH97,,10/2/1997,HKF,cal,-235640,-266750,5,-20.6,2.8,2.1354,-2.5645,6.751,-2.6729,-6.2564,-7.2308,-0.038,0,4,0,-1.0000 MnSO4 1.0000 Mn+2 1.0000 SO4-2,,Mn+2 S+6 4O-2,inorganic_aq,
FeF+,FeF+,FeF+,aq,SSH97,,10/9/1997,HKF,cal,-91157,-101452,-20.92,20.84,-18.14,-0.4234,-8.8124,9.2067,-2.4146,26.3785,1.2102,0.8683,1,3,0,-1.0000 FeF+ 1.0000 F- 1.0000 Fe+2,,Fe+2 F-,inorganic_aq,
FeF+2,FeF+2,FeF+2,aq,SSH97,,10/9/1997,HKF,cal,-79645,-87141,-25.7,7.64,-41.54,-3.4294,-16.152,12.0915,-2.1112,23.9805,-1.4787,1.4477,2,3,0,-1.0000 FeF+2 1.0000 Fe+3 1.0000 F-,,Fe+3 F-,inorganic_aq,
MgHSiO3+,Mg(HSiO3)+,Mg(HSiO3)+,aq,SSH97,,10/9/1997,HKF,cal,-353025,-385700,-23.78,37.82,-10.57,0.6289,-6.2428,8.1967,-2.5209,36.7882,4.6702,0.9177,1,4,0,-1.0000 MgHSiO3+ -1.0000 H+ 1.0000 Mg+2 1.0000 H2O 1.0000 SiO2,,Si+4 H+ Mg+2 3O-2,inorganic_aq,
CaHSiO3+,Ca(HSiO3)+,Ca(HSiO3)+,aq,SSH97,,10/9/1997,HKF,cal,-376299,-403109,-1.99,32.87,-6.56,1.0647,-5.1787,7.7785,-2.5649,30.8048,3.6619,0.5831,1,4,0,-1.0000 CaHSiO3+ -1.0000 H+ 1.0000 Ca+2 1.0000 H2O 1.0000 SiO2,,Si+4 Ca+2 H+ 3O-2,inorganic_aq,
ClO4-,ClO4-,ClO4-,aq,SSWS97,SH88.1,11/7/1997,HKF,cal,-2040,-30910,43.5,-6,44.2,8.1411,15.5654,-7.8077,-3.4224,16.45,-6.57,0.9699,-1,3.5,0,-1.0000 ClO4- 1.0000 Cl- 2.0000 O2(g),aux,Cl+7 4O-2,inorganic_aq,
CrO4-2,CrO4-2,CrO4-2,aq,SSWS97,,11/7/1997,HKF,cal,-174800,-210930,13.8,-62.6,19.8,5.4891,5.6223,3.5382,-3.0113,-2.8608,-15.7861,3.0024,-2,4,0,,basis,Cr+6 4O-2,inorganic_aq,
HCrO4-,HCrO4-,HCrO4-,aq,SSWS97,,11/7/1997,HKF,cal,-183700,-210000,46.6,1.5,44.9,8.2211,12.2925,0.9174,-3.2871,15.5492,-2.729,0.923,-1,4,0,-1.0000 HCrO4- 1.0000 CrO4-2 1.0000 H+,,Cr+6 H+ 4O-2,inorganic_aq,
MnO4-,MnO4-,MnO4-,aq,SSWS97,,11/7/1997,HKF,cal,-107600,-129900,46.5,-1.8,42,7.8248,11.3277,1.2912,-3.2472,13.6317,-3.4012,0.9248,-1,4,0,-1.0000 MnO4- -3.0000 H+ 1.0000 Mn+2 1.2500 O2(g) 1.5000 H2O,aux,Mn+7 4O-2,inorganic_aq,
Cr2O7-2,Cr2O7-2,Cr2O7-2,aq,SSWS97,,11/7/1997,HKF,cal,-312970,-355370,72,-29.1,72.7,12.4303,22.568,-3.1161,-3.7119,8.658,-8.9622,2.1216,-2,4,0,-1.0000 Cr2O7-2 -1.0000 H2O 2.0000 CrO4-2 2.0000 H+,,2Cr+6 7O-2,inorganic_aq,
MoO4-2,MoO4-2,MoO4-2,aq,SSWS97,,11/7/1997,HKF,cal,-200400,-238300,9,-47.5,30.4,6.9651,2.7095,18.6617,-2.8909,6.6829,-12.7102,3.0777,-2,4.5,0,,basis,Mo+6 4O-2,inorganic_aq,
WO4-2,WO4-2,WO4-2,aq,SSWS97,,11/7/1997,HKF,cal,-218500,-236500,9.7,-44.5,32.2,7.2074,8.7933,4.4891,-3.1424,8.3308,-12.0991,3.0657,-2,5,0,,basis,W+6 4O-2,inorganic_aq,
HWO4-,HWO4-,HWO4-,aq,SSWS97,,11/7/1997,HKF,cal,-223400,-255000,31.2,30.6,41,7.7661,11.182,1.3532,-3.2412,34.7493,3.1986,1.1559,-1,4,0,-1.0000 HWO4- 1.0000 WO4-2 1.0000 H+,,W+6 H+ 4O-2,inorganic_aq,
PO4-3,PO4-3,PO4-3,aq,SSWS97,SH88.1,11/7/1997,HKF,cal,-243500,-305300,-53,-124.6,-30.6,-0.5258,-9.0576,9.2927,-2.4045,-15.1599,-28.4155,5.6114,-3,4,0,-1.0000 PO4-3 -1.0000 H+ 1.0000 HPO4-2,,P+5 4O-2,inorganic_aq,
Ga+3,Ga+3,Ga+3,aq,SSWS97,SH88.1,11/7/1997,HKF,cal,-38000,-50600,-79,-26.5,-40.5,-2.8378,-14.7065,11.5197,-2.1709,16.2356,-8.4326,2.7787,3,5,0,,basis,Ga+3 ,inorganic_aq,
Pr+3,Pr+3,Pr+3,aq,SSWS97,SH88.1,11/7/1997,HKF,cal,-162600,-168800,-50,-40.3,-42.8,-3.2061,-14.2894,8.5328,-2.1882,3.9607,-11.2844,2.3369,3,9,0,,basis,Pr+3 ,inorganic_aq,
Tb+3,Tb+3,Tb+3,aq,SSWS97,SH88.1,11/7/1997,HKF,cal,-159500,-166900,-54,-35.8,-40.9,-2.9245,-14.9162,11.5979,-2.1623,7.1853,-10.3677,2.4007,3,5,0,,basis,Tb+3 ,inorganic_aq,
Mn+2,Mn+2,Mn+2,aq,SSWS97,,11/7/1997,HKF,cal,-55100,-52900,-16.2,-4.1,-17.1,-0.1015,-8.004,8.84,-2.448,16.6672,-3.8697,1.4006,2,6,0,,basis,Mn+2 ,inorganic_aq,
Co+2,Co+2,Co+2,aq,SSWS97,SH88.1,11/7/1997,HKF,cal,-13000,-13900,-27,-7.8,-25.5,-1.2252,-8.9356,5.3191,-2.4095,15.2013,-4.6234,1.4769,2,6,0,,basis,Co+2 ,inorganic_aq,
Cr+3,Cr+3,Cr+3,aq,SSWS97,,11/7/1997,HKF,cal,-49300,-60000,-77,-22.9,-40,-2.7824,-14.5709,11.4661,-2.1765,17.9914,-7.6992,2.7403,3,9,0,-1.0000 Cr+3 -2.5000 H2O -0.7500 O2(g) 1.0000 CrO4-2 5.0000 H+,aux,Cr+3 ,inorganic_aq,
UO2+2,UO2+2,UO2+2,aq,SSWS97,,11/7/1997,HKF,cal,-227680,-243550,-23.5,10.2,5.73,3.0256,-4.1084,15.3326,-2.6091,21.07,0.43,1.4099,2,4,0,-1.0000 UO2+2 -2.0000 H+ 1.0000 U+4 1.0000 H2O 0.5000 O2(g),aux,U+6 2O-2,inorganic_aq,
Be+2,Be+2,Be+2,aq,SSWS97,,11/11/1997,HKF,cal,-90550,-91500,-32.1,-5.8,-20.9,-0.5718,-9.1742,9.3462,-2.3996,17.0245,-4.216,1.5475,2,8,0,,basis,Be+2 ,inorganic_aq,
In+3,In+3,In+3,aq,SSWS97,SH88.1,11/11/1997,HKF,cal,-23400,-25000,-63,-15.6,-35.5,-2.2361,-13.2378,10.9433,-2.2316,20.3744,-6.2122,2.5346,3,9,0,,basis,In+3 ,inorganic_aq,
Tl+,Tl+,Tl+,aq,SSWS97,SH88.1,11/11/1997,HKF,cal,-7740,1280,30,-4.2,18.2,4.2884,2.6903,4.691,-2.8901,4.6024,-3.89,0.0974,1,2.5,0,,basis,Tl+ ,inorganic_aq,
Tl+3,Tl+3,Tl+3,aq,SSWS97,SH88.1,11/11/1997,HKF,cal,51300,47000,-46,-0.2,-27,-1.1607,-10.6078,9.9017,-2.3404,27.0098,-3.0752,2.2752,3,5,0,-1.0000 Tl+3 -1.0000 H2O 0.5000 O2(g) 1.0000 Tl+ 2.0000 H+,aux,Tl+3 ,inorganic_aq,
CN-,CN-,CN-,aq,SSWS97,,11/11/1997,HKF,cal,41200,36000,22.5,-17.7,23.9,5.4714,5.5813,3.5497,-3.0096,7.6773,-6.64,1.29,-1,4,0,-1.0000 CN- -1.0000 H2O -2.5000 O2(g) 1.0000 HCO3- 1.0000 NO3- 1.0000 H+,aux,C+2 N-3,inorganic_aq,
OCN-,OCN-,OCN-,aq,SSWS97,,11/11/1997,HKF,cal,-23280,-34900,25.5,-15.8,26.12,5.7591,6.2815,3.279,-3.0386,8.3509,-6.253,1.2422,-1,3,0,-1.0000 OCN- 0.5000 O2(g) 1.0000 CN-,aux,C+4 N-3 O-2,inorganic_aq,
SCN-,SCN-,SCN-,aq,SSWS97,,11/11/1997,HKF,cal,22160,18270,34.5,-9.6,35.7,7.0244,9.3687,2.0708,-3.1662,10.7414,-4.99,1.1073,-1,4,0,-1.0000 SCN- -1.5000 O2(g) -1.0000 H2O 1.0000 SO4-2 1.0000 CN- 2.0000 H+,aux,C+4 N-3 S-2,inorganic_aq,
SeCN-,SeCN-,SeCN-,aq,SSWS97,,11/11/1997,HKF,cal,19500,18530,46.6,-2.7,49.68,8.8752,13.8922,0.2829,-3.3532,13.0877,-3.5845,0.923,-1,4,0,-1.0000 SeCN- -1.0000 O2(g) -1.0000 H2O 1.0000 CN- 1.0000 SeO3-2 2.0000 H+,aux,Se-2 C+4 N-3,inorganic_aq,
Sn+2,Sn+2,Sn+2,aq,SSWS97,,11/11/1997,HKF,cal,-6570,-2100,-4,-15.5,-15.6,0.0094,-7.7516,8.781,-2.4584,7.416,-6.1919,1.1216,2,6,0,,basis,Sn+2 ,inorganic_aq,
HNO2,HNO2,HNO2,aq,SSWS97,,11/11/1997,HKF,cal,-12100,-28500,32.4,6.7,30.7,5.9151,6.659,3.1378,-3.0542,8.705,-1.6697,-0.1507,0,4,0,-1.0000 HNO2 1.0000 NO2- 1.0000 H+,,N+3 H+ 2O-2,inorganic_aq,
HNO3,HNO3,HNO3,aq,SSWS97,,11/11/1997,HKF,cal,-24730,-45410,42.7,18,40.2,7.1623,9.7063,1.9367,-3.1802,13.8907,0.632,-0.3066,0,3,0,-1.0000 HNO3 1.0000 H+ 1.0000 NO3-,,N+5 H+ 3O-2,inorganic_aq,
N2O2-2,N2O2-2,N2O2-2,aq,SSWS97,,11/11/1997,HKF,cal,33200,-2590,6.6,-59.3,3.6,3.3102,0.2986,5.638,-2.7912,0.1067,-15.1139,3.1145,-2,3,0,-1.0000 N2O2-2 2.0000 NO3- -2.0000 O2(g),aux,2N+ 2O-2,inorganic_aq,
HN2O2-,HN2O2-,HN2O2-,aq,SSWS97,,11/11/1997,HKF,cal,18200,-9400,34,9.3,32.4,6.5748,8.2753,2.4914,-3.121,21.8724,-1.1401,1.1132,-1,4,0,-1.0000 HN2O2- 1.0000 N2O2-2 1.0000 H+,,2N+ H+ 2O-2,inorganic_aq,
H2N2O2,H2N2O2,H2N2O2,aq,SSWS97,,11/11/1997,HKF,cal,8600,-13700,52,39,51.3,8.6337,13.3019,0.5163,-3.3288,24.9004,4.9097,-0.4475,0,3,0,-1.0000 H2N2O2 1.0000 N2O2-2 2.0000 H+,,2N+ 2H+ 2O-2,inorganic_aq,
N2H5+,N2H5+,N2H5+,aq,SSWS97,,11/11/1997,HKF,cal,19700,-1800,36.1,16.8,27.8,5.5711,5.8193,3.4672,-3.0195,16.0644,0.3876,0.0057,1,3,0,-1.0000 N2H5+ -3.5000 O2(g) 2.0000 NO3- 3.0000 H+ 1.0000 H2O,aux,2N-2 5H+,inorganic_aq,
N2H6+2,N2H6+2,N2H6+2,aq,SSWS97,,11/11/1997,HKF,cal,21100,-4000,24,15.7,18.1,4.4762,3.1468,4.516,-2.909,21.7574,0.1635,0.6936,2,3,0,-1.0000 N2H6+2 1.0000 N2H5+ 1.0000 H+,,2N-2 6H+,inorganic_aq,
P2O7-4,P2O7-4,P2O7-4,aq,SSWS97,,11/11/1997,HKF,cal,-458700,-542800,-28,-139.1,21.7,7.0687,9.4773,2.0273,-3.1707,-11.7223,-31.3692,6.9069,-4,3,0,-1.0000 P2O7-4 -1.0000 H2O 2.0000 HPO4-2,,2P+5 7O-2,inorganic_aq,
HP2O7-3,HP2O7-3,HP2O7-3,aq,SSWS97,,11/11/1997,HKF,cal,-471400,-543700,11,-28.7,36.5,8.3302,12.5558,0.8208,-3.298,32.1587,-8.8807,4.647,-3,4,0,-1.0000 HP2O7-3 2.0000 HPO4-2 1.0000 H+ -1.0000 H2O,,2P+5 H+ 7O-2,inorganic_aq,
H2P2O7-2,H2P2O7-2,H2P2O7-2,aq,SSWS97,,11/11/1997,HKF,cal,-480400,-544600,39,17.6,47.1,9.0963,14.4299,0.076,-3.3754,40.6359,0.5505,2.6218,-2,4,0,-1.0000 H2P2O7-2 2.0000 HPO4-2 -1.0000 H2O 2.0000 H+,,2P+5 2H+ 7O-2,inorganic_aq,
H3P2O7-,H3P2O7-,H3P2O7-,aq,SSWS97,,11/11/1997,HKF,cal,-483600,-544100,51,37.4,51.7,9.1292,14.5122,0.0398,-3.3788,35.9785,4.5838,0.8568,-1,4,0,-1.0000 H3P2O7- -1.0000 H2O 2.0000 HPO4-2 3.0000 H+,,2P+5 3H+ 7O-2,inorganic_aq,
H4P2O7,H4P2O7,H4P2O7,aq,SSWS97,,11/11/1997,HKF,cal,-485700,-542200,64,58.8,56.6,9.2975,14.9199,-0.113,-3.3957,34.8301,8.943,-0.6292,0,3,0,-1.0000 H4P2O7 2.0000 HPO4-2 4.0000 H+ -1.0000 H2O,,2P+5 4H+ 7O-2,inorganic_aq,
HPO3-2,HPO3-2,HPO3-2,aq,SSWS97,,11/11/1997,HKF,cal,-194000,-231600,4,-40.2,4.5,3.4463,0.6347,5.4974,-2.8051,11.6523,-11.2232,3.1527,-2,4,0,-1.0000 HPO3-2 1.0000 H3PO3 -2.0000 H+,,P+3 H+ 3O-2,inorganic_aq,
H2PO3-,H2PO3-,H2PO3-,aq,SSWS97,,11/11/1997,HKF,cal,-202350,-231700,31.7,5.5,14.7,4.1649,2.3899,4.8065,-2.8777,19.9762,-1.9142,1.1491,-1,3,0,-1.0000 H2PO3- 1.0000 H3PO3 -1.0000 H+,,P+3 2H+ 3O-2,inorganic_aq,
H3PO3,H3PO3,H3PO3,aq,SSWS97,,11/11/1997,HKF,cal,-204800,-230600,43.6,25.1,19.1,4.2704,2.6439,4.7145,-2.8882,17.9261,2.0783,-0.3203,0,3,0,-1.0000 H3PO3 -0.5000 O2(g) 1.0000 HPO4-2 2.0000 H+,aux,P+3 3H+ 3O-2,inorganic_aq,
H2PO2-,H2PO2-,H2PO2-,aq,SSWS97,,11/11/1997,HKF,cal,-122400,-146700,24.1,-7,22,5.2026,4.919,3.8223,-2.9823,13.7063,-4.4604,1.2637,-1,3,0,-1.0000 H2PO2- 1.0000 H3PO2 -1.0000 H+,,P+ 2H+ 2O-2,inorganic_aq,
H3PO2,H3PO2,H3PO2,aq,SSWS97,,11/11/1997,HKF,cal,-125100,-145600,36.9,14.1,35.4,6.5352,8.1731,2.543,-3.1168,12.414,-0.1623,-0.2188,0,3,0,-1.0000 H3PO2 -1.0000 O2(g) 1.0000 HPO4-2 2.0000 H+,aux,P+ 3H+ 2O-2,inorganic_aq,
SbO2-,SbO2-,SbO2-,aq,SSWS97,,11/11/1997,HKF,cal,-82400,-110000,-17.1,-44.1,-21.3,-0.5113,-9.0269,9.2893,-2.4057,-2.2802,-12.0177,1.8885,-1,5,0,,basis,Sb+3 2O-2,inorganic_aq,
HSbO2,HSbO2,HSbO2,aq,SSWS97,,11/11/1997,HKF,cal,-97400,-116600,11.1,-28.5,8.4,2.9726,-0.5203,5.9475,-2.7574,-8.9525,-8.84,0.1719,0,4,0,-1.0000 HSbO2 1.0000 H+ 1.0000 SbO2-,,Sb+3 H+ 2O-2,inorganic_aq,
Bi+3,Bi+3,Bi+3,aq,SSWS97,,11/11/1997,HKF,cal,22880,19360,-45,0.8,-26.5,-1.0957,-10.4536,9.8506,-2.3467,27.5027,-2.8715,2.2651,3,9,0,,basis,Bi+3 ,inorganic_aq,
HO2-,HO2-,HO2-,aq,SSWS97,,11/11/1997,HKF,cal,-16090,-38320,5.7,-37.4,2.7,2.6566,-1.2961,6.2619,-2.7253,-1.519,-10.6529,1.5449,-1,4,0,-1.0000 HO2- 1.0000 H2O2 -1.0000 H+,,2O- H+,inorganic_aq,
H2O2,H2O2,H2O2,aq,SSWS97,,11/11/1997,HKF,cal,-32030,-45690,34.4,10,32.8,6.1922,7.337,2.8686,-3.0822,10.36,-0.9975,-0.1809,0,3,0,-1.0000 H2O2 0.5000 O2(g) 1.0000 H2O,aux,2O- 2H+,inorganic_aq,
SO3-2,SO3-2,SO3-2,aq,SSWS97,SH88.1,11/11/1997,HKF,cal,-116300,-151900,-7,-67.5,-3.1,2.4632,-1.7691,6.4494,-2.7058,-2.7967,-16.7843,3.321,-2,4.5,0,-1.0000 SO3-2 -0.5000 O2(g) 1.0000 SO4-2,aux,S+4 3O-2,inorganic_aq,
HSO5-,HSO5-,HSO5-,aq,SSWS97,SH88.1,11/13/1997,HKF,cal,-152370,-185380,50.7,36.9,50.3,8.9391,14.043,0.2349,-3.3594,35.7254,4.4819,0.8611,-1,4,0,-1.0000 HSO5- 0.5000 O2(g) 1.0000 H+ 1.0000 SO4-2,aux,S+8 H+ 5O-2,inorganic_aq,
H2S2O3,H2S2O3,H2S2O3,aq,SSWS97,,11/13/1997,HKF,cal,-128000,-150400,45,27.5,42.2,7.4242,10.3493,1.6762,-3.2067,19.1373,2.5672,-0.3415,0,3,0,-1.0000 H2S2O3 2.0000 H+ 1.0000 S2O3-2,,2S+2 2H+ 3O-2,inorganic_aq,
S2O4-2,S2O4-2,S2O4-2,aq,SSWS97,SH88.1,11/13/1997,HKF,cal,-143500,-180100,22,-50.1,28.8,6.6784,8.528,2.3917,-3.1314,3.3115,-13.2399,2.8772,-2,5,0,-1.0000 S2O4-2 0.5000 O2(g) 1.0000 S2O3-2,aux,2S+3 4O-2,inorganic_aq,
HS2O4-,HS2O4-,HS2O4-,aq,SSWS97,,11/13/1997,HKF,cal,-146900,-179100,36.5,13.4,40.1,7.6159,10.8142,1.5005,-3.226,23.9326,-0.3049,1.076,-1,4,0,-1.0000 HS2O4- 1.0000 H+ 1.0000 S2O4-2,,2S+3 H+ 4O-2,inorganic_aq,
H2S2O4,H2S2O4,H2S2O4,aq,SSWS97,,11/13/1997,HKF,cal,-147400,-175300,51,37.4,51.4,8.6525,13.3462,0.5023,-3.3306,24.1023,4.5838,-0.4323,0,3,0,-1.0000 H2S2O4 2.0000 H+ 1.0000 S2O4-2,,2S+3 2H+ 4O-2,inorganic_aq,
S2O5-2,S2O5-2,S2O5-2,aq,SSWS97,SH88.1,11/13/1997,HKF,cal,-189000,-232000,25,-48.3,33.9,7.3618,10.1945,1.7414,-3.2003,3.9715,-12.8732,2.8343,-2,4,0,-1.0000 S2O5-2 1.0000 O2(g) 1.0000 S2O3-2,aux,2S+4 5O-2,inorganic_aq,
S2O6-2,S2O6-2,S2O6-2,aq,SSWS97,SH88.1,11/13/1997,HKF,cal,-231000,-280400,30,-45.3,40.4,8.2257,12.3054,0.9087,-3.2876,5.0331,-12.2621,2.7587,-2,4,0,-1.0000 S2O6-2 1.5000 O2(g) 1.0000 S2O3-2,aux,2S+5 6O-2,inorganic_aq,
S3O6-2,S3O6-2,S3O6-2,aq,SSWS97,SH88.1,11/13/1997,HKF,cal,-229000,-279000,33,-43.5,41.9,8.4155,12.7691,0.7268,-3.3068,5.6683,-11.8954,2.7131,-2,4,0,-1.0000 S3O6-2 1.0000 O2(g) 1.0000 H+ 1.5000 S2O3-2 -0.5000 H2O,aux,2S+5 S 6O-2,inorganic_aq,
S4O6-2,S4O6-2,S4O6-2,aq,SSWS97,SH88.1,11/13/1997,HKF,cal,-248700,-292600,61.5,-26.4,56.5,10.2672,17.2902,-1.0502,-3.4937,11.7042,-8.4122,2.2805,-2,4,0,-1.0000 S4O6-2 0.5000 O2(g) 2.0000 H+ 2.0000 S2O3-2 -1.0000 H2O,aux,2S+5 2S 6O-2,inorganic_aq,
S5O6-2,S5O6-2,S5O6-2,aq,SSWS97,SH88.1,11/13/1997,HKF,cal,-229000,-281000,40,-39.3,45.5,8.8725,13.8806,0.2986,-3.3527,7.1576,-11.0399,2.6076,-2,4,0,-1.0000 S5O6-2 3.0000 H+ 2.5000 S2O3-2 -1.5000 H2O,aux,5S+2 6O-2,inorganic_aq,
HSe-,HSe-,HSe-,aq,SSWS97,,11/13/1997,HKF,cal,10500,3800,19,-19.8,20.2,4.9823,4.3855,4.0227,-2.9602,6.9147,-7.0678,1.34,-1,4,0,-1.0000 HSe- -1.5000 O2(g) 1.0000 H+ 1.0000 SeO3-2,aux,Se-2 H+,inorganic_aq,
SeO3-2,SeO3-2,SeO3-2,aq,SSWS97,,11/13/1997,HKF,cal,-88400,-121700,3.1,-61.4,5.7,3.6149,1.0478,5.3323,-2.8222,-0.6517,-15.5417,3.1658,-2,4,0,,basis,Se+4 3O-2,inorganic_aq,
HSeO3-,HSeO3-,HSeO3-,aq,SSWS97,,11/13/1997,HKF,cal,-98340,-122980,32.3,6.5,31.1,6.4061,7.8624,2.6551,-3.1039,20.4808,-1.7105,1.1402,-1,4,0,-1.0000 HSeO3- 1.0000 H+ 1.0000 SeO3-2,,Se+4 H+ 3O-2,inorganic_aq,
H2SeO3,H2SeO3,H2SeO3,aq,SSWS97,,11/13/1997,HKF,cal,-101850,-121290,49.7,35.2,46.2,7.9475,11.624,1.1819,-3.2594,22.9944,4.1356,-0.4127,0,3,0,-1.0000 H2SeO3 2.0000 H+ 1.0000 SeO3-2,,Se+4 2H+ 3O-2,inorganic_aq,
SeO4-2,SeO4-2,SeO4-2,aq,SSWS97,,11/13/1997,HKF,cal,-105500,-143200,12.9,-55.6,21.7,5.7548,6.2678,3.2916,-3.038,1.3971,-14.3602,3.0192,-2,4,0,-1.0000 SeO4-2 0.5000 O2(g) 1.0000 SeO3-2,aux,Se+6 4O-2,inorganic_aq,
HSeO4-,HSeO4-,HSeO4-,aq,SSWS97,,11/13/1997,HKF,cal,-108100,-139000,35.7,12.1,39.4,7.5244,10.5922,1.5837,-3.2168,23.2855,-0.5697,1.0885,-1,4,0,-1.0000 HSeO4- 1.0000 H+ 1.0000 SeO4-2,,Se+6 H+ 4O-2,inorganic_aq,
ClO-,ClO-,ClO-,aq,SSWS97,,11/13/1997,HKF,cal,-8800,-25600,10,-27.8,0.7,2.3599,-2.0164,6.5356,-2.6955,3.4787,-8.6974,1.4767,-1,4,0,-1.0000 ClO- 0.5000 O2(g) 1.0000 Cl-,aux,Cl+ O-2,inorganic_aq,
HClO,HClO,HClO,aq,SSWS97,,11/13/1997,HKF,cal,-19100,-28900,33.9,9.1,28.4,5.5927,5.8751,3.4387,-3.0218,9.9023,-1.1808,-0.1734,0,3,0,-1.0000 HClO 1.0000 ClO- 1.0000 H+,,Cl+ H+ O-2,inorganic_aq,
ClO2-,ClO2-,ClO2-,aq,SSWS97,,11/13/1997,HKF,cal,4100,-15900,24.2,-19.3,22.1,5.2163,4.958,3.7949,-2.9839,6.4977,-6.9659,1.2637,-1,4,0,-1.0000 ClO2- 1.0000 Cl- 1.0000 O2(g),aux,Cl+3 2O-2,inorganic_aq,
BrO-,BrO-,BrO-,aq,SSWS97,SH88.1,11/13/1997,HKF,cal,-8000,-22500,9.7,-28,0.4,2.3206,-2.1131,6.5758,-2.6915,3.4104,-8.7381,1.482,-1,4,0,-1.0000 BrO- 1.0000 HBrO -1.0000 H+,,Br+ O-2,inorganic_aq,
HBrO,HBrO,HBrO,aq,SSWS97,,11/13/1997,HKF,cal,-19700,-27000,33.8,9,28.3,5.5795,5.841,3.4565,-3.0204,9.8576,-1.2012,-0.1719,0,3,0,-1.0000 HBrO 0.5000 O2(g) 1.0000 Br- 1.0000 H+,aux,Br+ H+ O-2,inorganic_aq,
BrO4-,BrO4-,BrO4-,aq,SSWS97,SH88.1,11/13/1997,HKF,cal,28200,3100,47.6,-5.2,48.7,8.7361,13.5515,0.42,-3.3391,11.4884,-4.0937,0.9085,-1,4,0,-1.0000 BrO4- 1.0000 Br- 2.0000 O2(g),aux,Br+7 4O-2,inorganic_aq,
IO-,IO-,IO-,aq,SSWS97,SH88.1,11/13/1997,HKF,cal,-9200,-25700,-1.4,-34.6,-12.5,0.6131,-6.2757,8.1983,-2.5195,1.1172,-10.0825,1.653,-1,4,0,-1.0000 IO- 0.5000 O2(g) 1.0000 I-,aux,I+ O-2,inorganic_aq,
HIO,HIO,HIO,aq,SSWS97,,11/13/1997,HKF,cal,-23700,-33000,22.8,-9.2,15.6,3.8979,1.7354,5.0694,-2.8506,0.726,-4.9085,-0.0053,0,4,0,-1.0000 HIO 1.0000 H+ 1.0000 IO-,,I+ H+ O-2,inorganic_aq,
HIO3,HIO3,HIO3,aq,SSWS97,,11/13/1997,HKF,cal,-31700,-50500,39.9,19,37.7,6.8346,8.905,2.253,-3.147,14.8674,0.8357,-0.2642,0,4,0,-1.0000 HIO3 1.0000 H+ 1.0000 IO3-,,I+5 H+ 3O-2,inorganic_aq,
IO4-,IO4-,IO4-,aq,SSWS97,SH88.1,11/13/1997,HKF,cal,-14000,-36200,53,-2,52.9,9.2831,14.8827,-0.0933,-3.3942,12.6081,-3.4419,0.8264,-1,3.5,0,-1.0000 IO4- 1.0000 I- 2.0000 O2(g),aux,I+7 4O-2,inorganic_aq,
Sc+3,Sc+3,Sc+3,aq,SSWS97,,11/13/1997,HKF,cal,-140200,-146800,-61,-13.8,-34.5,-2.1109,-12.9294,10.817,-2.2444,21.1134,-5.8456,2.5003,3,9,0,,basis,Sc+3 ,inorganic_aq,
V+2,V+2,V+2,aq,SSWS97,,11/13/1997,HKF,cal,-52000,-54000,-31,-10.9,-28.5,-1.6188,-11.7289,10.3473,-2.294,13.8458,-5.2548,1.5269,2,5,0,-1.0000 V+2 1.0000 VO+2 -0.5000 O2(g),aux,V+2 ,inorganic_aq,
V+3,V+3,V+3,aq,SSWS97,,11/13/1997,HKF,cal,-57900,-62000,-55,-8.4,-31.5,-1.7304,-11.9981,10.4465,-2.2829,23.4604,-4.7456,2.4115,3,5,0,-1.0000 V+3 1.0000 H+ -0.2500 O2(g) 1.0000 VO+2 -0.5000 H2O,aux,V+3 ,inorganic_aq,
VO+2,VO+2,VO+2,aq,SSWS97,,11/13/1997,HKF,cal,-106700,-116300,-32,31.4,-26.2,-1.2971,-10.9431,10.0377,-2.3265,38.8261,3.3616,1.5475,2,4.5,0,,basis,V+4 O-2,inorganic_aq,
VO2+,VO2+,VO2+,aq,SSWS97,,11/13/1997,HKF,cal,-140300,-155300,-10.1,-13.7,9.2,3.2606,0.179,5.6817,-2.7863,4.5892,-5.8252,0.7003,1,4,0,-1.0000 VO2+ -1.0000 H+ 0.2500 O2(g) 0.5000 H2O 1.0000 VO+2,aux,V+5 2O-2,inorganic_aq,
VO4-3,VO4-3,VO4-3,aq,SSWS97,,11/13/1997,HKF,cal,-214900,-270600,-35.2,38,-16.9,1.2579,-4.7015,7.5797,-2.5845,77.6555,4.706,5.3424,-3,4,0,-1.0000 VO4-3 1.0000 H2VO4- -2.0000 H+,,V+5 4O-2,inorganic_aq,
HVO4-2,HVO4-2,HVO4-2,aq,SSWS97,,11/13/1997,HKF,cal,-233000,-277000,4,87.3,12.5,4.541,3.3077,4.4469,-2.9156,86.3755,14.7484,3.1527,-2,4,0,-1.0000 HVO4-2 1.0000 H2VO4- -1.0000 H+,,V+5 H+ 4O-2,inorganic_aq,
H2VO4-,H2VO4-,H2VO4-,aq,SSWS97,,11/13/1997,HKF,cal,-243990,-280620,29,35.8,31.3,6.4502,7.9653,2.6252,-3.1082,38.1088,4.2579,1.1898,-1,4,0,-1.0000 H2VO4- -3.0000 H+ 0.2500 O2(g) 1.0000 VO+2 2.5000 H2O,aux,V+5 2H+ 4O-2,inorganic_aq,
H3VO4,H3VO4,H3VO4,aq,SSWS97,,11/13/1997,HKF,cal,-249200,-284600,37.1,19.1,38.3,6.931,9.1392,2.164,-3.1567,15.3166,0.8561,-0.2218,0,4,0,-1.0000 H3VO4 1.0000 H2VO4- 1.0000 H+,,V+5 3H+ 4O-2,inorganic_aq,
Cr+2,Cr+2,Cr+2,aq,SSWS97,,11/13/1997,HKF,cal,-39400,-39000,-24.2,-7.3,-22.3,-0.8036,-9.74,9.5688,-2.3762,15.0502,-4.5215,1.4287,2,4,0,-1.0000 Cr+2 -2.0000 H2O -1.0000 O2(g) 1.0000 CrO4-2 4.0000 H+,aux,Cr+2 ,inorganic_aq,
Mn+3,Mn+3,Mn+3,aq,SSWS97,,11/13/1997,HKF,cal,-20300,-30700,-74,-25.6,-41,-2.932,-14.934,11.6041,-2.1615,16.0611,-8.2492,2.7025,3,6,0,-1.0000 Mn+3 -0.5000 H2O 1.0000 Mn+2 1.0000 H+ 0.2500 O2(g),aux,Mn+3 ,inorganic_aq,
MnO4-2,MnO4-2,MnO4-2,aq,SSWS97,,11/13/1997,HKF,cal,-120400,-156600,15.5,-66.4,21.1,5.6596,6.0368,3.3786,-3.0285,-5.291,-16.5602,2.9803,-2,3.5,0,-1.0000 MnO4-2 -4.0000 H+ 1.0000 Mn+2 1.0000 O2(g) 2.0000 H2O,aux,Mn+6 4O-2,inorganic_aq,
Fe+2,Fe+2,Fe+2,aq,SSWS97,,11/13/1997,HKF,cal,-21870,-22050,-25.3,-7.9,-22.2,-0.7867,-9.6969,9.5479,-2.378,14.786,-4.6437,1.4382,2,6,0,,basis,Fe+2 ,inorganic_aq,
Fe+3,Fe+3,Fe+3,aq,SSWS97,,11/13/1997,HKF,cal,-4120,-11850,-66.3,-18.6,-37,-2.4256,-13.6961,11.1141,-2.2127,19.0459,-6.8233,2.5812,3,9,0,-1.0000 Fe+3 -0.5000 H2O 0.2500 O2(g) 1.0000 Fe+2 1.0000 H+,aux,Fe+3 ,inorganic_aq,
Co+3,Co+3,Co+3,aq,SSWS97,SH88.1,11/13/1997,HKF,cal,32000,22000,-73,-24.7,-40.5,-2.8678,-14.7777,11.5439,-2.168,16.4739,-8.0659,2.6901,3,5,0,-1.0000 Co+3 -0.5000 H2O 0.2500 O2(g) 1.0000 Co+2 1.0000 H+,aux,Co+3 ,inorganic_aq,
Y+3,Y+3,Y+3,aq,SSWS97,SH88.1,11/13/1997,HKF,cal,-163800,-170900,-60,-12.9,-34,-2.0463,-12.7741,10.7611,-2.2508,21.5366,-5.6622,2.489,3,9,0,,basis,Y+3 ,inorganic_aq,
Zr+4,Zr+4,Zr+4,aq,SSWS97,,11/13/1997,HKF,cal,-133270,-150330,-110.3,-3.1,-54.3,-4.367,-18.4377,12.9811,-2.0167,39.7423,-3.666,3.8417,4,11,0,,basis,Zr+4 ,inorganic_aq,
NbO3-,NbO3-,NbO3-,aq,SSWS97,,11/13/1997,HKF,cal,-227100,-255300,3.2,-41.1,20.4,5.0915,4.6485,3.9273,-2.9711,-3.3376,-11.4066,1.5829,-1,5,0,,basis,Nb+5 3O-2,inorganic_aq,
HNbO3,HNbO3,HNbO3,aq,SSWS97,,3/15/1995,HKF,cal,-236800,-257950,31.1,31.4,30,5.711,6.1642,3.3252,-3.0337,20.2299,3.3616,-0.471,0,4,0,-1.0000 HNbO3 1.0000 H+ 1.0000 NbO3-,,Nb+5 H+ 3O-2,inorganic_aq,
HMoO4-,HMoO4-,HMoO4-,aq,SSWS97,,11/13/1997,HKF,cal,-206400,-238500,32.5,28.6,40.8,7.732,11.0966,1.3908,-3.2376,33.393,2.7912,1.1359,-1,4,0,-1.0000 HMoO4- 1.0000 H+ 1.0000 MoO4-2,,Mo+6 H+ 4O-2,inorganic_aq,
RuO4-2,RuO4-2,RuO4-2,aq,SSWS97,,11/13/1997,HKF,cal,-71600,-110200,6.6,-48.1,30.2,6.9502,9.1887,2.1387,-3.1588,6.6707,-12.8325,3.1145,-2,4,0,-1.0000 RuO4-2 -5.0000 H+ 1.0000 Ru+3 2.5000 H2O 0.7500 O2(g),aux,Ru+6 4O-2,inorganic_aq,
Ce+3,Ce+3,Ce+3,aq,SSWS97,SH88.1,11/13/1997,HKF,cal,-161600,-167400,-49,-47.7,-44.1,-3.4833,-16.2789,12.1302,-2.1059,-0.355,-12.751,2.3265,3,9,0,,basis,Ce+3 ,inorganic_aq,
Pm+3,Pm+3,Pm+3,aq,SSWS97,,11/13/1997,HKF,cal,-158000,-164000,-50,-44.6,-42.4,-3.2471,-15.7059,11.9125,-2.1296,1.5577,-12.1195,2.3369,3,5,0,,basis,Pm+3 ,inorganic_aq,
Hf+4,Hf+4,Hf+4,aq,SSWS97,,11/13/1997,HKF,cal,-132600,-150250,-111.2,-3.4,-54.4,-4.3761,-18.4638,12.9996,-2.0156,39.6914,-3.7271,3.8552,4,4,0,,basis,Hf+4 ,inorganic_aq,
Au+3,Au+3,Au+3,aq,SSWS97,SH88.1,11/13/1997,HKF,cal,103600,97800,-54.8,-8.2,-31.4,-1.7167,-11.9654,10.4352,-2.2843,23.5775,-4.7048,2.4115,3,5,0,-1.0000 Au+3 -1.0000 H2O 0.5000 O2(g) 1.0000 Au+ 2.0000 H+,aux,Au+3 ,inorganic_aq,
Hg2+2,Hg2+2,Hg2+2,aq,SSWS97,,11/13/1997,HKF,cal,36710,39880,15.71,13.8,14.5,4.0263,2.0479,4.9491,-2.8636,21.809,-0.2234,0.8201,2,4.5,0,-1.0000 Hg2+2 -2.0000 H+ -0.5000 O2(g) 1.0000 H2O 2.0000 Hg+2,aux,2Hg+ ,inorganic_aq,
U+3,U+3,U+3,aq,SSWS97,,11/13/1997,HKF,cal,-113550,-116900,-46.1,-36.4,-39.3,-2.8438,-14.722,11.528,-2.1703,5.7945,-10.4492,2.2752,3,4,0,-1.0000 U+3 0.5000 H2O -0.2500 O2(g) 1.0000 U+4 -1.0000 H+,aux,U+3 ,inorganic_aq,
U+4,U+4,U+4,aq,SSWS97,,5/18/1994,HKF,cal,-126650,-141300,-99.6,0.2,-53.3,-4.2836,-18.2319,12.8955,-2.0252,40.2193,-2.9938,3.6835,4,3,0,,basis,U+4 ,inorganic_aq,
UO2+,UO2+,UO2+,aq,SSWS97,,5/18/1994,HKF,cal,-229690,-245000,-6,-22.1,10.2,3.3767,0.4614,5.5725,-2.798,-0.9002,-7.5363,0.6388,1,4,0,-1.0000 UO2+ 1.5000 H2O 0.2500 O2(g) 1.0000 U+4 -3.0000 H+,aux,U+5 2O-2,inorganic_aq,
La+2,La+2,La+2,aq,SSWS97,,11/13/1997,HKF,cal,-77700,-72200,0.7,-12,-14.7,0.1064,-7.5128,8.6835,-2.4683,8.7551,-5.4789,1.0444,2,4,0,-1.0000 La+2 0.5000 H2O 1.0000 La+3 -1.0000 H+ -0.2500 O2(g),aux,La+2 ,inorganic_aq,
Ce+2,Ce+2,Ce+2,aq,SSWS97,,11/13/1997,HKF,cal,-74900,-70300,1.4,-12.2,-14.5,0.1315,-7.4538,8.6653,-2.4708,8.5755,-5.5196,1.0376,2,3,0,-1.0000 Ce+2 -1.0000 H+ -0.2500 O2(g) 0.5000 H2O 1.0000 Ce+3,aux,Ce+2 ,inorganic_aq,
Pr+2,Pr+2,Pr+2,aq,SSWS97,,11/13/1997,HKF,cal,-92700,-88400,0.7,-12,-14.7,0.1064,-7.5128,8.6835,-2.4683,8.7551,-5.4789,1.0444,2,5,0,-1.0000 Pr+2 -1.0000 H+ -0.2500 O2(g) 0.5000 H2O 1.0000 Pr+3,aux,Pr+2 ,inorganic_aq,
Nd+2,Nd+2,Nd+2,aq,SSWS97,,11/13/1997,HKF,cal,-100200,-96100,-0.5,-11.8,-14.9,0.086,-7.5654,8.7097,-2.4661,9.0616,-5.4382,1.0649,2,5,0,-1.0000 Nd+2 -1.0000 H+ -0.2500 O2(g) 0.5000 H2O 1.0000 Nd+3,aux,Nd+2 ,inorganic_aq,
Pm+2,Pm+2,Pm+2,aq,SSWS97,,11/13/1997,HKF,cal,-92700,-88400,-1.9,-11.5,-15.2,0.052,-7.6511,8.7496,-2.4626,9.4303,-5.3771,1.0858,2,5,0,-1.0000 Pm+2 -1.0000 H+ -0.2500 O2(g) 0.5000 H2O 1.0000 Pm+3,aux,Pm+2 ,inorganic_aq,
Sm+2,Sm+2,Sm+2,aq,SSWS97,,11/13/1997,HKF,cal,-123000,-120500,-6.2,-10.7,-16,-0.0353,-7.8592,8.8194,-2.454,10.5009,-5.2141,1.1512,2,4.5,0,-1.0000 Sm+2 -1.0000 H+ -0.2500 O2(g) 0.5000 H2O 1.0000 Sm+3,aux,Sm+2 ,inorganic_aq,
Eu+2,Eu+2,Eu+2,aq,SSWS97,,11/13/1997,HKF,cal,-129200,-126150,-2.4,-11.4,-15.3,0.0407,-7.6776,8.7578,-2.4615,9.5539,-5.3567,1.0929,2,4.5,0,,basis,Eu+2 ,inorganic_aq,
Tb+2,Tb+2,Tb+2,aq,SSWS97,,11/13/1997,HKF,cal,-79400,-76200,-2.9,-11.3,-15.4,0.0294,-7.7042,8.7663,-2.4604,9.678,-5.3363,1.1,2,5,0,-1.0000 Tb+2 -1.0000 H+ -0.2500 O2(g) 0.5000 H2O 1.0000 Tb+3,aux,Tb+2 ,inorganic_aq,
Dy+2,Dy+2,Dy+2,aq,SSWS97,,11/13/1997,HKF,cal,-102800,-99900,-3.6,-11.2,-15.5,0.0206,-7.7248,8.7724,-2.4596,9.869,-5.3159,1.1144,2,3,0,-1.0000 Dy+2 -1.0000 H+ -0.2500 O2(g) 0.5000 H2O 1.0000 Dy+3,aux,Dy+2 ,inorganic_aq,
Ho+2,Ho+2,Ho+2,aq,SSWS97,,11/13/1997,HKF,cal,-96900,-94200,-4.3,-11.1,-15.6,0.0094,-7.7516,8.781,-2.4584,9.9946,-5.2956,1.1216,2,4,0,-1.0000 Ho+2 0.5000 H2O 1.0000 Ho+3 -1.0000 H+ -0.2500 O2(g),aux,Ho+2 ,inorganic_aq,
Er+2,Er+2,Er+2,aq,SSWS97,,11/13/1997,HKF,cal,-91600,-89150,-5.5,-10.9,-15.8,-0.0104,-7.7996,8.7981,-2.4565,10.315,-5.2548,1.1437,2,3,0,-1.0000 Er+2 -1.0000 H+ -0.2500 O2(g) 0.5000 H2O 1.0000 Er+3,aux,Er+2 ,inorganic_aq,
Tm+2,Tm+2,Tm+2,aq,SSWS97,,11/13/1997,HKF,cal,-107600,-105600,-6.7,-10.6,-16.1,-0.0464,-7.8863,8.8296,-2.4529,10.6286,-5.1937,1.1587,2,5,0,-1.0000 Tm+2 -1.0000 H+ -0.2500 O2(g) 0.5000 H2O 1.0000 Tm+3,aux,Tm+2 ,inorganic_aq,
Yb+2,Yb+2,Yb+2,aq,SSWS97,,11/13/1997,HKF,cal,-128500,-126800,-11.2,-9.8,-16.9,-0.1323,-8.098,8.9173,-2.4441,11.7413,-5.0308,1.2285,2,4.5,0,-1.0000 Yb+2 -1.0000 H+ -0.2500 O2(g) 0.5000 H2O 1.0000 Yb+3,aux,Yb+2 ,inorganic_aq,
Ce+4,Ce+4,Ce+4,aq,SSWS97,,11/13/1997,HKF,cal,-121300,-137700,-100.1,0.1,-53.3,-4.2792,-18.2247,12.8996,-2.0255,40.279,-3.0141,3.6964,4,11,0,-1.0000 Ce+4 1.0000 H+ 0.2500 O2(g) -0.5000 H2O 1.0000 Ce+3,aux,Ce+4 ,inorganic_aq,
Pr+4,Pr+4,Pr+4,aq,SSWS97,,11/13/1997,HKF,cal,-72700,-88700,-98.5,0.6,-53.2,-4.2742,-18.2128,12.8958,-2.026,40.3357,-2.9123,3.6707,4,5,0,-1.0000 Pr+4 1.0000 H+ 0.2500 O2(g) -0.5000 H2O 1.0000 Pr+3,aux,Pr+4 ,inorganic_aq,
Nd+4,Nd+4,Nd+4,aq,SSWS97,,11/13/1997,HKF,cal,-47000,-62900,-98.7,0.5,-53.2,-4.2742,-18.2128,12.8958,-2.026,40.2772,-2.9327,3.6707,4,5,0,-1.0000 Nd+4 1.0000 H+ 0.2500 O2(g) -0.5000 H2O 1.0000 Nd+3,aux,Nd+4 ,inorganic_aq,
Pm+4,Pm+4,Pm+4,aq,SSWS97,,11/13/1997,HKF,cal,-34200,-50400,-99.7,0.2,-53.3,-4.2836,-18.2319,12.8955,-2.0252,40.2193,-2.9938,3.6835,4,5,0,-1.0000 Pm+4 1.0000 H+ 0.2500 O2(g) -0.5000 H2O 1.0000 Pm+3,aux,Pm+4 ,inorganic_aq,
Sm+4,Sm+4,Sm+4,aq,SSWS97,,11/13/1997,HKF,cal,-39900,-56400,-101.1,-0.2,-53.4,-4.2886,-18.25,12.9154,-2.0244,40.2222,-3.0752,3.7093,4,5,0,-1.0000 Sm+4 1.0000 H+ 0.2500 O2(g) -0.5000 H2O 1.0000 Sm+3,aux,Sm+4 ,inorganic_aq,
Eu+4,Eu+4,Eu+4,aq,SSWS97,,11/13/1997,HKF,cal,5000,-12700,-103.3,-0.9,-53.6,-4.3071,-18.2951,12.9322,-2.0226,40.0515,-3.2178,3.7353,4,3,0,-1.0000 Eu+4 -1.0000 H2O 1.0000 Eu+2 2.0000 H+ 0.5000 O2(g),aux,Eu+4 ,inorganic_aq,
Tb+4,Tb+4,Tb+4,aq,SSWS97,,11/13/1997,HKF,cal,-88200,-105900,-104.2,-1.2,-53.7,-4.3164,-18.3144,12.933,-2.0218,39.9963,-3.2789,3.7484,4,5,0,-1.0000 Tb+4 1.0000 H+ 0.2500 O2(g) -0.5000 H2O 1.0000 Tb+3,aux,Tb+4 ,inorganic_aq,
Dy+4,Dy+4,Dy+4,aq,SSWS97,,11/13/1997,HKF,cal,-55700,-73400,-104,-1.1,-53.7,-4.3164,-18.3144,12.933,-2.0218,40.055,-3.2586,3.7484,4,3,0,-1.0000 Dy+4 1.0000 H+ 0.2500 O2(g) -0.5000 H2O 1.0000 Dy+3,aux,Dy+4 ,inorganic_aq,
Er+4,Er+4,Er+4,aq,SSWS97,,11/13/1997,HKF,cal,-28100,-45900,-104.7,-1.4,-53.8,-4.3256,-18.3402,12.9496,-2.0207,40.0003,-3.3197,3.7615,4,3,0,-1.0000 Er+4 1.0000 H+ 0.2500 O2(g) -0.5000 H2O 1.0000 Er+3,aux,Er+4 ,inorganic_aq,
Tm+4,Tm+4,Tm+4,aq,SSWS97,,11/13/1997,HKF,cal,-30100,-48300,-105.6,-1.6,-53.9,-4.3349,-18.3596,12.9511,-2.0199,40.0047,-3.3604,3.7747,4,5,0,-1.0000 Tm+4 1.0000 H+ 0.2500 O2(g) -0.5000 H2O 1.0000 Tm+3,aux,Tm+4 ,inorganic_aq,
Yb+4,Yb+4,Yb+4,aq,SSWS97,,11/13/1997,HKF,cal,3800,-13600,-106.6,-1.9,-54,-4.3441,-18.3854,12.9683,-2.0188,39.9511,-3.4215,3.788,4,5,0,-1.0000 Yb+4 1.0000 H+ 0.2500 O2(g) -0.5000 H2O 1.0000 Yb+3,aux,Yb+4 ,inorganic_aq,
Lu+4,Lu+4,Lu+4,aq,SSWS97,,11/13/1997,HKF,cal,27000,9800,-108,-2.4,-54.1,-4.3487,-18.3921,12.9608,-2.0186,39.9042,-3.5234,3.8147,4,5,0,-1.0000 Lu+4 -0.5000 H2O 1.0000 Lu+3 1.0000 H+ 0.2500 O2(g),aux,Lu+4 ,inorganic_aq,
LiOH,LiOH,LiOH,aq,SSWS97,,11/13/1997,HKF,cal,-108000,-121500,1.9,6.8,3.8,2.2749,-2.2242,6.6181,-2.687,9.8752,-1.6493,-0.03,0,4,0,-1.0000 LiOH -1.0000 H+ 1.0000 Li+ 1.0000 H2O,,Li+ H+ O-2,inorganic_aq,
NaOH,NaOH,NaOH,aq,SSWS97,,11/13/1997,HKF,cal,-99900,-112300,10.7,-3.2,3.5,2.2338,-2.3287,6.6683,-2.6826,4.0146,-3.6863,-0.03,0,3,0,-1.0000 NaOH -1.0000 H+ 1.0000 H2O 1.0000 Na+,,Na+ H+ O-2,inorganic_aq,
KOH,KOH,KOH,aq,SSWS97,,11/13/1997,HKF,cal,-104500,-120200,25.9,-20.5,14.9,3.7938,1.4839,5.1619,-2.8402,-6.124,-7.2104,-0.03,0,4,0,-1.0000 KOH -1.0000 H+ 1.0000 H2O 1.0000 K+,,K+ H+ O-2,inorganic_aq,
RbOH,RbOH,RbOH,aq,SSWS97,,11/13/1997,HKF,cal,-105100,-113000,32,-27.5,20.7,4.5875,3.4168,4.4132,-2.9202,-10.2264,-8.6363,-0.03,0,4,0,-1.0000 RbOH -1.0000 H+ 1.0000 Rb+ 1.0000 H2O,,Rb+ O-2 H+,inorganic_aq,
CsOH,CsOH,CsOH,aq,SSWS97,,11/13/1997,HKF,cal,-105000,-112300,35.9,-31.9,28.6,5.6685,6.0571,3.374,-3.0293,-12.8052,-9.5325,-0.03,0,4,0,-1.0000 CsOH -1.0000 H+ 1.0000 Cs+ 1.0000 H2O,,Cs+ O-2 H+,inorganic_aq,
BeOH+,BeOH+,BeOH+,aq,SSWS97,,11/13/1997,HKF,cal,-139900,-153200,-17.9,29.4,2.1,2.3302,-2.0945,6.5792,-2.6923,30.9714,2.9542,0.8222,1,4,0,-1.0000 BeOH+ -1.0000 H+ 1.0000 Be+2 1.0000 H2O,,Be+2 O-2 H+,inorganic_aq,
BeO,BeO,BeO,aq,SSWS97,,11/13/1997,HKF,cal,-128600,-144100,-25.1,13.1,1,1.8917,-3.1609,6.9887,-2.6482,13.5675,-0.366,-0.03,0,4,0,-1.0000 BeO -2.0000 H+ 1.0000 Be+2 1.0000 H2O,,Be+2 O-2,inorganic_aq,
HBeO2-,HBeO2-,HBeO2-,aq,SSWS97,,11/13/1997,HKF,cal,-172200,-206700,-33.3,51.9,3.4,2.9518,-0.5719,5.9708,-2.7553,56.2537,7.5374,2.1351,-1,4,0,-1.0000 HBeO2- -3.0000 H+ 1.0000 Be+2 2.0000 H2O,,Be+2 H+ 2O-2,inorganic_aq,
BeO2-2,BeO2-2,BeO2-2,aq,SSWS97,,11/13/1997,HKF,cal,-152900,-189700,-41,-12.7,1.5,3.2657,0.1906,5.6788,-2.7868,34.0366,-5.6215,3.833,-2,4,0,-1.0000 BeO2-2 -4.0000 H+ 1.0000 Be+2 2.0000 H2O,,Be+2 2O-2,inorganic_aq,
MgOH+,MgOH+,MgOH+,aq,SSWS97,,11/13/1997,HKF,cal,-149255,-152955,-19.1,30.8,1.9,2.3105,-2.1365,6.5827,-2.6906,32.0008,3.2394,0.8449,1,4,0,-1.0000 MgOH+ 1.0000 H2O 1.0000 Mg+2 -1.0000 H+,,Mg+2 H+ O-2,inorganic_aq,
CaOH+,CaOH+,CaOH+,aq,SSWS97,,11/13/1997,HKF,cal,-171300,-179600,6.7,1.4,5.9,2.7243,-1.1303,6.1958,-2.7322,11.1286,-2.7493,0.4496,1,4,0,-1.0000 CaOH+ -1.0000 H+ 1.0000 Ca+2 1.0000 H2O,,Ca+2 H+ O-2,inorganic_aq,
SrOH+,SrOH+,SrOH+,aq,SSWS97,,11/13/1997,HKF,cal,-173300,-180000,14.6,-7.6,7.2,2.862,-0.7922,6.0586,-2.7462,4.7576,-4.5826,0.3306,1,4,0,-1.0000 SrOH+ -1.0000 H+ 1.0000 Sr+2 1.0000 H2O,,Sr+2 O-2 H+,inorganic_aq,
BaOH+,BaOH+,BaOH+,aq,SSWS97,,11/13/1997,HKF,cal,-172300,-175900,27.5,-22.4,9.2,3.07,-0.2825,5.8541,-2.7672,-5.7064,-7.5974,0.1362,1,4,0,-1.0000 BaOH+ -1.0000 H+ 1.0000 Ba+2 1.0000 H2O,,Ba+2 O-2 H+,inorganic_aq,
SnOH+,SnOH+,SnOH+,aq,SSWS97,,11/13/1997,HKF,cal,-58600,-63800,19.2,-12.9,7.9,2.9337,-0.6181,5.9928,-2.7533,0.9969,-5.6622,0.2595,1,4,0,-1.0000 SnOH+ -1.0000 H+ 1.0000 Sn+2 1.0000 H2O,,Sn+2 O-2 H+,inorganic_aq,
HSnO2-,HSnO2-,HSnO2-,aq,SSWS97,,11/13/1997,HKF,cal,-97300,-122100,9.4,-45.4,14.1,4.1971,2.4678,4.7779,-2.8809,-6.7372,-12.2825,1.4874,-1,4,0,-1.0000 HSnO2- -3.0000 H+ 1.0000 Sn+2 2.0000 H2O,,Sn+2 H+ 2O-2,inorganic_aq,
PbOH+,PbOH+,PbOH+,aq,SSWS97,,11/13/1997,HKF,cal,-53950,-68900,-10,-20,3.4,2.4669,-1.76,6.4461,-2.7061,0.897,-7.1085,0.7003,1,4,0,-1.0000 PbOH+ -1.0000 H+ 1.0000 Pb+2 1.0000 H2O,,Pb+2 O-2 H+,inorganic_aq,
PbO,PbO,PbO,aq,SSWS97,,11/13/1997,HKF,cal,-39350,-44700,22,-42,8.3,2.8906,-0.7236,6.0351,-2.749,-18.7244,-11.5899,-0.03,0,4,0,-1.0000 PbO -2.0000 H+ 1.0000 Pb+2 1.0000 H2O,,Pb+2 O-2,inorganic_aq,
HPbO2-,HPbO2-,HPbO2-,aq,SSWS97,,11/13/1997,HKF,cal,-81000,-104200,18,-70,16.2,4.4403,3.0599,4.5482,-2.9054,-22.36,-17.2935,1.3566,-1,4,0,-1.0000 HPbO2- -3.0000 H+ 1.0000 Pb+2 2.0000 H2O,,Pb+2 H+ 2O-2,inorganic_aq,
BiOH+2,BiOH+2,BiOH+2,aq,SSWS97,,11/13/1997,HKF,cal,-32300,-44800,-19.5,-15,1.8,2.4693,-1.7539,6.4433,-2.7064,9.861,-6.09,1.3552,2,4,0,-1.0000 BiOH+2 -1.0000 H+ 1.0000 Bi+3 1.0000 H2O,,Bi+3 O-2 H+,inorganic_aq,
BiO+,BiO+,BiO+,aq,SSWS97,,11/13/1997,HKF,cal,-29300,-30300,19.1,-82.6,8,2.9487,-0.5825,5.981,-2.7548,-39.8159,-19.8601,0.2634,1,4,0,-1.0000 BiO+ -2.0000 H+ 1.0000 Bi+3 1.0000 H2O,,Bi+3 O-2,inorganic_aq,
HBiO2,HBiO2,HBiO2,aq,SSWS97,,11/13/1997,HKF,cal,-79300,-86300,54.6,-148.5,25.4,5.2306,4.9892,3.7912,-2.9852,-81.1398,-33.284,-0.03,0,4,0,-1.0000 HBiO2 -3.0000 H+ 1.0000 Bi+3 2.0000 H2O,,Bi+3 H+ 2O-2,inorganic_aq,
BiO2-,BiO2-,BiO2-,aq,SSWS97,,11/13/1997,HKF,cal,-61700,-71600,45.1,-127.4,23,5.2319,4.992,3.7909,-2.9853,-59.7858,-28.9859,0.9456,-1,4,0,-1.0000 BiO2- -4.0000 H+ 1.0000 Bi+3 2.0000 H2O,,Bi+3 2O-2,inorganic_aq,
GaOH+2,GaOH+2,GaOH+2,aq,SSWS97,,11/13/1997,HKF,cal,-91100,-116700,-67.3,39.5,-5.9,1.6572,-3.7321,7.2107,-2.6246,48.387,5.0115,2.07,2,4,0,-1.0000 GaOH+2 -1.0000 H+ 1.0000 Ga+3 1.0000 H2O,,Ga+3 O-2 H+,inorganic_aq,
GaO+,GaO+,GaO+,aq,SSWS97,,11/13/1997,HKF,cal,-86600,-100900,-29.2,-27.5,0.2,2.1299,-2.5806,6.7629,-2.6722,-0.7503,-8.6363,0.9986,1,4,0,-1.0000 GaO+ -2.0000 H+ 1.0000 Ga+3 1.0000 H2O,,Ga+3 O-2,inorganic_aq,
HGaO2,HGaO2(AQ),HGaO2,aq,SSWS97,,11/13/1997,HKF,cal,-137300,-158600,2.9,-30.6,12.4,3.447,0.6328,5.506,-2.8051,-12.1716,-9.2677,-0.0439,0,4,0,-1.0000 HGaO2 -3.0000 H+ 1.0000 Ga+3 2.0000 H2O,,Ga+3 H+ 2O-2,inorganic_aq,
GaO2-,GaO2-,GaO2-,aq,SSWS97,,11/13/1997,HKF,cal,-128700,-153900,-10,-13.9,9.2,3.6247,1.0721,5.3221,-2.8232,14.3978,-5.8659,1.7777,-1,4,0,-1.0000 GaO2- -4.0000 H+ 1.0000 Ga+3 2.0000 H2O,,Ga+3 2O-2,inorganic_aq,
InOH+2,InOH+2,InOH+2,aq,SSWS97,,11/13/1997,HKF,cal,-74600,-94700,-44.7,13.8,-2.3,2.0372,-2.8058,6.8493,-2.6629,30.2531,-0.2234,1.7366,2,4,0,-1.0000 InOH+2 -1.0000 H+ 1.0000 In+3 1.0000 H2O,,In+3 O-2 H+,inorganic_aq,
InO+,InO+,InO+,aq,SSWS97,,11/13/1997,HKF,cal,-69400,-76900,-2.6,-57.8,4.5,2.5804,-1.4833,6.3385,-2.7176,-22.2654,-14.8084,0.5907,1,4,0,-1.0000 InO+ -2.0000 H+ 1.0000 In+3 1.0000 H2O,,In+3 O-2,inorganic_aq,
HInO2,HInO2,HInO2,aq,SSWS97,,11/13/1997,HKF,cal,-119800,-135100,27.2,-86,18.5,4.2864,2.6831,4.6987,-2.8898,-44.5111,-20.5527,-0.03,0,4,0,-1.0000 HInO2 -3.0000 H+ 1.0000 In+3 2.0000 H2O,,In+3 H+ 2O-2,inorganic_aq,
InO2-,InO2-,InO2-,aq,SSWS97,,11/13/1997,HKF,cal,-106700,-125300,15.9,-67.3,15.7,4.3832,2.9224,4.5983,-2.8997,-20.4685,-16.7435,1.3901,-1,4,0,-1.0000 InO2- -4.0000 H+ 1.0000 In+3 2.0000 H2O,,In+3 2O-2,inorganic_aq,
TlOH,TlOH,TlOH,aq,SSWS97,,11/13/1997,HKF,cal,-65550,-66660,32.5,-28.1,25,5.1759,4.8579,3.8372,-2.9797,-10.5781,-8.7585,-0.03,0,4,0,-1.0000 TlOH -1.0000 H+ 1.0000 Tl+ 1.0000 H2O,,Tl+ O-2 H+,inorganic_aq,
TlOH+2,TlOH+2,TlOH+2,aq,SSWS97,,11/13/1997,HKF,cal,-4500,-18800,-23.7,-10.2,1.1,2.3952,-1.9341,6.5118,-2.6989,13.2638,-5.1122,1.4192,2,4,0,-1.0000 TlOH+2 -1.0000 H+ 1.0000 Tl+3 1.0000 H2O,,Tl+3 O-2 H+,inorganic_aq,
TlO+,TlO+,TlO+,aq,SSWS97,,11/13/1997,HKF,cal,-3200,-5150,17.7,-81,7.7,2.9144,-0.6673,6.0161,-2.7513,-38.6952,-19.5343,0.2832,1,4,0,-1.0000 TlO+ -2.0000 H+ 1.0000 Tl+3 1.0000 H2O,,Tl+3 O-2,inorganic_aq,
HTlO2,HTlO2,HTlO2,aq,SSWS97,,11/13/1997,HKF,cal,-57600,-65600,53.1,-145.1,25,5.1759,4.8579,3.8372,-2.9797,-79.1473,-32.5914,-0.03,0,4,0,-1.0000 HTlO2 -3.0000 H+ 1.0000 Tl+3 2.0000 H2O,,Tl+3 H+ 2O-2,inorganic_aq,
TlO2-,TlO2-,TlO2-,aq,SSWS97,,11/13/1997,HKF,cal,-41600,-52500,43.5,-124.1,22.6,5.1854,4.883,3.8238,-2.9808,-57.6278,-28.3137,0.9699,-1,4,0,-1.0000 TlO2- -4.0000 H+ 1.0000 Tl+3 2.0000 H2O,,Tl+3 2O-2,inorganic_aq,
ScOH+2,ScOH+2,ScOH+2,aq,SSWS97,,11/13/1997,HKF,cal,-191000,-200700,-15.7,-19.3,-19.1,-0.4111,-8.7778,9.1827,-2.416,6.7806,-6.9659,1.2944,2,4,0,-1.0000 ScOH+2 -1.0000 H+ 1.0000 Sc+3 1.0000 H2O,,Sc+3 O-2 H+,inorganic_aq,
ScO+,ScO+,ScO+,aq,SSWS97,,11/13/1997,HKF,cal,-183600,-189800,-3.6,-56.7,-13.6,0.1089,-7.5069,8.6817,-2.4686,-21.4773,-14.5843,0.6063,1,4,0,-1.0000 ScO+ -2.0000 H+ 1.0000 Sc+3 1.0000 H2O,,Sc+3 O-2,inorganic_aq,
HScO2,HScO2,HScO2,aq,SSWS97,,11/13/1997,HKF,cal,-231600,-244300,30.3,-91.9,11.6,3.3422,0.377,5.6066,-2.7945,-47.9689,-21.7545,-0.03,0,4,0,-1.0000 HScO2 -3.0000 H+ 1.0000 Sc+3 2.0000 H2O,,Sc+3 H+ 2O-2,inorganic_aq,
ScO2-,ScO2-,ScO2-,aq,SSWS97,,11/13/1997,HKF,cal,-218100,-234100,19.2,-74.1,5.6,2.9831,-0.4979,5.9465,-2.7583,-24.9439,-18.1287,1.3369,-1,4,0,-1.0000 ScO2- -4.0000 H+ 1.0000 Sc+3 2.0000 H2O,,Sc+3 2O-2,inorganic_aq,
VOH+,VOH+,VOH+,aq,SSWS97,,11/13/1997,HKF,cal,-99800,-114100,-16.4,27.7,-26,-1.5223,-11.495,10.2591,-2.3037,29.7729,2.6079,0.8002,1,4,0,-1.0000 VOH+ -1.0000 H+ 1.0000 V+2 1.0000 H2O,,V+2 O-2 H+,inorganic_aq,
VOH+2,VOH+2,VOH+2,aq,SSWS97,,11/13/1997,HKF,cal,-111500,-119400,-10.6,-25.1,-16.8,-0.1213,-8.0707,8.9058,-2.4453,2.7011,-8.1474,1.2206,2,4,0,-1.0000 VOH+2 -1.0000 H+ 1.0000 V+3 1.0000 H2O,,V+3 O-2 H+,inorganic_aq,
VO+,VO+,VO+,aq,SSWS97,,11/13/1997,HKF,cal,-106100,-109400,4.9,-66.4,-36.8,-3.1084,-15.3641,11.7711,-2.1437,-28.327,-16.5602,0.4799,1,4,0,-1.0000 VO+ -2.0000 H+ 1.0000 V+3 1.0000 H2O,,V+3 O-2,inorganic_aq,
CrOH+2,CrOH+2,CrOH+2,aq,SSWS97,,11/13/1997,HKF,cal,-100500,-118600,-46.1,15.4,-36.6,-2.6482,-14.2423,11.3347,-2.1901,31.4127,0.1024,1.7607,2,4,0,-1.0000 CrOH+2 -1.0000 H+ 1.0000 Cr+3 1.0000 H2O,,Cr+3 O-2 H+,inorganic_aq,
CrO+,CrO+,CrO+,aq,SSWS97,,11/13/1997,HKF,cal,-92800,-105000,-26.3,-30.8,-23.8,-1.1728,-10.6385,9.9161,-2.3391,-3.1901,-9.3085,0.9437,1,4,0,-1.0000 CrO+ -2.0000 H+ 1.0000 Cr+3 1.0000 H2O,,Cr+3 O-2,inorganic_aq,
HCrO2,HCrO2,HCrO2,aq,SSWS97,,11/13/1997,HKF,cal,-138100,-157300,6,-37.7,-1.6,1.5359,-4.0259,7.3211,-2.6125,-16.2043,-10.714,-0.03,0,4,0,-1.0000 HCrO2 -3.0000 H+ 1.0000 Cr+3 2.0000 H2O,,Cr+3 H+ 2O-2,inorganic_aq,
CrO2-,CrO2-,CrO2-,aq,SSWS97,,11/13/1997,HKF,cal,-125300,-148300,-6.7,-20.7,-8.4,1.2013,-4.8403,7.635,-2.5788,10.0021,-7.2511,1.7331,-1,4,0,-1.0000 CrO2- -4.0000 H+ 1.0000 Cr+3 2.0000 H2O,,Cr+3 2O-2,inorganic_aq,
MnOH+,MnOH+,MnOH+,aq,SSWS97,,11/13/1997,HKF,cal,-97300,-106800,0.3,8.7,-11.9,0.3213,-6.9901,8.4821,-2.4899,16.2994,-1.2623,0.5464,1,4,0,-1.0000 MnOH+ -1.0000 H+ 1.0000 Mn+2 1.0000 H2O,,Mn+2 O-2 H+,inorganic_aq,
MnO,MnO,MnO,aq,SSWS97,,11/13/1997,HKF,cal,-81500,-99100,-2.5,-12.7,-13.1,-0.0376,-7.8656,8.8229,-2.4537,-1.5528,-5.6215,-0.03,0,4,0,-1.0000 MnO -2.0000 H+ 1.0000 Mn+2 1.0000 H2O,,Mn+2 O-2,inorganic_aq,
HMnO2-,HMnO2-,HMnO2-,aq,SSWS97,,11/13/1997,HKF,cal,-121000,-149900,-9.1,-3.3,-9.7,1.0354,-5.248,7.8003,-2.5619,20.5255,-3.7067,1.7685,-1,4,0,-1.0000 HMnO2- -3.0000 H+ 1.0000 Mn+2 2.0000 H2O,,Mn+2 H+ 2O-2,inorganic_aq,
MnO2-2,MnO2-2,MnO2-2,aq,SSWS97,,11/13/1997,HKF,cal,-102600,-133300,-15.2,-71.5,-13,1.1489,-4.9713,7.6937,-2.5734,-4.0375,-17.5991,3.4408,0,4,0,-1.0000 MnO2-2 -4.0000 H+ 1.0000 Mn+2 2.0000 H2O,,Mn+2 2O-2,inorganic_aq,
FeOH+,FeOH+,FeOH+,aq,SSWS97,,11/13/1997,HKF,cal,-65850,-78080,-10,15,-16.5,-0.2561,-8.4039,9.0457,-2.4315,21.4093,0.0209,0.7003,1,4,0,-1.0000 FeOH+ -1.0000 H+ 1.0000 Fe+2 1.0000 H2O,,Fe+2 O-2 H+,inorganic_aq,
FeO,FeO,FeO,aq,SSWS97,,11/13/1997,HKF,cal,-50720,-62950,-10,0,-16.5,-0.5029,-9.0053,9.2791,-2.4066,5.8901,-3.0345,-0.03,0,3,0,-1.0000 FeO -2.0000 H+ 1.0000 Fe+2 1.0000 H2O,,Fe+2 O-2,inorganic_aq,
HFeO2-,HFeO2-,HFeO2-,aq,SSWS97,,11/13/1997,HKF,cal,-95400,-125700,-15,22,-12.9,0.6272,-6.244,8.1905,-2.5208,36.1624,1.4468,1.8564,-1,4,0,-1.0000 HFeO2- -3.0000 H+ 1.0000 Fe+2 2.0000 H2O,,Fe+2 H+ 2O-2,inorganic_aq,
FeOH+2,FeOH+2,FeOH+2,aq,SSWS97,,11/13/1997,HKF,cal,-57800,-70000,-25.4,-8.2,-24.9,-1.1562,-10.6009,9.9077,-2.3407,14.6102,-4.7048,1.4382,2,4,0,-1.0000 FeOH+2 -1.0000 H+ 1.0000 Fe+3 1.0000 H2O,,Fe+3 O-2 H+,inorganic_aq,
FeO+,FeO+,FeO+,aq,SSWS97,,11/13/1997,HKF,cal,-53100,-61000,-11.1,-48.1,-41.8,-3.7118,-16.8408,12.3595,-2.0827,-15.3982,-12.8325,0.7191,1,4,0,-1.0000 FeO+ -2.0000 H+ 1.0000 Fe+3 1.0000 H2O,,Fe+3 O-2,inorganic_aq,
HFeO2,HFeO2,HFeO2,aq,SSWS97,,11/13/1997,HKF,cal,-101100,-120300,22.2,-74.6,7.2,2.7401,-1.0905,6.1776,-2.7338,-37.83,-18.2305,-0.03,0,4,0,-1.0000 HFeO2 -3.0000 H+ 1.0000 Fe+3 2.0000 H2O,,Fe+3 H+ 2O-2,inorganic_aq,
FeO2-,FeO2-,FeO2-,aq,SSWS97,,11/13/1997,HKF,cal,-88000,-110700,10.6,-56.3,0.9,2.3837,-1.9602,6.5182,-2.6979,-13.3207,-14.5028,1.4662,-1,4,0,-1.0000 FeO2- -4.0000 H+ 1.0000 Fe+3 2.0000 H2O,,Fe+3 2O-2,inorganic_aq,
CoOH+,CoOH+,CoOH+,aq,SSWS97,,11/13/1997,HKF,cal,-56025,-68450,-10,24,-16.5,-0.2561,-8.4039,9.0457,-2.4315,26.6839,1.8542,0.7003,1,4,0,-1.0000 CoOH+ -1.0000 H+ 1.0000 Co+2 1.0000 H2O,,Co+2 O-2 H+,inorganic_aq,
CoO,CoO,CoO,aq,SSWS97,,11/13/1997,HKF,cal,-44000,-58800,-17.8,4.8,-24.2,-1.5566,-11.5736,10.2791,-2.3004,8.7031,-2.0567,-0.03,0,4,0,-1.0000 CoO -2.0000 H+ 1.0000 Co+2 1.0000 H2O,,Co+2 O-2,inorganic_aq,
HCoO2-,HCoO2-,HCoO2-,aq,SSWS97,,11/13/1997,HKF,cal,-83400,-117100,-25.5,34.1,-18.6,-0.0971,-8.0155,8.8926,-2.4475,44.7712,3.9116,2.0211,-1,4,0,-1.0000 HCoO2- -3.0000 H+ 1.0000 Co+2 2.0000 H2O,,Co+2 H+ 2O-2,inorganic_aq,
CoO2-2,CoO2-2,CoO2-2,aq,SSWS97,,11/13/1997,HKF,cal,-63200,-99000,-32.7,-31.6,-22.5,-0.059,-7.9219,8.854,-2.4514,21.8518,-9.4714,3.7128,-2,4,0,-1.0000 CoO2-2 -4.0000 H+ 1.0000 Co+2 2.0000 H2O,,Co+2 2O-2,inorganic_aq,
CoOH+2,CoOH+2,CoOH+2,aq,SSWS97,,11/13/1997,HKF,cal,-23000,-36100,-27.8,-5.5,-24.5,-1.0884,-10.4353,9.8425,-2.3475,16.5492,-4.1549,1.4769,2,4,0,-1.0000 CoOH+2 -1.0000 H+ 1.0000 Co+3 1.0000 H2O,,Co+3 O-2 H+,inorganic_aq,
NiOH+,NiOH+,NiOH+,aq,SSWS97,,11/13/1997,HKF,cal,-52850,-67650,-18,31,-20.1,-0.7075,-9.5051,9.476,-2.386,31.9091,3.2801,0.8222,1,4,0,-1.0000 NiOH+ -1.0000 H+ 1.0000 Ni+2 1.0000 H2O,,Ni+2 O-2 H+,inorganic_aq,
NiO,NiO,NiO,aq,SSWS97,,11/13/1997,HKF,cal,-39340,-56230,25,10,-23.3,-1.4334,-11.2786,10.1751,-2.3126,11.7507,-0.9975,-0.03,0,3,0,-1.0000 NiO -2.0000 H+ 1.0000 Ni+2 1.0000 H2O,,Ni+2 O-2,inorganic_aq,
HNiO2-,HNiO2-,HNiO2-,aq,SSWS97,,11/13/1997,HKF,cal,-81980,-118760,-36,48,-24.2,-0.8143,-9.7619,9.5688,-2.3753,54.2564,6.743,2.1664,-1,4,0,-1.0000 HNiO2- -3.0000 H+ 1.0000 Ni+2 2.0000 H2O,,Ni+2 H+ 2O-2,inorganic_aq,
NiO2-2,NiO2-2,NiO2-2,aq,SSWS97,,11/13/1997,HKF,cal,-64200,-101800,-38.9,-17.5,-25.8,-0.4814,-8.9493,9.2495,-2.4089,30.9114,-6.5993,3.7992,-2,4,0,-1.0000 NiO2-2 -4.0000 H+ 1.0000 Ni+2 2.0000 H2O,,Ni+2 2O-2,inorganic_aq,
CuOH+,CuOH+,CuOH+,aq,SSWS97,,11/13/1997,HKF,cal,-30200,-41700,-6.1,16,-14.7,-0.0277,-7.8416,8.8142,-2.4547,21.5062,0.2246,0.6472,1,4,0,-1.0000 CuOH+ -1.0000 H+ 1.0000 Cu+2 1.0000 H2O,,Cu+2 O-2 H+,inorganic_aq,
CuO,CuO,CuO,aq,SSWS97,,11/13/1997,HKF,cal,-20800,-34200,-12.4,-1.4,-17.6,-0.3937,-8.736,9.1675,-2.4178,12.149,-3.3197,0.7384,0,4,0,-1.0000 CuO -2.0000 H+ 1.0000 Cu+2 1.0000 H2O,,Cu+2 O-2,inorganic_aq,
HCuO2-,HCuO2-,HCuO2-,aq,SSWS97,,11/13/1997,HKF,cal,-60100,-86300,0.3,-24.7,-4.6,1.3202,-4.5527,7.5282,-2.5907,-3.2749,-8.0659,0.5464,-1,4,0,-1.0000 HCuO2- -3.0000 H+ 1.0000 Cu+2 2.0000 H2O,,Cu+2 H+ 2O-2,inorganic_aq,
CuO2-2,CuO2-2,CuO2-2,aq,SSWS97,,11/13/1997,HKF,cal,-41200,-74400,-23.1,-53.5,-17.3,0.6024,-6.3038,8.2129,-2.5183,7.6532,-13.9325,3.5647,-2,4,0,-1.0000 CuO2-2 -4.0000 H+ 1.0000 Cu+2 2.0000 H2O,,Cu+2 2O-2,inorganic_aq,
YOH+2,YOH+2,YOH+2,aq,SSWS97,,11/14/1997,HKF,cal,-210000,-220900,-17.2,-17.6,2.1,2.4985,-1.6806,6.4099,-2.7094,8.0136,-6.6196,1.3201,2,4,0,-1.0000 YOH+2 -1.0000 H+ 1.0000 Y+3 1.0000 H2O,,Y+3 O-2 H+,inorganic_aq,
YO+,YO+,YO+,aq,SSWS97,,11/14/1997,HKF,cal,-198100,-204600,-2.2,-58.3,4.5,2.5778,-1.489,6.3393,-2.7173,-22.6289,-14.9102,0.5831,1,4,0,-1.0000 YO+ -2.0000 H+ 1.0000 Y+3 1.0000 H2O,,Y+3 O-2,inorganic_aq,
HYO2,HYO2,HYO2,aq,SSWS97,,11/14/1997,HKF,cal,-241700,-254600,31.8,-96.5,19.7,4.4506,3.0828,4.5443,-2.9063,-50.6646,-22.6916,-0.03,0,4,0,-1.0000 HYO2 -3.0000 H+ 1.0000 Y+3 2.0000 H2O,,Y+3 H+ 2O-2,inorganic_aq,
YO2-,YO2-,YO2-,aq,SSWS97,,11/14/1997,HKF,cal,-227400,-243600,20.8,-77.3,16.9,4.5219,3.2579,4.4729,-2.9136,-27.0256,-18.7805,1.3145,-1,4,0,-1.0000 YO2- -4.0000 H+ 1.0000 Y+3 2.0000 H2O,,Y+3 2O-2,inorganic_aq,
ZrOH+3,ZrOH+3,ZrOH+3,aq,SSWS97,,11/14/1997,HKF,cal,-190400,-212500,-71.6,44.4,-12.7,0.9279,-5.5093,7.9015,-2.5511,56.7436,6.0097,2.6654,3,4,0,-1.0000 ZrOH+3 -1.0000 H+ 1.0000 Zr+4 1.0000 H2O,,Zr+4 O-2 H+,inorganic_aq,
ZrO+2,ZrO+2,ZrO+2,aq,SSWS97,,11/14/1997,HKF,cal,-187600,-204300,-53.4,0.1,-3.6,1.9014,-3.1364,6.9769,-2.6492,23.3712,-3.0141,1.8611,2,4,0,-1.0000 ZrO+2 -2.0000 H+ 1.0000 Zr+4 1.0000 H2O,,Zr+4 O-2,inorganic_aq,
HZrO2+,HZrO2+,HZrO2+,aq,SSWS97,,11/14/1997,HKF,cal,-239700,-265300,-49.7,89.3,-0.7,2.1106,-2.6299,6.7878,-2.6702,70.5343,15.1558,1.306,1,4,0,-1.0000 HZrO2+ -3.0000 H+ 1.0000 Zr+4 2.0000 H2O,,Zr+4 H+ 2O-2,inorganic_aq,
ZrO2,ZrO2,ZrO2,aq,SSWS97,,11/14/1997,HKF,cal,-233400,-263800,-43.7,55.5,0.8,1.8643,-3.2264,7.0119,-2.6455,38.4166,8.2708,-0.03,0,4,0,-1.0000 ZrO2 -4.0000 H+ 1.0000 Zr+4 2.0000 H2O,,Zr+4 2O-2,inorganic_aq,
HZrO3-,HZrO3-,HZrO3-,aq,SSWS97,,11/14/1997,HKF,cal,-281500,-333300,-32.7,50.6,7.9,3.5625,0.9168,5.3901,-2.8168,55.3517,7.2726,2.1199,-1,4,0,-1.0000 HZrO3- -5.0000 H+ 1.0000 Zr+4 3.0000 H2O,,Zr+4 H+ 3O-2,inorganic_aq,
AgO-,AgO-,AgO-,aq,SSWS97,,11/14/1997,HKF,cal,-5500,-16300,13.9,-31.3,-5.7,1.464,-4.1994,7.3839,-2.6053,0.8786,-9.4103,1.4171,-1,4,0,-1.0000 AgO- -2.0000 H+ 1.0000 Ag+ 1.0000 H2O,,Ag+ O-2,inorganic_aq,
CdOH+,CdOH+,CdOH+,aq,SSWS97,,11/14/1997,HKF,cal,-61500,-73400,-2.9,12.3,-13.3,0.1473,-7.4141,8.6471,-2.4724,18.8886,-0.529,0.5985,1,4,0,-1.0000 CdOH+ -1.0000 H+ 1.0000 Cd+2 1.0000 H2O,,Cd+2 O-2 H+,inorganic_aq,
CdO,CdO,CdO,aq,SSWS97,,11/14/1997,HKF,cal,-47500,-59750,-4.2,-10.7,-13.9,-0.1471,-8.1341,8.9312,-2.4426,-0.3806,-5.2141,-0.03,0,4,0,-1.0000 CdO -2.0000 H+ 1.0000 Cd+2 1.0000 H2O,,Cd+2 O-2,inorganic_aq,
HCdO2-,HCdO2-,HCdO2-,aq,SSWS97,,11/14/1997,HKF,cal,-86500,-117400,-10.9,0.9,-10.7,0.908,-5.557,7.9176,-2.5492,23.2446,-2.8512,1.7965,-1,4,0,-1.0000 HCdO2- -3.0000 H+ 1.0000 Cd+2 2.0000 H2O,,Cd+2 H+ 2O-2,inorganic_aq,
CdO2-2,CdO2-2,CdO2-2,aq,SSWS97,,11/14/1997,HKF,cal,-67300,-101000,-20.3,-59.9,-15.8,0.7922,-5.8401,8.0303,-2.5375,3.481,-15.2361,3.519,-2,4,0,-1.0000 CdO2-2 -4.0000 H+ 1.0000 Cd+2 2.0000 H2O,,Cd+2 2O-2,inorganic_aq,
HfOH+3,HfOH+3,HfOH+3,aq,SSWS97,,11/14/1997,HKF,cal,-189000,-211800,-72.8,45.8,-12.9,0.9047,-5.567,7.9267,-2.5488,57.6774,6.2949,2.6777,3,4,0,-1.0000 HfOH+3 -1.0000 H+ 1.0000 Hf+4 1.0000 H2O,,Hf+4 O-2 H+,inorganic_aq,
HfO+2,HfO+2,HfO+2,aq,SSWS97,,11/14/1997,HKF,cal,-186000,-200900,-46.2,-8.1,-2.5,2.0179,-2.8551,6.8743,-2.6609,17.6401,-4.6845,1.7607,2,4,0,-1.0000 HfO+2 -2.0000 H+ 1.0000 Hf+4 1.0000 H2O,,Hf+4 O-2,inorganic_aq,
HHfO2+,HHfO2+,HHfO2+,aq,SSWS97,,11/14/1997,HKF,cal,-237800,-264200,-51,92.3,-1.1,2.0629,-2.7421,6.8221,-2.6655,72.4834,15.7669,1.3268,1,4,0,-1.0000 HHfO2+ -3.0000 H+ 1.0000 Hf+4 2.0000 H2O,,Hf+4 H+ 2O-2,inorganic_aq,
HfO2,HfO2,HfO2,aq,SSWS97,,11/14/1997,HKF,cal,-231400,-262600,-45.1,58.4,0.4,1.8096,-3.3639,7.0739,-2.6398,40.1163,8.8615,-0.03,0,4,0,-1.0000 HfO2 -4.0000 H+ 1.0000 Hf+4 2.0000 H2O,,Hf+4 2O-2,inorganic_aq,
HHfO3-,HHfO3-,HHfO3-,aq,SSWS97,,11/14/1997,HKF,cal,-279200,-331800,-34.3,54.2,7.3,3.4908,0.7427,5.4561,-2.8096,57.7445,8.0059,2.1506,-1,4,0,-1.0000 HHfO3- -5.0000 H+ 1.0000 Hf+4 3.0000 H2O,,Hf+4 H+ 3O-2,inorganic_aq,
HgOH+,HgOH+,HgOH+,aq,SSWS97,,11/14/1997,HKF,cal,-12700,-20400,16.7,46.5,-4.5,1.2505,-4.7196,7.5872,-2.5838,36.1808,6.4374,0.2998,1,4,0,-1.0000 HgOH+ -1.0000 H+ 1.0000 Hg+2 1.0000 H2O,,Hg+2 O-2 H+,inorganic_aq,
HgO,HgO,HgO,aq,SSWS97,,11/14/1997,HKF,cal,-8900,-19200,8.2,-24.8,-8.3,0.6191,-6.2664,8.2051,-2.5198,-8.644,-8.0863,-0.03,0,4,0,-1.0000 HgO -2.0000 H+ 1.0000 Hg+2 1.0000 H2O,,Hg+2 O-2,inorganic_aq,
HHgO2-,HHgO2-,HHgO2-,aq,SSWS97,,11/14/1997,HKF,cal,-45200,-73800,2.3,-29.2,-3.6,1.8118,-3.3572,7.0689,-2.6401,3.7588,-8.9825,1.5962,-1,4,0,-1.0000 HHgO2- -3.0000 H+ 1.0000 Hg+2 2.0000 H2O,,Hg+2 H+ 2O-2,inorganic_aq,
Ru+2,Ru+2,Ru+2,aq,SS98a,,4/9/1992,HKF,cal,35900,35250,-26.6,-8.6,-24.5,-1.0908,-10.4415,9.8445,-2.3472,14.5527,-4.7863,1.4574,2,4,0,-1.0000 Ru+2 -1.0000 H+ -0.2500 O2(g) 0.5000 H2O 1.0000 Ru+3,aux,Ru+2 ,inorganic_aq,
Ru+3,Ru+3,Ru+3,aq,SS98a,,4/9/1992,HKF,cal,41440,32270,-70.8,-22.7,-39.4,-2.7297,-14.4406,11.4109,-2.1819,17.2884,-7.6646,2.6532,3,4,0,,basis,Ru+3 ,inorganic_aq,
Rh+2,Rh+2,Rh+2,aq,SS98a,,4/14/1992,HKF,cal,27700,26400,-28.1,-9.4,-25.9,-1.2799,-10.9008,10.0202,-2.3283,14.2693,-4.9472,1.4769,2,4,0,,basis,Rh+2 ,inorganic_aq,
Rh+3,Rh+3,Rh+3,aq,SSWS97,SS98a.2,11/7/1997,HKF,cal,52450,42830,-71.6,-30.2,-43.5,-3.2866,-15.802,11.9492,-2.1256,13.0231,-9.1862,2.6654,3,4,0,-1.0000 Rh+3 -0.5000 H2O 0.2500 O2(g) 1.0000 H+ 1.0000 Rh+2,aux,Rh+3 ,inorganic_aq,
RuOH+,Ru(OH)+,Ru(OH)+,aq,SS98a,,8/12/2015,HKF,cal,-10470,-22970,-10.6,21.1,-16.8,-0.294,-8.4918,9.07,-2.4278,25.0701,1.2635,0.7096,1,4,0,-1.0000 RuOH+ -1.0000 H+ 1.0000 Ru+2 1.0000 H2O,,Ru+2 H+ O-2,inorganic_aq,
RuO,RuO,RuO,aq,SS98a,,4/13/1995,HKF,cal,230,-14260,-17.3,4.2,-19.8,-0.9545,-10.1059,9.7076,-2.3611,8.3516,-2.179,-0.03,0,4,0,-1.0000 RuO -2.0000 H+ 1.0000 Ru+2 1.0000 H2O,,Ru+2 O-2,inorganic_aq,
RuOH+2,Ru(OH)+2,Ru(OH)+2,aq,SS98a,,7/12/1995,HKF,cal,-12190,-25620,-31.5,-1.3,-0.1,2.2708,-2.2384,6.6335,-2.6864,19.5665,-3.2993,1.5372,2,4,0,-1.0000 RuOH+2 -1.0000 H+ 1.0000 Ru+3 1.0000 H2O,,Ru+3 H+ O-2,inorganic_aq,
RuO+,RuO+,RuO+,aq,SS98a,,7/25/1994,HKF,cal,-10450,-23050,-17.5,-40.9,2.1,2.3302,-2.0945,6.5792,-2.6923,-10.2289,-11.3658,0.8222,1,4,0,-1.0000 RuO+ -2.0000 H+ 1.0000 Ru+3 1.0000 H2O,,Ru+3 O-2,inorganic_aq,
RhOH+,Rh(OH)+,Rh(OH)+,aq,SS98a,,8/16/2015,HKF,cal,-18290,-31600,-12.6,23.4,-17.7,-0.4074,-8.7688,9.179,-2.4164,26.6834,1.732,0.7384,1,4,0,-1.0000 RhOH+ -1.0000 H+ 1.0000 Rh+2 1.0000 H2O,,Rh+2 H+ O-2,inorganic_aq,
RhO,RhO,RhO,aq,SS98a,,7/14/1994,HKF,cal,-7220,-22540,-19.4,6.6,-20.7,-1.0776,-10.4074,9.8276,-2.3487,9.7582,-1.6901,-0.03,0,4,0,-1.0000 RhO -2.0000 H+ 1.0000 Rh+2 1.0000 H2O,,Rh+2 O-2,inorganic_aq,
RhOH+2,Rh(OH)+2,Rh(OH)+2,aq,SS98a,,7/13/1995,HKF,cal,-820,-14620,-32.5,-0.1,-0.3,2.247,-2.2946,6.6503,-2.684,20.365,-3.0549,1.5475,2,4,0,-1.0000 RhOH+2 -1.0000 H+ 1.0000 Rh+3 1.0000 H2O,,Rh+3 H+ O-2,inorganic_aq,
RhO+,RhO+,RhO+,aq,SS98a,,7/25/1994,HKF,cal,3140,-10010,-18.7,-39.5,1.9,2.3067,-2.1515,6.6002,-2.69,-9.3049,-11.0806,0.8334,1,4,0,-1.0000 RhO+ -2.0000 H+ 1.0000 Rh+3 1.0000 H2O,,Rh+3 O-2,inorganic_aq,
Al+3,Al+3,Al+3,aq,SSWS97.4,,11/7/1997,HKF,cal,-115609,-126834,-77.7,-32.5,-44.4,-3.3802,-17.0071,14.5185,-2.0758,10.7,-8.06,2.753,3,9,0,,basis,Al+3 ,inorganic_aq,
AlOH+2,AlOH+2,AlOH+2,aq,SSWS97.4,,11/13/1997,HKF,cal,-165475,-183300,-44.2,13.2,-2.2,2.0469,-2.7813,6.8376,-2.6639,29.7923,-0.3457,1.7247,2,4,0,-1.0000 AlOH+2 -1.0000 H+ 1.0000 Al+3 1.0000 H2O,,Al+3 O-2 H+,inorganic_aq,
H2AsO4-,H2AsO4-,H2AsO4-,aq,SSWS97.3,,11/11/1997,HKF,cal,-180010,-217390,28,-0.6,33.4,6.7429,8.6835,2.3351,-3.1379,16.9206,-3.1567,1.2055,-1,4,0,,basis,As+5 2H+ 4O-2,inorganic_aq,
HAsO4-2,HAsO4-2,HAsO4-2,aq,SSWS97.3,,11/11/1997,HKF,cal,-170790,-216620,-0.4,-47.5,11.3,4.3994,2.9611,4.5853,-2.9013,7.9908,-12.7102,3.2197,-2,4,0,-1.0000 HAsO4-2 -1.0000 H+ 1.0000 H2AsO4-,,As+5 H+ 4O-2,inorganic_aq,
AsO4-3,AsO4-3,AsO4-3,aq,SSWS97.3,,11/11/1997,HKF,cal,-154970,-212270,-38.9,-116.1,-18.7,1.0308,-5.2609,7.8091,-2.5614,-12.1352,-26.6841,5.399,-3,3,0,-1.0000 AsO4-3 -2.0000 H+ 1.0000 H2AsO4-,aux,As+5 4O-2,inorganic_aq,
H2AsO3-,H2AsO3-,H2AsO3-,aq,SH88.2,,7/3/1987,HKF,cal,-140330,-170840,26.4,-2.9,26.4,5.7934,6.3646,3.2485,-3.0421,15.8032,-3.6253,1.2305,-1,4,0,-1.0000 H2AsO3- -0.5000 O2(g) 1.0000 H2AsO4-,aux,As+3 2H+ 3O-2,inorganic_aq,
Au+,Au+,Au+,aq,SSWS97.2,SH88.1,11/13/1997,HKF,cal,39000,47900,25.6,-0.3,12.5,3.5312,0.8428,5.4139,-2.8137,7.5089,-3.0956,0.1648,1,4,0,,basis,Au+ ,inorganic_aq,
Ag+,Ag+,Ag+,aq,SH88.3,,11/7/1997,HKF,cal,18427,25275,17.54,7.9,-0.8,1.7285,-3.5608,7.1496,-2.6318,12.7862,-1.4254,0.216,1,2.5,0,,basis,Ag+ ,inorganic_aq,
AgOH,AgOH,AgOH,aq,SSWS97,,11/14/1997,HKF,cal,-21900,-31800,17.2,-10.6,3.9,2.2885,-2.1912,6.6063,-2.6883,-0.3221,-5.1937,-0.03,0,4,0,-1.0000 AgOH -1.0000 H+ 1.0000 Ag+ 1.0000 H2O,,Ag+ O-2 H+,inorganic_aq,
AgCl,AgCl,AgCl,aq,SSH97.3,,9/16/1997,HKF,cal,-17450,-18270,34.1,6.7,25.24,5.2088,4.9399,3.8015,-2.9832,9.8168,-1.6698,-0.03,0,4,0,-1.0000 AgCl 1.0000 Ag+ 1.0000 Cl-,,Ag+ Cl-,inorganic_aq,
AgCl2-,AgCl2-,AgCl2-,aq,SSH97.3,,9/16/1997,HKF,cal,-51560,-61130,47,7.8,54.37,9.5149,15.4544,-0.3312,-3.4178,19.185,-1.4457,0.9169,-1,4,0,-1.0000 AgCl2- 1.0000 Ag+ 2.0000 Cl-,,Ag+ 2Cl-,inorganic_aq,
AgCl3-2,AgCl3-2,AgCl3-2,aq,SSH97.3,,10/2/1997,HKF,cal,-82710,-105613,44.5,10.69,86.82,14.504,27.6363,-5.1192,-3.9214,35.8339,-0.857,2.5402,-2,4,0,-1.0000 AgCl3-2 1.0000 Ag+ 3.0000 Cl-,,Ag+ 3Cl-,inorganic_aq,
Cu+,Cu+,Cu+,aq,SSWS97.2,SH88.1,11/13/1997,HKF,cal,11950,17132,9.7,13.7,-8,0.807,-5.804,8.0165,-2.539,17.9233,-0.2438,0.4046,1,4,0,-1.0000 Cu+ -1.0000 H+ -0.2500 O2(g) 0.5000 H2O 1.0000 Cu+2,aux,Cu+ ,inorganic_aq,
Zn+2,Zn+2,Zn+2,aq,SSWS97.5,SH88.1,11/7/1997,HKF,cal,-35200,-36660,-26.2,-5.33,-24.3,-1.0676,-8.929,6.1282,-2.4098,18.74,-5.37,1.4574,2,6,0,,basis,Zn+2 ,inorganic_aq,
ZnOH+,ZnOH+,ZnOH+1,aq,SSWS97.5,,11/14/1997,HKF,cal,-81190,-86990,15,10,-5.3,1.1499,-4.9677,7.6896,-2.5735,15.0306,-0.9975,0.326,1,4,0,-1.0000 ZnOH+ -1.0000 H+ 1.0000 Zn+2 1.0000 H2O,,Zn+2 O-2 H+,inorganic_aq,
ZnO,ZnO,ZnO,aq,SSWS97.5,,11/14/1997,HKF,cal,-67420,-78290,-2,-10,-21.9,-1.2418,-10.8072,9.9819,-2.3321,0.0295,-5.0715,-0.03,0,3,0,-1.0000 ZnO -2.0000 H+ 1.0000 Zn+2 1.0000 H2O,,Zn+2 O-2,inorganic_aq,
HZnO2-,HZnO2-,HZnO2-1,aq,SSWS97.5,,11/14/1997,HKF,cal,-110720,-142370,-16,20,-13.4,0.5623,-6.4047,8.2588,-2.5141,35.0874,1.0394,1.8669,-1,4,0,-1.0000 HZnO2- -3.0000 H+ 1.0000 Zn+2 2.0000 H2O,,Zn+2 H+ 2O-2,inorganic_aq,
ZnO2-2,ZnO2-2,ZnO2-2,aq,SSWS97.5,,11/14/1997,HKF,cal,-93290,-132100,-40,-15,-26.4,-0.5559,-9.1347,9.3301,-2.4013,32.5837,-6.09,3.8216,-2,4,0,-1.0000 ZnO2-2 -4.0000 H+ 1.0000 Zn+2 2.0000 H2O,,Zn+2 2O-2,inorganic_aq,
ZnCl+,ZnCl+,ZnCl+,aq,SSH97.3,,9/16/1997,HKF,cal,-66850,-66240,23,19.9,-1.28,1.6583,-3.7293,7.2088,-2.6248,19.6947,1.0191,0.2025,1,4,0,-1.0000 ZnCl+ 1.0000 Cl- 1.0000 Zn+2,,Zn+2 Cl-,inorganic_aq,
ZnCl2,ZnCl2,ZnCl2,aq,SSH97.3,,9/16/1997,HKF,cal,-98300,-109080,27.03,34.7,24.82,5.1486,4.7929,3.8592,-2.9771,26.1528,4.0338,-0.038,0,4,0,-1.0000 ZnCl2 1.0000 Zn+2 2.0000 Cl-,,Zn+2 2Cl-,inorganic_aq,
ZnCl3-,ZnCl3-,ZnCl3-,aq,SSH97.3,,10/2/1997,HKF,cal,-129310,-151060,25,41.97,53.9,9.5636,15.5732,-0.3779,-3.4227,42.2912,5.5147,1.2513,-1,4,0,-1.0000 ZnCl3- 1.0000 Zn+2 3.0000 Cl-,,Zn+2 3Cl-,inorganic_aq,
HCl,HCl,HCl,aq,MS97.2,SLOP98.11,7/30/1996,HKF,cal,-30410,-42054,3.2,,,1.2547,-4.7177,7.6043,-2.584,16.7134,2.8727,-0.7,0,3,0,-1.0000 HCl 1.0000 Cl- 1.0000 H+,,Cl- H+,inorganic_aq,
Pd+2,Pd+2,Pd+2,aq,SS98a.3,,4/9/1992,HKF,cal,42200,42540,-21.1,-5.7,-19.4,-0.3631,-8.6602,9.1359,-2.4209,17.1907,-4.1915,1.5579,2,4.5,0,,basis,Pd+2 ,inorganic_aq,
PdO,PdO,PdO,aq,SS98a.3,,4/14/1992,HKF,cal,-11500,-24320,-9.5,-4.7,-16.3,-0.4755,-8.9398,9.256,-2.4093,3.1356,-3.9919,-0.03,0,4.5,0,-1.0000 PdO -2.0000 H+ 1.0000 Pd+2 1.0000 H2O,,Pd+2 O-2,inorganic_aq,
Pt+2,Pt+2,Pt+2,aq,SS98a.3,,4/9/1992,HKF,cal,61600,60900,-23.6,-7,-21.7,-0.6648,-9.3985,9.4293,-2.3904,16.8028,-4.4624,1.6005,2,4,0,,basis,Pt+2 ,inorganic_aq,
CH4,,CH4,aq,PS01,,10/4/2000,HKF,cal,-8140,-20930,21,60.23,36,17.69,-15.3,-67.88,11.47,40.87,6.45,-0.4,0,4,0,-1.0000 CH4 -2.0000 O2(g) 1.0000 H+ 1.0000 H2O 1.0000 HCO3-,aux,C-4 4H+,inorganic_aq,
CO,,CO,aq,SM93,,9/1/2006,HKF,cal,-28682,-28910,24.53,64.5,33.8,6.2373,7.4498,2.8184,-3.0869,40.2523,10.0022,-0.3715,0,4,0,-1.0000 CO -1.0000 H2O -0.5000 O2(g) 1.0000 H+ 1.0000 HCO3-,aux,C+2 O-2,inorganic_aq,
HCN,,HCN,aq,SM93,,6/4/1993,HKF,cal,28600,25600,29.8,40.7,45.9,8.0083,11.7705,1.1286,-3.2655,28.9941,5.256,-0.1113,0,4,0,-1.0000 HCN 1.0000 CN- 1.0000 H+,,C+2 N-3 H+,inorganic_aq,
BaHCO3+,,Ba(HCO3)+,aq,SK95,SLOP98.8,1992-11-00,HKF,cal,-275700,-294350,46.83,,,7.882,11.464,1.244,-3.253,26.273,4.46,-0.158,1,4,0,-1.0000 BaHCO3+ 1.0000 Ba+2 1.0000 HCO3-,,Ba+2 H+ C+4 3O-2,inorganic_aq,
CaHCO3+,,Ca(HCO3)+,aq,SK95,SLOP98.8,1991-01-00,HKF,cal,-273830,-294350,16,,,3.706,1.267,5.252,-2.831,41.722,8.336,0.308,1,4,0,-1.0000 CaHCO3+ 1.0000 Ca+2 1.0000 HCO3-,,C+4 Ca+2 H+ 3O-2,inorganic_aq,
MgHCO3+,,Mg(HCO3)+,aq,SK95,SLOP98.8,1991-01-00,HKF,cal,-250200,-275750,-3,,,3.271,0.206,5.669,-2.788,47.284,9.34,0.599,1,4,0,-1.0000 MgHCO3+ 1.0000 HCO3- 1.0000 Mg+2,,C+4 H+ Mg+2 3O-2,inorganic_aq,
SrHCO3+,,Sr(HCO3)+,aq,SK95,SLOP98.8,1992-11-00,HKF,cal,-276720,-291688,38,,,3.694,1.237,5.264,-2.83,35.345,7.181,-0.023,1,4,0,-1.0000 SrHCO3+ 1.0000 Sr+2 1.0000 HCO3-,,Sr+2 H+ C+4 3O-2,inorganic_aq,
Ar,Ar,Ar,aq,PS01,,10/4/2000,HKF,cal,3890,-2880,14.3,52.82,32.6,11.71,-2.39,-44.93,1.91,27.96,9.56,-0.46,0,3,0,,basis,Ar ,inorganic_aq,
CO2,,CO2,aq,PS01,,8/18/2005,HKF,cal,-92250,-98900,28.1,51.86,33.5,15.2964,-10.0382,-55.4493,7.4092,36.8069,3.5851,-0.3107,0,3,-1,-1.0000 CO2 -1.0000 H2O 1.0000 H+ 1.0000 HCO3-,,C+4 2O-2,inorganic_aq,
Xe,Xe,Xe,aq,PS01,,10/4/2000,HKF,cal,3215,-4540,14.5,64.77,42.5,18.4,-2.39,-59.03,1.43,35.85,13.86,-0.39,0,3,0,,basis,Xe ,inorganic_aq,
PtSO4,Pt(SO4),Pt(SO4),aq,SS98a.3,,4/14/1995,HKF,cal,-120300,-155850,-3.6,-21.4,2,2.0253,-2.837,6.8659,-2.6616,-6.6457,-7.3916,-0.03,0,4,0,-1.0000 PtSO4 1.0000 Pt+2 1.0000 SO4-2,,Pt+2 S+6 4O-2,inorganic_aq,
PtO,PtO,PtO,aq,SS98a.3,,4/14/1992,HKF,cal,-1130,-15300,-13,-0.7,-17.9,-0.6945,-9.4705,9.4567,-2.3874,5.4799,-3.1771,-0.03,0,4,0,-1.0000 PtO 1.0000 Pt+2 1.0000 H2O -2.0000 H+,,Pt+2 O-2,inorganic_aq,
AsO2-,AsO2-,AsO2-,aq,SSWS97.3,,11/11/1997,HKF,cal,-83650,-102540,9.7,-28,6.9,3.2101,0.0554,5.7305,-2.7812,3.4104,-8.7381,1.482,-1,3,0,-1.0000 AsO2- -1.0000 H2O 1.0000 H2AsO4- -0.5000 O2(g),aux,As+3 2O-2,inorganic_aq,
HAsO2,HAsO2,HAsO2,aq,SSWS97.3,,11/11/1997,HKF,cal,-96240,-109110,30.1,2.9,28.3,5.5984,5.8913,3.428,-3.0224,6.799,-2.4438,-0.1158,0,3,0,-1.0000 HAsO2 1.0000 H+ 1.0000 AsO2-,,As+3 H+ 2O-2,inorganic_aq,
AlO2-,AlO2-,AlO2-1,aq,SSWS97.4,,11/7/1997,HKF,cal,-198693,-222125,-7.22,-11.9,10,3.7221,3.9954,-1.5879,-2.9441,15.2391,-5.4585,1.7418,-1,4,0,-1.0000 AlO2- -4.0000 H+ 1.0000 Al+3 2.0000 H2O,,Al+3 2O-2,inorganic_aq,
AlO+,AlO+,AlO+1,aq,SSWS97.4,,11/13/1997,HKF,cal,-158188,-170900,-27,-30,0.6,2.1705,-2.4811,6.7241,-2.6763,-2.5983,-9.1455,0.957,1,4,0,-1.0000 AlO+ -2.0000 H+ 1.0000 Al+3 1.0000 H2O,,Al+3 O-2,inorganic_aq,
HAlO2,HAlO2(AQ),HAlO2,aq,SSWS97.4,,11/13/1997,HKF,cal,-207700,-227500,5,-50,13,3.5338,0.8485,5.4132,-2.814,-23.4129,-13.2195,-0.03,0,4,0,-1.0000 HAlO2 -3.0000 H+ 1.0000 Al+3 2.0000 H2O,,Al+3 H+ 2O-2,inorganic_aq,
Am+3,Am+3,Am+3,aq,MS99,,2/11/1998,HKF,cal,-142900,-147400,-48.9,,,-2.9531,-14.9848,11.6223,-2.1594,6.5235,-10.327,2.3161,3,4.5,0,,basis,Am+3 ,inorganic_aq,
AmOH+2,AmOH+2,AmOH+2,aq,MS99,,2/11/1998,HKF,cal,-190845,-186550,-2.5,,,2.7959,-0.9559,6.128,-2.7394,-4.8573,-10.0418,1.0929,2,4,0,-1.0000 AmOH+2 -1.0000 H+ 1.0000 Am+3 1.0000 H2O,,Am+3 O-2 H+,inorganic_aq,
AmO+,AmO+,AmO+,aq,MS99,,6/27/1998,HKF,cal,-180340,-171250,13.6,,,2.8674,-0.7813,6.0593,-2.7466,-35.6706,-18.5768,0.3444,1,4,0,-1.0000 AmO+ -2.0000 H+ 1.0000 Am+3 1.0000 H2O,,Am+3 O-2,inorganic_aq,
HAmO2,HAmO2,HAmO2,aq,MS99,,6/27/1998,HKF,cal,-221190,-206620,48.7,,,5.0241,4.4881,3.981,-2.9644,-73.2025,-30.534,-0.03,0,4,0,-1.0000 HAmO2 -3.0000 H+ 1.0000 Am+3 2.0000 H2O,,Am+3 H+ 2O-2,inorganic_aq,
AmF+2,AmF+2,AmF+2,aq,MS99,,2/11/1998,HKF,cal,-214880,-220920,-14.2,,,-2.8891,-14.828,11.5598,-2.1659,19.5254,-2.4822,1.2776,2,4,0,-1.0000 AmF+2 1.0000 Am+3 1.0000 F-,,Am+3 F-,inorganic_aq,
AmF2+,AmF2+,AmF2+,aq,MS99,,2/11/1998,HKF,cal,-285490,-302130,-10,,,-2.6218,-14.1804,11.3162,-2.1927,16.1668,-1.8012,0.7003,1,4,0,-1.0000 AmF2+ 1.0000 Am+3 2.0000 F-,,Am+3 2F-,inorganic_aq,
AmF3,AmF3(AQ),AmF3,aq,MS99,,1/14/1999,HKF,cal,-355030,-386410,-19.6,,,-2.3562,-13.5317,11.0616,-2.2196,-9.286,-8.2838,-0.03,0,4,0,-1.0000 AmF3 3.0000 F- 1.0000 Am+3,,Am+3 3F-,inorganic_aq,
AmF4-,AmF4-,AmF4-,aq,MS99,,1/14/1999,HKF,cal,-423020,-474140,-46,,,-0.9839,-10.1809,9.7446,-2.3581,-26.7871,-21.93,2.3239,-1,4,0,-1.0000 AmF4- 4.0000 F- 1.0000 Am+3,,Am+3 4F-,inorganic_aq,
AmCl+2,AmCl+2,AmCl+2,aq,MS99,,6/27/1998,HKF,cal,-175710,-184780,-22,,,-0.2357,-8.3539,9.0265,-2.4336,18.1703,-3.3178,1.3914,2,4,0,-1.0000 AmCl+2 1.0000 Am+3 1.0000 Cl-,,Am+3 Cl-,inorganic_aq,
AmCl2+,AmCl2+,AmCl2+,aq,MS99,,1/14/1999,HKF,cal,-207730,-224330,-5,,,2.8832,-0.7385,6.0333,-2.7484,9.7834,-3.7964,0.6305,1,4,0,-1.0000 AmCl2+ 2.0000 Cl- 1.0000 Am+3,,Am+3 2Cl-,inorganic_aq,
AmCl3,AmCl3(AQ),AmCl3,aq,MS99,,1/18/1999,HKF,cal,-237720,-264600,2.8,,,6.4188,7.8944,2.6402,-3.1053,-19.2952,-11.7628,-0.03,0,4,0,-1.0000 AmCl3 3.0000 Cl- 1.0000 Am+3,,Am+3 3Cl-,inorganic_aq,
AmCl4-,AmCl4-,AmCl4-,aq,MS99,,1/18/1999,HKF,cal,-268230,-308380,0.5,,,11.1715,19.4992,-1.921,-3.585,-48.4478,-27.2169,1.6238,-1,4,0,-1.0000 AmCl4- 4.0000 Cl- 1.0000 Am+3,,Am+3 4Cl-,inorganic_aq,
AmNO3+2,AmNO3+2,AmNO3+2,aq,MS99,,6/27/1998,HKF,cal,-171220,-204070,-32,,,1.3476,-4.4881,7.507,-2.5934,33.6975,1.6122,1.5372,2,4,0,-1.0000 AmNO3+2 1.0000 Am+3 1.0000 NO3-,,Am+3 N+5 3O-2,inorganic_aq,
Am(NO3)2+,Am(NO3)2+,Am(NO3)2+,aq,MS99,,1/18/1999,HKF,cal,-198330,-256390,-4.6,,,6.1236,7.1736,2.9235,-3.0755,43.5785,7.9761,0.6223,1,4,0,-1.0000 Am(NO3)2+ 2.0000 NO3- 1.0000 Am+3,,Am+3 2N+5 6O-2,inorganic_aq,
AmNO2+2,AmNO2+2,AmNO2+2,aq,MS99,,6/27/1998,HKF,cal,-153470,-178190,-29.3,,,0.7899,-5.8466,8.0341,-2.5372,25.9108,-0.9964,1.5067,2,4,0,-1.0000 AmNO2+2 1.0000 Am+3 1.0000 NO2-,,Am+3 N+3 2O-2,inorganic_aq,
AmH2PO4+2,AmH2PO4+2,AmH2PO4+2,aq,MS99,,6/27/1998,HKF,cal,-417130,-460840,-25.7,,,1.632,-3.7971,7.2436,-2.6219,43.0978,5.166,1.4477,2,4,0,-1.0000 AmH2PO4+2 1.0000 Am+3 1.0000 HPO4-2 1.0000 H+,,Am+3 2H+ P+5 4O-2,inorganic_aq,
AmSCN+2,AmSCN+2,AmSCN+2,aq,MS99,,6/27/1998,HKF,cal,-122510,-136050,-31.7,,,2.2644,-2.2529,6.636,-2.6858,41.0941,4.183,1.5372,2,4,0,-1.0000 AmSCN+2 1.0000 SCN- 1.0000 Am+3,,Am+3 S-2 C+4 N-3,inorganic_aq,
Am(SCN)2+,Am(SCN)2+,Am(SCN)2+,aq,MS99,,1/22/1999,HKF,cal,-100420,-120030,-4.5,,,8.0619,11.9065,1.0633,-3.2712,61.241,14.1151,0.6223,1,4,0,-1.0000 Am(SCN)2+ 2.0000 SCN- 1.0000 Am+3,,Am+3 2S-2 2C+4 2N-3,inorganic_aq,
Am(SCN)3,Am(SCN)3(AQ),Am(SCN)3,aq,MS99,,1/22/1999,HKF,cal,-78480,-104000,23.2,,,14.6427,27.9751,-5.2524,-3.9354,70.5618,19.4692,-0.03,0,4,0,-1.0000 Am(SCN)3 3.0000 SCN- 1.0000 Am+3,,Am+3 3S-2 3C+4 3N-3,inorganic_aq,
Am(HCO3)+2,Am(HCO3)+2,Am(HCO3)+2,aq,MS99,,1/22/1999,HKF,cal,-286460,-315940,-26.6,,,0.7185,-6.0241,8.1108,-2.5299,41.5986,4.614,1.4574,2,4,0,-1.0000 Am(HCO3)+2 1.0000 HCO3- 1.0000 Am+3,,Am+3 H+ C+4 3O-2,inorganic_aq,
Am(ClO4)+2,Am(ClO4)+2,Am(ClO4)+2,aq,MS99,,1/22/1999,HKF,cal,-147420,-189870,-35.8,,,3.4489,0.6429,5.4904,-2.8055,45.5927,5.5441,1.6005,2,4,0,-1.0000 Am(ClO4)+2 1.0000 ClO4- 1.0000 Am+3,,Am+3 Cl+7 4O-2,inorganic_aq,
AmCO3+,AmCO3+,AmCO3+,aq,MS99,,7/19/1998,HKF,cal,-279730,-280130,103.7,,,-1.7286,-11.9966,10.4522,-2.283,-38.6375,-15.6435,-1.0199,1,4,0,-1.0000 AmCO3+ -1.0000 H+ 1.0000 HCO3- 1.0000 Am+3,,Am+3 C+4 3O-2,inorganic_aq,
Am(CO3)2-,Am(CO3)2-,Am(CO3)2-,aq,MS99,,7/19/1998,HKF,cal,-412070,-370270,84.7,,,0,0,0,0,60.6334,14.891,0.3461,-1,4,0,-1.0000 Am(CO3)2- -2.0000 H+ 2.0000 HCO3- 1.0000 Am+3,,Am+3 2C+4 6O-2,inorganic_aq,
AmSO4+,AmSO4+,AmSO4+,aq,MS99,,7/19/1998,HKF,cal,-326080,-314020,-12.4,,,1.5392,-4.0158,7.3119,-2.6129,-20.9484,-14.6047,0.7384,1,4,0,-1.0000 AmSO4+ 1.0000 Am+3 1.0000 SO4-2,,Am+3 S+6 4O-2,inorganic_aq,
Am(SO4)2-,Am(SO4)2-,Am(SO4)2-,aq,MS99,,7/19/1998,HKF,cal,-506130,-485990,-4.5,,,4.6821,3.6494,4.3193,-2.9298,-25.2191,-18.8824,1.6997,-1,4,0,-1.0000 Am(SO4)2- 1.0000 Am+3 2.0000 SO4-2,,Am+3 2S+6 8O-2,inorganic_aq,
PtOH+,Pt(OH)+,PtOH+,aq,SS98a.3,,4/14/1992,HKF,cal,1560,-10700,-6.7,,,-0.0659,-7.935,8.8518,-2.4509,21.9365,0.3468,0.6557,1,4,0,-1.0000 PtOH+ 1.0000 Pt+2 1.0000 H2O -1.0000 H+,,Pt+2 O-2 H+,inorganic_aq,
acanthite,Acn,Ag2S,cr,HDNB78,,5/5/1978,CGL,cal,-9446,-7550,34.3,,34.2,15.63,0.0086,0,0,0,0,0,450,,,-1.0000 acanthite -1.0000 H+ 1.0000 HS- 2.0000 Ag+,,2Ag+ S-2,inorganic_cr,
acanthite,Acn,Ag2S,cr2,HDNB78,OBIGT.1,5/5/1978,CGL,cal,-9235.197,-7024.866,35.3543,,34.2,1.819,0.053,0,0,0,0,0,620,,,-1.0000 acanthite -1.0000 H+ 1.0000 HS- 2.0000 Ag+,,2Ag+ S-2,inorganic_cr,
acanthite,Acn,Ag2S,cr3,HDNB78,OBIGT.1,5/5/1978,CGL,cal,-8227.324,-4960.457,38.898,,34.2,21.6,0,0,0,0,0,0,1000,,,-1.0000 acanthite -1.0000 H+ 1.0000 HS- 2.0000 Ag+,,2Ag+ S-2,inorganic_cr,
alabandite,Alb,MnS,cr,HDNB78,,5/5/1978,CGL,cal,-52178,-51000,19.2,,21.46,11.4,0.0018,0,0,0,0,0,1803,,,-1.0000 alabandite -1.0000 H+ 1.0000 HS- 1.0000 Mn+2,polymorph,Mn+2 S-2,inorganic_cr,
anglesite,Ang,PbSO4,cr,HDNB78,,5/5/1978,CGL,cal,-194353,-219870,35.51,,47.95,10.96,0.031,420000,0,0,0,0,1100,,,-1.0000 anglesite 1.0000 Pb+2 1.0000 SO4-2,,Pb+2 S+6 4O-2,inorganic_cr,
anhydrite,Anh,CaSO4,cr,HDNB78,,5/5/1978,CGL_Ttr,cal,-315925,-342760,25.5,,45.94,16.78,0.0236,0,0,0,0,0,1453,,,-1.0000 anhydrite 1.0000 Ca+2 1.0000 SO4-2,,S+6 Ca+2 4O-2,inorganic_cr,
barite,Brt,BaSO4,cr,HDNB78,,5/5/1978,CGL,cal,-325563,-352100,31.6,,52.1,33.8,0,-843000,0,0,0,0,1422,,,-1.0000 barite 1.0000 Ba+2 1.0000 SO4-2,,Ba+2 S+6 4O-2,inorganic_cr,
bornite,Bn,Cu5FeS4,cr,HDNB78,PK70,5/5/1978,CGL,cal,-86704,-79922,99.29,,98.6,49.76,0.03508,-135000,0,0,0,0,485,,,-1.0000 bornite -4.0000 H+ 1.0000 Cu+2 1.0000 Fe+2 4.0000 Cu+ 4.0000 HS-,,5Cu+ Fe+3 4S-2,inorganic_cr,
bornite,Bn,Cu5FeS4,cr2,HDNB78,OBIGT.1,5/5/1978,CGL,cal,-86373.231,-78463.256,103.0733,,98.6,-34.31,0.247,0,0,0,0,0,540,,,-1.0000 bornite -4.0000 H+ 1.0000 Cu+2 1.0000 Fe+2 4.0000 Cu+ 4.0000 HS-,,5Cu+ Fe+3 4S-2,inorganic_cr,
bornite,Bn,Cu5FeS4,cr3,HDNB78,OBIGT.1,5/5/1978,CGL,cal,-86513.642,-80947.917,95.2106,,98.6,80.33,-0.00204,0,0,0,0,0,1200,,,-1.0000 bornite -4.0000 H+ 1.0000 Cu+2 1.0000 Fe+2 4.0000 Cu+ 4.0000 HS-,,5Cu+ Fe+3 4S-2,inorganic_cr,
bunsenite,Bsn,NiO,cr,HDNB78,,5/5/1978,CGL_Ttr,cal,-50573,-57300,9.08,,10.97,-4.99,0.03758,389000,0,0,0,0,525,,,-1.0000 bunsenite -2.0000 H+ 1.0000 H2O 1.0000 Ni+2,,Ni+2 O-2,inorganic_cr,
bunsenite,Bsn,NiO,cr2,HDNB78,OBIGT.1,5/5/1978,CGL_Ttr,cal,-50581.657,-57508.213,8.4107,,10.97,13.88,0,0,0,0,0,0,565,,,-1.0000 bunsenite -2.0000 H+ 1.0000 H2O 1.0000 Ni+2,,Ni+2 O-2,inorganic_cr,
bunsenite,Bsn,NiO,cr3,HDNB78,OBIGT.1,5/5/1978,CGL_Ttr,cal,-50447.661,-57020.353,9.5976,,10.97,11.18,0.00202,0,0,0,0,0,2000,,,-1.0000 bunsenite -2.0000 H+ 1.0000 H2O 1.0000 Ni+2,,Ni+2 O-2,inorganic_cr,
celestite,Cls,SrSO4,cr,RA87,HDNB78.2,1/15/2019,CGL,cal,-321736.8,-348671.3,28.66216,,46.25,21.8,0.0133,0,0,0,0,0,1500,,,-1.0000 celestite 1.0000 SO4-2 1.0000 Sr+2,,Sr+2 S+6 4O-2,inorganic_cr,
cerussite,Cer,PbCO3,cr,HDNB78,,5/5/1978,CGL,cal,-150370,-168000,31.3,,40.59,12.39,0.0286,0,0,0,0,0,800,,,-1.0000 cerussite -1.0000 H+ 1.0000 HCO3- 1.0000 Pb+2,,Pb+2 C+4 3O-2,inorganic_cr,
chalcocite,Cct,Cu2S,cr,HDNB78,,5/5/1978,CGL_Ttr,cal,-20626,-19000,28.9,,27.48,12.63,0.01882,0,0,0,0,0,376,,,-1.0000 chalcocite -1.0000 H+ 1.0000 HS- 2.0000 Cu+,,2Cu+ S-2,inorganic_cr,
chalcocite,Cct,Cu2S,cr2,HDNB78,OBIGT.1,5/5/1978,CGL_Ttr,cal,-20479.051,-18494.843,30.1015,,27.48,26.78,-0.00735,0,0,0,0,0,717,,,-1.0000 chalcocite -1.0000 H+ 1.0000 HS- 2.0000 Cu+,,2Cu+ S-2,inorganic_cr,
chalcocite,Cct,Cu2S,cr3,HDNB78,OBIGT.1,5/5/1978,CGL_Ttr,cal,-19940.435,-17064.666,33.0917,,27.48,20.32,0,0,0,0,0,0,1400,,,-1.0000 chalcocite -1.0000 H+ 1.0000 HS- 2.0000 Cu+,,2Cu+ S-2,inorganic_cr,
chalcopyrite,Ccp,CuFeS2,cr,HDNB78,PK70,5/5/1978,CGL,cal,-44900,-44453,31.15,,42.83,20.79,0.0128,-134000,0,0,0,0,830,,,-1.0000 chalcopyrite -2.0000 H+ 1.0000 Cu+2 1.0000 Fe+2 2.0000 HS-,,Cu+ Fe+3 2S-2,inorganic_cr,
chalcopyrite,Ccp,CuFeS2,cr2,HDNB78,OBIGT.1,5/5/1978,CGL,cal,-34590.133,-15235.889,94.5651,,42.83,-141.4,0.21,0,0,0,0,0,930,,,-1.0000 chalcopyrite -2.0000 H+ 1.0000 Cu+2 1.0000 Fe+2 2.0000 HS-,,Cu+ Fe+3 2S-2,inorganic_cr,
chalcopyrite,Ccp,CuFeS2,cr3,HDNB78,OBIGT.1,5/5/1978,CGL,cal,-46119.409,-49143.645,19.5073,,42.83,41.22,0,0,0,0,0,0,1200,,,-1.0000 chalcopyrite -2.0000 H+ 1.0000 Cu+2 1.0000 Fe+2 2.0000 HS-,,Cu+ Fe+3 2S-2,inorganic_cr,
chlorargyrite,Crg,AgCl,cr,RHF78,Pan70,5/5/1978,CGL_Ttr,cal,-26247,-30370,23,,25.727,14.33,0.001821,-243000,0,0,0,0,728,,,-1.0000 chlorargyrite 1.0000 Ag+ 1.0000 Cl-,,Ag+ Cl-,inorganic_cr,
cinnabar,Cin,HgS,cr,HDNB78,,5/5/1978,CGL_Ttr,cal,-10940,-12750,19.7,,28.416,10.46,0.00372,0,0,0,0,0,618,,,-1.0000 cinnabar -1.0000 H+ 1.0000 Hg+2 1.0000 HS-,,Hg+2 S-2,inorganic_cr,
copper,Cu,Cu,cr,HDNB78,,5/5/1978,CGL_Ttr,cal,0,0,7.923,,7.113,5.41,0.0015,0,0,0,0,0,1357,,,-1.0000 copper -2.0000 H+ -0.5000 O2(g) 1.0000 Cu+2 1.0000 H2O,refstate,Cu ,inorganic_cr,
covellite,Cv,CuS,cr,HDNB78,,5/5/1978,CGL_Ttr,cal,-12612,-12500,15.9,,20.42,10.6,0.00264,0,0,0,0,0,1273,,,-1.0000 covellite -1.0000 H+ 1.0000 Cu+2 1.0000 HS-,,Cu+2 S-2,inorganic_cr,
cuprite,Cpr,Cu2O,cr,HDNB78,,5/5/1978,CGL_Ttr,cal,-35384,-40830,22.08,,23.437,14.08,0.00588,-76000,0,0,0,0,1515,,,-1.0000 cuprite -2.0000 H+ 1.0000 H2O 2.0000 Cu+,,2Cu+ O-2,inorganic_cr,
ferrous-oxide,Frs-Ox,FeO,cr,HDNB78,,5/5/1978,CGL,cal,-60097,-65020,14.52,,12,12.122,0.002072,-75000,0,0,0,0,1600,,,-1.0000 ferrous-oxide -2.0000 H+ 1.0000 Fe+2 1.0000 H2O,,Fe+2 O-2,inorganic_cr,
galena,Gn,PbS,cr,HDNB78,,5/5/1978,CGL_Ttr,cal,-23115,-23500,21.8,,31.49,11.17,0.0022,0,0,0,0,0,1388,,,-1.0000 galena -1.0000 H+ 1.0000 HS- 1.0000 Pb+2,,Pb+2 S-2,inorganic_cr,
gold,Au,Au,cr,HDNB78,,5/5/1978,CGL_Ttr,cal,0,0,11.33,,10.215,5.66,0.00124,0,0,0,0,0,1336,,,-1.0000 gold -1.0000 H+ -0.2500 O2(g) 0.5000 H2O 1.0000 Au+,refstate,Au ,inorganic_cr,
graphite,Gr,C,cr,HDNB78,,5/5/1978,CGL,cal,0,0,1.372,,5.298,4.03,0.00114,-204000,0,0,0,0,2500,,,-1.0000 graphite -1.0000 H2O -1.0000 O2(g) 1.0000 H+ 1.0000 HCO3-,refstate,C ,inorganic_cr,
halite,Hl,NaCl,cr,HDNB78,,5/5/1978,CGL_Ttr,cal,-91807,-98260,17.24,,27.015,10.98,0.0039,0,0,0,0,0,1073,,,-1.0000 halite 1.0000 Cl- 1.0000 Na+,,Na+ Cl-,inorganic_cr,
huntite,Hun,CaMg3(CO3)4,cr,HDNB78,,5/5/1978,CGL,cal,-1004710,-1082600,71.59,,122.9,84.17,0.04286,-2044000,0,0,0,0,1000,,,-1.0000 huntite -4.0000 H+ 1.0000 Ca+2 3.0000 Mg+2 4.0000 HCO3-,,4C+4 Ca+2 3Mg+2 12O-2,inorganic_cr,
hydromagnesite,Hydro-Mgs,Mg5(OH)2(CO3)4*4H2O,cr,HDNB78,,5/5/1978,CGL,cal,-1401687,-1557090,129.38,,208.8,141.46,0.06528,-2167000,0,0,0,0,1000,,,-1.0000 hydromagnesite -6.0000 H+ 4.0000 HCO3- 5.0000 Mg+2 6.0000 H2O,,4C+4 10H+ 5Mg+2 18O-2,inorganic_cr,
iron,Fe,Fe,cr,RHF78.2,Kel60.2,5/5/1978,CGL_Ttr,cal,0,0,6.52,,7.092,3.04,0.00758,60000,0,0,0,0,1033,,,-1.0000 iron -2.0000 H+ -0.5000 O2(g) 1.0000 Fe+2 1.0000 H2O,refstate,Fe ,inorganic_cr,
iron,Fe,Fe,cr2,RHF78.2,OBIGT.1,5/5/1978,CGL_Ttr,cal,-618.237,-1768.418,2.662,,7.092,11.13,0,0,0,0,0,0,1183,,,-1.0000 iron -2.0000 H+ -0.5000 O2(g) 1.0000 Fe+2 1.0000 H2O,refstate,Fe ,inorganic_cr,
iron,Fe,Fe,cr3,RHF78.2,OBIGT.1,5/5/1978,CGL_Ttr,cal,1293.526,1865.343,8.438,,7.092,5.8,0.00198,0,0,0,0,0,1673,,,-1.0000 iron -2.0000 H+ -0.5000 O2(g) 1.0000 Fe+2 1.0000 H2O,refstate,Fe ,inorganic_cr,
iron,Fe,Fe,cr4,RHF78.2,OBIGT.1,5/5/1978,CGL_Ttr,cal,979.29,1252.891,7.438,,7.092,6.74,0.0016,0,0,0,0,0,1812,,,-1.0000 iron -2.0000 H+ -0.5000 O2(g) 1.0000 Fe+2 1.0000 H2O,refstate,Fe ,inorganic_cr,
malachite,Mal,Cu2(OH)2(CO3),cr,HDNB78,,5/5/1978,CGL,cal,-214204,-251900,44.5,,54.86,27.76,0.04378,-134000,0,0,0,0,780,,,-1.0000 malachite -3.0000 H+ 1.0000 HCO3- 2.0000 Cu+2 2.0000 H2O,,2Cu+2 2H+ 5O-2 C+4,inorganic_cr,
manganosite,Mng,MnO,cr,HDNB78,,5/5/1978,CGL_Ttr,cal,-86735,-92070,14.27,,13.221,11.11,0.00194,-88000,0,0,0,0,1800,,,-1.0000 manganosite -2.0000 H+ 1.0000 H2O 1.0000 Mn+2,,Mn+2 O-2,inorganic_cr,
metacinnabar,Met-Cin,HgS,cr,HDNB78,,5/5/1978,CGL,cal,-10437,-11800,21.2,,30.169,10.52,0.00363,0,0,0,0,0,1000,,,-1.0000 metacinnabar -1.0000 H+ 1.0000 Hg+2 1.0000 HS-,,Hg+2 S-2,inorganic_cr,
nesquehonite,Nsh,MgCO3*3H2O,cr,HDNB78,,5/5/1978,CGL,cal,-412035,-472576,46.76,,74.79,-1574.804,3.899173,41732500,0,0,0,0,306.5,,,-1.0000 nesquehonite -1.0000 H+ 1.0000 HCO3- 1.0000 Mg+2 3.0000 H2O,,C+4 6H+ Mg+2 6O-2,inorganic_cr,
nesquehonite,Nsh,MgCO3*3H2O,cr2,HDNB78,OBIGT.1,5/5/1978,CGL,cal,-412132.322,-479914.417,22.4732,,74.79,25.246,0.091289,422200,0,0,0,0,340,,,-1.0000 nesquehonite -1.0000 H+ 1.0000 HCO3- 1.0000 Mg+2 3.0000 H2O,,C+4 6H+ Mg+2 6O-2,inorganic_cr,
nickel,Ni,Ni,cr,HDNB78,,5/5/1978,CGL_Ttr,cal,0,0,7.14,,6.588,4.06,0.00704,0,0,0,0,0,633,,,-1.0000 nickel -2.0000 H+ -0.5000 O2(g) 1.0000 H2O 1.0000 Ni+2,refstate,Ni ,inorganic_cr,
nickel,Ni,Ni,cr2,HDNB78,OBIGT.1,5/5/1978,CGL_Ttr,cal,79.615,167.295,7.434,,6.588,6,0.0018,0,0,0,0,0,1725,,,-1.0000 nickel -2.0000 H+ -0.5000 O2(g) 1.0000 H2O 1.0000 Ni+2,refstate,Ni ,inorganic_cr,
pyrite,Py,FeS2,cr,HDNB78,,5/5/1978,CGL_Ttr,cal,-38293,-41000,12.65,,23.94,17.88,0.00132,-305000,0,0,0,0,1000,,,-1.0000 pyrite -1.0000 H2O 0.5000 O2(g) 1.0000 Fe+2 2.0000 HS-,,Fe+2 2S-,inorganic_cr,
pyrrhotite,Po,FeS,cr,HDNB78,,5/5/1978,CGL_Ttr,cal,-24084,-24000,14.41,,18.2,5.19,0.0264,0,0,0,0,0,411,,,-1.0000 pyrrhotite -1.0000 H+ 1.0000 Fe+2 1.0000 HS-,idealized,Fe+2 S-2,inorganic_cr,
pyrrhotite,Po,FeS,cr2,HDNB78,OBIGT.1,5/5/1978,CGL_Ttr,cal,-23968.732,-23751.534,14.8567,,18.2,17.4,0,0,0,0,0,0,598,,,-1.0000 pyrrhotite -1.0000 H+ 1.0000 Fe+2 1.0000 HS-,idealized,Fe+2 S-2,inorganic_cr,
pyrrhotite,Po,FeS,cr3,HDNB78,OBIGT.1,5/5/1978,CGL_Ttr,cal,-23535.388,-22392.08,17.9629,,18.2,12.2,0.00238,0,0,0,0,0,1468,,,-1.0000 pyrrhotite -1.0000 H+ 1.0000 Fe+2 1.0000 HS-,idealized,Fe+2 S-2,inorganic_cr,
rhodochrosite,Rds,MnCO3,cr,HDNB78,,5/5/1978,CGL,cal,-195045,-212521,23.9,,31.075,21.99,0.0093,-469000,0,0,0,0,700,,,-1.0000 rhodochrosite -1.0000 H+ 1.0000 HCO3- 1.0000 Mn+2,,Mn+2 C+4 3O-2,inorganic_cr,
siderite,Sd,FeCO3,cr,HDNB78,Hel85,5/5/1978,CGL,cal,-162414,-179173,25.1,,29.378,11.63,0.0268,0,0,0,0,0,885,,,-1.0000 siderite -1.0000 H+ 1.0000 Fe+2 1.0000 HCO3-,,Fe+2 C+4 3O-2,inorganic_cr,
silver,Ag,Ag,cr,HDNB78,,5/5/1978,CGL_Ttr,cal,0,0,10.17,,10.272,5.09,0.00204,36000,0,0,0,0,1234,,,-1.0000 silver -1.0000 H+ -0.2500 O2(g) 0.5000 H2O 1.0000 Ag+,refstate,Ag ,inorganic_cr,
smithsonite,Smt,ZnCO3,cr,HDNB78,,5/5/1978,CGL,cal,-174850,-194260,19.7,,28.275,9.3,0.033,0,0,0,0,0,780,,,-1.0000 smithsonite -1.0000 H+ 1.0000 HCO3- 1.0000 Zn+2,,Zn+2 C+4 3O-2,inorganic_cr,
sphalerite,Sp,ZnS,cr,HDNB78,,5/5/1978,CGL_Ttr,cal,-47947,-49000,14.019,,23.83,11.77,0.00126,-116000,0,0,0,0,1300,,,-1.0000 sphalerite -1.0000 H+ 1.0000 HS- 1.0000 Zn+2,idealized,Zn+2 S-2,inorganic_cr,
strontianite,Str,SrCO3,cr,HDNB78,,5/5/1978,CGL_Ttr,cal,-275470,-294600,23.2,,39.01,23.52,0.00632,-508000,0,0,0,0,1197,,,-1.0000 strontianite -1.0000 H+ 1.0000 HCO3- 1.0000 Sr+2,,Sr+2 C+4 3O-2,inorganic_cr,
sylvite,Sy,KCl,cr,HDNB78,,5/5/1978,CGL_Ttr,cal,-97735,-104370,19.73,,37.524,9.89,0.0052,77000,0,0,0,0,1043,,,-1.0000 sylvite 1.0000 Cl- 1.0000 K+,,K+ Cl-,inorganic_cr,
tenorite,Tn,CuO,cr,HDNB78,,5/5/1978,CGL,cal,-30568,-37200,10.18,,12.22,11.53,0.00188,-176000,0,0,0,0,1600,,,-1.0000 tenorite -2.0000 H+ 1.0000 Cu+2 1.0000 H2O,,Cu+2 O-2,inorganic_cr,
wurtzite,Wur,ZnS,cr,HDNB78,,5/5/1978,CGL,cal,-44810,-45850,14.064,,23.846,11.82,0.00116,-104000,0,0,0,0,1300,,,-1.0000 wurtzite -1.0000 H+ 1.0000 HS- 1.0000 Zn+2,idealized,Zn+2 S-2,inorganic_cr,
berndtite,Brn,SnS2,cr,JH85,,5/5/1978,CGL,cal,-34750,-36700,20.9,,40.96,15.51,0.0042,0,0,0,0,0,1000,,,-1.0000 berndtite -1.0000 H2O 0.5000 O2(g) 1.0000 Sn+2 2.0000 HS-,,Sn+2 2S-,inorganic_cr,
cassiterite,Cst,SnO2,cr,JH85,,5/5/1978,CGL_Ttr,cal,-124260,-138800,12.5,,21.55,17.246,0.0028026,-490010,0,0,0,0,1500,,,-1.0000 cassiterite -2.0000 H+ 0.5000 O2(g) 1.0000 H2O 1.0000 Sn+2,,Sn+4 2O-2,inorganic_cr,
romarchite,Sn-Ox,SnO,cr,JH85,,5/5/1978,CGL,cal,-61459,-68340,13.66,,20.895,9.55,0.0035,0,0,0,0,0,1237,,,-1.0000 romarchite -2.0000 H+ 1.0000 H2O 1.0000 Sn+2,,Sn+2 O-2,inorganic_cr,
tin,Sn,Sn,cr,JH85,,1985-08-00,CGL,cal,0,0,12.24,,16.289,4.42,0.0063,0,0,0,0,0,505.06,,,-1.0000 tin -2.0000 H+ -0.5000 O2(g) 1.0000 H2O 1.0000 Sn+2,refstate,Sn ,inorganic_cr,
tin,Sn,Sn,cr2,JH85,OBIGT.1,1985-08-00,CGL,cal,679.802,1607.605,15.3519,,16.289,7.3,0,0,0,0,0,0,3000,,,-1.0000 tin -2.0000 H+ -0.5000 O2(g) 1.0000 H2O 1.0000 Sn+2,refstate,Sn ,inorganic_cr,
uraninite,UO2,UO2,cr,SSB97.1,,9/8/1994,CGL,cal,-246610,-259320,18.4,,24.638,15.0033,0.007586,-183867,0,0,0,0,600,,,-1.0000 uraninite -4.0000 H+ 1.0000 U+4 2.0000 H2O,idealized,U+4 2O-2,inorganic_cr,
goethite,,FeOOH,cr,HDNB78,,5/5/1978,CGL,cal,-117500,-1344450,14.27,,20.88,0.2978,0.05574,75023.9,0,0,0,0,375,,,-1.0000 goethite -3.0000 H+ 1.0000 Fe+3 2.0000 H2O,,Fe+3 2O-2 H+,inorganic_cr,
boehmite,Bhm,AlO(OH),cr,HDNB78,,5/5/1978,CGL,cal,-217250,-235078,11.58,,19.535,14.435,0.0042,0,0,0,0,0,500,,,-1.0000 boehmite -3.0000 H+ 1.0000 Al+3 2.0000 H2O,,Al+3 H+ 2O-2,inorganic_cr,
gibbsite,Gbs,Al(OH)3,cr,HDNB78,,5/5/1978,CGL,cal,-276168,-309065,16.75,,31.956,8.65,0.0456,0,0,0,0,0,425,,,-1.0000 gibbsite -3.0000 H+ 1.0000 Al+3 3.0000 H2O,polymorph,Al+3 3H+ 3O-2,inorganic_cr,
akermanite,Ak,Ca2MgSi2O7,cr,HDNB78,SPRONS92.2,3/15/1990,CGL,cal,-879362,-926497,50.03,,92.81,60.09,0.0114,-1140000,0,0,0,0,1700,,,-1.0000 akermanite -6.0000 H+ 1.0000 Mg+2 2.0000 Ca+2 2.0000 SiO2 3.0000 H2O,,2Si+4 2Ca+2 Mg+2 7O-2,inorganic_cr,
albite,Ab,Na(AlSi3)O8,cr,HDNB78,,5/5/1978,CGL,cal,-886308,-939680,49.51,,100.25,61.7,0.0139,-1501000,0,0,0,0,473,,,-1.0000 albite -4.0000 H+ 1.0000 Al+3 1.0000 Na+ 2.0000 H2O 3.0000 SiO2,,Na+ Al+3 3Si+4 8O-2,inorganic_cr,
albite,Ab,Na(AlSi3)O8,cr2,HDNB78,OBIGT.1,5/5/1978,CGL,cal,-886096.268,,53.9193,,100.25,81.88,0.003554,-5015400,0,0,0,0,1200,,,-1.0000 albite -4.0000 H+ 1.0000 Al+3 1.0000 Na+ 2.0000 H2O 3.0000 SiO2,,Na+ Al+3 3Si+4 8O-2,inorganic_cr,
"albite,high",Hi-Ab,NaAlSi3O8,cr,HDNB78,,5/5/1978,CGL,cal,-884509,-937050,52.3,,100.43,61.7,0.0139,-1501000,0,0,0,0,623,,,"-1.0000 albite,high -4.0000 H+ 1.0000 Al+3 1.0000 Na+ 2.0000 H2O 3.0000 SiO2",,Na+ Al+3 3Si+4 8O-2,inorganic_cr,
"albite,high",Hi-Ab,NaAlSi3O8,cr2,HDNB78,OBIGT.1,5/5/1978,CGL,cal,-884768.678,,50.4797,,100.43,64.17,0.0139,-1501000,0,0,0,0,1400,,,"-1.0000 albite,high -4.0000 H+ 1.0000 Al+3 1.0000 Na+ 2.0000 H2O 3.0000 SiO2",,Na+ Al+3 3Si+4 8O-2,inorganic_cr,
"albite,low",Lo-Ab,Na(AlSi3)O8,cr,HDNB78,,5/5/1978,CGL,cal,-886308,-939680,49.51,,100.07,61.7,0.0139,-1501000,0,0,0,0,1400,,,"-1.0000 albite,low -4.0000 H+ 1.0000 Al+3 1.0000 Na+ 2.0000 H2O 3.0000 SiO2",,Na+ Al+3 3Si+4 8O-2,inorganic_cr,
andalusite,And,Al2SiO5,cr,HDNB78,,5/5/1978,CGL,cal,-580587,-615866,22.2,,51.53,41.310833,0.006292556,-1239206.3,0,0,0,0,1043,,,-1.0000 andalusite -6.0000 H+ 1.0000 SiO2 2.0000 Al+3 3.0000 H2O,polymorph,2Al+3 Si+4 5O-2,inorganic_cr,
anorthite,An,Ca(Al2Si2)O8,cr,HDNB78,SPRONS92.2,3/15/1990,CGL,cal,-954078,-1007552,49.1,,100.79,63.311,0.014794,-1544000,0,0,0,0,1700,,,-1.0000 anorthite -8.0000 H+ 1.0000 Ca+2 2.0000 Al+3 2.0000 SiO2 4.0000 H2O,,Ca+2 2Al+3 2Si+4 8O-2,inorganic_cr,
anthophyllite,Ath,Mg7Si8O22(OH)2,cr,HDNB78,,5/5/1978,CGL,cal,-2715430,-2888749,128.6,,264.4,180.682,0.060574,-3846200,0,0,0,0,903,,,-1.0000 anthophyllite -14.0000 H+ 7.0000 Mg+2 8.0000 H2O 8.0000 SiO2,idealized,8Si+4 2H+ 7Mg+2 24O-2,inorganic_cr,
anthophyllite,Ath,Mg7Si8O22(OH)2,cr2,HDNB78,OBIGT.1,5/5/1978,CGL,cal,-2718479.297,,108.796,,264.4,197.542,0.041614,-1334200,0,0,0,0,1258,,,-1.0000 anthophyllite -14.0000 H+ 7.0000 Mg+2 8.0000 H2O 8.0000 SiO2,idealized,8Si+4 2H+ 7Mg+2 24O-2,inorganic_cr,
anthophyllite,Ath,Mg7Si8O22(OH)2,cr3,HDNB78,OBIGT.1,5/5/1978,CGL,cal,-2719529.932,,105.9454,,264.4,199.522,0.041614,-1334200,0,0,0,0,1800,,,-1.0000 anthophyllite -14.0000 H+ 7.0000 Mg+2 8.0000 H2O 8.0000 SiO2,idealized,8Si+4 2H+ 7Mg+2 24O-2,inorganic_cr,
antigorite,Atg,Mg48Si34O85(OH)62,cr,HDNB78,,5/5/1978,CGL,cal,-15808020,-17070891,861.36,,1749.13,1228.45,0.51376,-28668000,0,0,0,0,848,,,-1.0000 antigorite -96.0000 H+ 34.0000 SiO2 48.0000 Mg+2 79.0000 H2O,idealized,34Si+4 62H+ 48Mg+2 147O-2,inorganic_cr,
antigorite,Atg,Mg48Si34O85(OH)62,cr2,HDNB78,OBIGT.1,5/5/1978,CGL,cal,-15808027.85,,858.9133,,1749.13,1234.83,0.50124,-28128000,0,0,0,0,1000,,,-1.0000 antigorite -96.0000 H+ 34.0000 SiO2 48.0000 Mg+2 79.0000 H2O,idealized,34Si+4 62H+ 48Mg+2 147O-2,inorganic_cr,
brucite,Brc,Mg(OH)2,cr,HDNB78,,5/5/1978,CGL,cal,-199646,-221390,15.09,,24.63,24.147,0.0040124,-611000,0,0,0,0,900,,,-1.0000 brucite -2.0000 H+ 1.0000 Mg+2 2.0000 H2O,,Mg+2 2H+ 2O-2,inorganic_cr,
calcite,Cal,CaCO3,cr,HDNB78,PB82,3/9/1990,CGL,cal,-269880,-288552,22.15,,36.934,24.98,0.00524,-620000,0,0,0,0,1200,,,-1.0000 calcite -1.0000 H+ 1.0000 Ca+2 1.0000 HCO3-,polymorph,C+4 Ca+2 3O-2,inorganic_cr,
chrysotile,Ctl,Mg3Si2O5(OH)4,cr,HDNB78,,5/5/1978,CGL,cal,-964871,-1043123,52.9,,108.5,75.82,0.0316,-1758000,0,0,0,0,1000,,,-1.0000 chrysotile -6.0000 H+ 2.0000 SiO2 3.0000 Mg+2 5.0000 H2O,,2Si+4 4H+ 3Mg+2 9O-2,inorganic_cr,
coesite,Cos,SiO2,cr,HDNB78,,5/5/1978,CGL,cal,-203541,-216614,9.65,,20.641,11,0.0082,-270000,0,0,0,0,848,,,-1.0000 coesite 1.0000 SiO2,polymorph,Si+4 2O-2,inorganic_cr,
coesite,Cos,SiO2,cr2,HDNB78,OBIGT.1,5/5/1978,CGL,cal,-203544.895,,8.4267,,20.641,14.19,0.00194,0,0,0,0,0,2000,,,-1.0000 coesite 1.0000 SiO2,polymorph,Si+4 2O-2,inorganic_cr,
corundum,Crn,Al2O3,cr,HDNB78,,5/5/1978,CGL,cal,-374824,-397145,12.18,,25.575,27.49,0.00282,-838000,0,0,0,0,1800,,,-1.0000 corundum -6.0000 H+ 2.0000 Al+3 3.0000 H2O,,2Al+3 3O-2,inorganic_cr,
"cristobalite,alpha",A-Crs,SiO2,cr,HDNB78,,5/5/1978,CGL,cal,-203895,-216755,10.372,,25.74,13.98,0.00334,-381000,0,0,0,0,1000,,,"-1.0000 cristobalite,alpha 1.0000 SiO2",polymorph,Si+4 2O-2,inorganic_cr,
"cristobalite,beta",B-Crs,SiO2,cr,HDNB78,,5/5/1978,CGL,cal,-203290,-215675,11.963,,27.38,17.39,0.00031,-989000,0,0,0,0,2000,,,"-1.0000 cristobalite,beta 1.0000 SiO2",polymorph,Si+4 2O-2,inorganic_cr,
diaspore,Dsp,AlO(OH),cr,HDNB78,,5/5/1978,CGL,cal,-218402,-237170,8.43,,17.76,14.435,0.0042,0,0,0,0,0,500,,,-1.0000 diaspore -3.0000 H+ 1.0000 Al+3 2.0000 H2O,,Al+3 H+ 2O-2,inorganic_cr,
diopside,Di,CaMg(SiO3)2,cr,HDNB78,SPRONS92.2,3/15/1990,CGL,cal,-723780,-765378,34.2,,66.09,52.87,0.00784,-1574000,0,0,0,0,1600,,,-1.0000 diopside -4.0000 H+ 1.0000 Ca+2 1.0000 Mg+2 2.0000 H2O 2.0000 SiO2,,2Si+4 Ca+2 Mg+2 6O-2,inorganic_cr,
dolomite,Dol,CaMg(CO3)2,cr,HDNB78,SPRONS92.2,3/15/1990,CGL,cal,-517760,-556631,37.09,,64.365,41.557,0.023952,-988400,0,0,0,0,1000,,,-1.0000 dolomite -2.0000 H+ 1.0000 Ca+2 1.0000 Mg+2 2.0000 HCO3-,,2C+4 Ca+2 Mg+2 6O-2,inorganic_cr,
enstatite,En,MgSiO3,cr,HDNB78,,5/5/1978,CGL,cal,-348930,-369686,16.2,,31.276,24.55,0.00474,-628000,0,0,0,0,903,,,-1.0000 enstatite -2.0000 H+ 1.0000 H2O 1.0000 Mg+2 1.0000 SiO2,polymorph,Si+4 Mg+2 3O-2,inorganic_cr,
enstatite,En,MgSiO3,cr2,HDNB78,OBIGT.1,5/5/1978,CGL,cal,-349581.153,-371758.464,11.4328,,31.296,28.765,0,0,0,0,0,0,1258,,,-1.0000 enstatite -2.0000 H+ 1.0000 H2O 1.0000 Mg+2 1.0000 SiO2,polymorph,Si+4 Mg+2 3O-2,inorganic_cr,
enstatite,En,MgSiO3,cr3,HDNB78,OBIGT.1,5/5/1978,CGL,cal,-349546.21,-371843.59,11.0302,,32.386,29.26,0,0,0,0,0,0,1800,,,-1.0000 enstatite -2.0000 H+ 1.0000 H2O 1.0000 Mg+2 1.0000 SiO2,polymorph,Si+4 Mg+2 3O-2,inorganic_cr,
fayalite,Fa,Fe2SiO4,cr,HDNB78,,5/5/1978,CGL,cal,-330233,-354119,35.45,,46.39,36.51,0.00936,-670000,0,0,0,0,1490,,,-1.0000 fayalite -4.0000 H+ 1.0000 SiO2 2.0000 Fe+2 2.0000 H2O,,2Fe+2 Si+4 4O-2,inorganic_cr,
ferrosilite,Fs,FeSiO3,cr,HDNB78,Hel85,5/5/1978,CGL,cal,-267588,-285658,21.63,,32.952,26.49,0.00507,-555000,0,0,0,0,413,,,-1.0000 ferrosilite -2.0000 H+ 1.0000 Fe+2 1.0000 H2O 1.0000 SiO2,idealized,Fe+2 Si+4 3O-2,inorganic_cr,
ferrosilite,Fs,FeSiO3,cr2,HDNB78,OBIGT.1,5/5/1978,CGL,cal,-267566.749,-285550.307,21.9199,,33.008,23.865,0.00878,-470000,0,0,0,0,1400,,,-1.0000 ferrosilite -2.0000 H+ 1.0000 Fe+2 1.0000 H2O 1.0000 SiO2,idealized,Fe+2 Si+4 3O-2,inorganic_cr,
forsterite,Fo,Mg2SiO4,cr,HDNB78,,5/5/1978,CGL,cal,-491564,-520000,22.75,,43.79,35.81,0.00654,-852000,0,0,0,0,1800,,,-1.0000 forsterite -4.0000 H+ 1.0000 SiO2 2.0000 H2O 2.0000 Mg+2,,Si+4 2Mg+2 4O-2,inorganic_cr,
gehlenite,Gh,Ca2(Al2Si)O7,cr,HDNB78,SPRONS92.2,3/15/1990,CGL,cal,-903148,-951225,48.1,,90.24,63.74,0.008,-1512000,0,0,0,0,1800,,,-1.0000 gehlenite -10.0000 H+ 1.0000 SiO2 2.0000 Al+3 2.0000 Ca+2 5.0000 H2O,,2Ca+2 2Al+3 Si+4 7O-2,inorganic_cr,
grossular,Grs,Ca3Al2Si3O12,cr,HDNB78,SPRONS92.2,3/15/1990,CGL,cal,-1496307,-1582737,60.87,,125.3,104.017,0.017013,-2731800,0,0,0,0,1000,,,-1.0000 grossular -12.0000 H+ 2.0000 Al+3 3.0000 Ca+2 3.0000 SiO2 6.0000 H2O,,3Ca+2 2Al+3 3Si+4 12O-2,inorganic_cr,
hematite,Hem,Fe2O3,cr,HDNB78,,5/5/1978,CGL,cal,-178155,-197720,20.94,,30.274,23.49,0.0186,-355000,0,0,0,0,950,,,-1.0000 hematite -6.0000 H+ 2.0000 Fe+3 3.0000 H2O,,2Fe+3 3O-2,inorganic_cr,
hematite,Hem,Fe2O3,cr2,HDNB78,OBIGT.1,5/5/1978,CGL,cal,-178206.12,-198965.094,16.9353,,30.274,36,0,0,0,0,0,0,1050,,,-1.0000 hematite -6.0000 H+ 2.0000 Fe+3 3.0000 H2O,,2Fe+3 3O-2,inorganic_cr,
hematite,Hem,Fe2O3,cr3,HDNB78,OBIGT.1,5/5/1978,CGL,cal,-177088.429,-196631.631,21.0129,,30.274,31.71,0.00176,0,0,0,0,0,1800,,,-1.0000 hematite -6.0000 H+ 2.0000 Fe+3 3.0000 H2O,,2Fe+3 3O-2,inorganic_cr,
jadeite,Jd,NaAl(SiO3)2,cr,HDNB78,,5/5/1978,CGL,cal,-679445,-722116,31.9,,60.4,48.16,0.01142,-1187000,0,0,0,0,1400,,,-1.0000 jadeite -4.0000 H+ 1.0000 Al+3 1.0000 Na+ 2.0000 H2O 2.0000 SiO2,idealized,Na+ Al+3 2Si+4 6O-2,inorganic_cr,
kaolinite,Kln,Al2Si2O5(OH)4,cr,HDNB78,,5/5/1978,CGL,cal,-905614,-982221,48.53,,99.52,72.77,0.0292,-2152000,0,0,0,0,1000,,,-1.0000 kaolinite -6.0000 H+ 2.0000 Al+3 2.0000 SiO2 5.0000 H2O,,2Al+3 2Si+4 4H+ 9O-2,inorganic_cr,
kyanite,Ky,Al2SiO5,cr,HDNB78,,5/5/1978,CGL,cal,-580956,-616897,20,,44.09,41.393132,0.006816463,-1288210.4,0,0,0,0,466,,,-1.0000 kyanite -6.0000 H+ 1.0000 SiO2 2.0000 Al+3 3.0000 H2O,polymorph,2Al+3 Si+4 5O-2,inorganic_cr,
lawsonite,Lws,CaAl2Si2O7(OH)2*H2O,cr,HDNB78,SPRONS92.2,3/15/1990,CGL,cal,-1073408,-1158104,55.8,,101.32,81.8,0.02336,-1626000,0,0,0,0,848,,,-1.0000 lawsonite -8.0000 H+ 1.0000 Ca+2 2.0000 Al+3 2.0000 SiO2 6.0000 H2O,,Ca+2 2Al+3 2Si+4 4H+ 10O-2,inorganic_cr,
lawsonite,Lws,CaAl2Si2O7(OH)2*H2O,cr2,HDNB78,OBIGT.1,5/5/1978,CGL,cal,-1073411.895,,54.5767,,101.32,84.99,0.0171,-1356000,0,0,0,0,1000,,,-1.0000 lawsonite -8.0000 H+ 1.0000 Ca+2 2.0000 Al+3 2.0000 SiO2 6.0000 H2O,,Ca+2 2Al+3 2Si+4 4H+ 10O-2,inorganic_cr,
lime,Lim,CaO,cr,HDNB78,,5/5/1978,CGL,cal,-144366,-151790,9.5,,16.764,11.67,0.00108,-156000,0,0,0,0,2000,,,-1.0000 lime -2.0000 H+ 1.0000 Ca+2 1.0000 H2O,,Ca+2 O-2,inorganic_cr,
magnesite,Mgs,MgCO3,cr,HDNB78,,5/5/1978,CGL,cal,-245658,-265630,15.7,,28.018,19.731,0.012539,-474800,0,0,0,0,1000,,,-1.0000 magnesite -1.0000 H+ 1.0000 HCO3- 1.0000 Mg+2,,C+4 Mg+2 3O-2,inorganic_cr,
magnetite,Mag,Fe3O4,cr,HDNB78,,5/5/1978,CGL,cal,-242574,-267250,34.83,,44.524,21.88,0.0482,0,0,0,0,0,900,,,-1.0000 magnetite -8.0000 H+ 1.0000 Fe+2 2.0000 Fe+3 4.0000 H2O,,2Fe+3 Fe+2 4O-2,inorganic_cr,
magnetite,Mag,Fe3O4,cr2,HDNB78,OBIGT.1,5/5/1978,CGL,cal,-240960.953,,34.9818,,44.524,48,0,0,0,0,0,0,1800,,,-1.0000 magnetite -8.0000 H+ 1.0000 Fe+2 2.0000 Fe+3 4.0000 H2O,,2Fe+3 Fe+2 4O-2,inorganic_cr,
margarite,Mrg,CaAl2(Al2Si2)O10(OH)2,cr,HDNB78,SPRONS92.2,3/15/1990,CGL,cal,-1394150,-1485803,63.8,,129.4,102.5,0.01635,-2805000,0,0,0,0,848,,,-1.0000 margarite -14.0000 H+ 1.0000 Ca+2 2.0000 SiO2 4.0000 Al+3 8.0000 H2O,,Ca+2 4Al+3 2Si+4 2H+ 12O-2,inorganic_cr,
margarite,Mrg,CaAl2(Al2Si2)O10(OH)2,cr2,HDNB78,OBIGT.1,3/15/1990,CGL,cal,-1394146.105,,65.0233,,129.4,99.31,0.02261,-3075000,0,0,0,0,1000,,,-1.0000 margarite -14.0000 H+ 1.0000 Ca+2 2.0000 SiO2 4.0000 Al+3 8.0000 H2O,,Ca+2 4Al+3 2Si+4 2H+ 12O-2,inorganic_cr,
merwinite,Mer,Ca3Mg(SiO4)2,cr,HDNB78,SPRONS92.2,3/15/1990,CGL,cal,-1036526,-1090796,60.5,,104.4,72.97,0.01196,-1444000,0,0,0,0,1700,,,-1.0000 merwinite -8.0000 H+ 1.0000 Mg+2 2.0000 SiO2 3.0000 Ca+2 4.0000 H2O,,2Si+4 3Ca+2 Mg+2 8O-2,inorganic_cr,
monticellite,Mtc,CaMgSiO4,cr,HDNB78,,5/5/1978,CGL,cal,-512829,-540800,26.4,,51.47,36.82,0.00534,-800000,0,0,0,0,1400,,,-1.0000 monticellite -4.0000 H+ 1.0000 Ca+2 1.0000 Mg+2 1.0000 SiO2 2.0000 H2O,,Si+4 Ca+2 Mg+2 4O-2,inorganic_cr,
muscovite,Ms,KAl2(AlSi3)O10(OH)2,cr,HDNB78,,5/5/1978,CGL,cal,-1336301,-1427408,68.8,,140.71,97.56,0.02638,-2544000,0,0,0,0,1000,,,-1.0000 muscovite -10.0000 H+ 1.0000 K+ 3.0000 Al+3 3.0000 SiO2 6.0000 H2O,idealized,K+ 3Al+3 3Si+4 2H+ 12O-2,inorganic_cr,
paragonite,Pg,NaAl2(AlSi3)O10(OH)2,cr,HDNB78,,5/5/1978,CGL,cal,-1326012,-1416963,66.4,,132.53,97.43,0.0245,-2644000,0,0,0,0,1000,,,-1.0000 paragonite -10.0000 H+ 1.0000 Na+ 3.0000 Al+3 3.0000 SiO2 6.0000 H2O,,Na+ 3Al+3 3Si+4 2H+ 12O-2,inorganic_cr,
periclase,Per,MgO,cr,HDNB78,,5/5/1978,CGL,cal,-136086,-143800,6.44,,11.248,10.18,0.00174,-148000,0,0,0,0,2100,,,-1.0000 periclase -2.0000 H+ 1.0000 H2O 1.0000 Mg+2,,Mg+2 O-2,inorganic_cr,
phlogopite,Phl,KMg3(AlSi3)O10(OH)2,cr,HDNB78,,5/5/1978,CGL,cal,-1396187,-1488067,76.1,,149.66,100.61,0.02878,-2150000,0,0,0,0,1000,,,-1.0000 phlogopite -10.0000 H+ 1.0000 Al+3 1.0000 K+ 3.0000 Mg+2 3.0000 SiO2 6.0000 H2O,idealized,K+ 3Mg+2 Al+3 3Si+4 2H+ 12O-2,inorganic_cr,
K-feldspar,K-Fs,K(AlSi3)O8,cr,HDNB78,,5/5/1978,CGL,cal,-895374,-949188,51.13,,108.87,76.617,0.004311,-2994500,0,0,0,0,1400,,,-1.0000 K-feldspar -4.0000 H+ 1.0000 Al+3 1.0000 K+ 2.0000 H2O 3.0000 SiO2,polymorph,K+ Al+3 3Si+4 8O-2,inorganic_cr,
prehnite,Prh,Ca2Al2Si3O10(OH)2,cr,HDNB78,SPRONS92.2,3/15/1990,CGL,cal,-1390097,-1481649,65,,140.33,91.6,0.03782,-1960000,0,0,0,0,848,,,-1.0000 prehnite -10.0000 H+ 2.0000 Al+3 2.0000 Ca+2 3.0000 SiO2 6.0000 H2O,,2Ca+2 2Al+3 3Si+4 2H+ 12O-2,inorganic_cr,
prehnite,Prh,Ca2Al2Si3O10(OH)2,cr2,HDNB78,OBIGT.1,5/5/1978,CGL,cal,-1390108.741,,61.33,,140.33,101.17,0.01904,-1150000,0,0,0,0,1000,,,-1.0000 prehnite -10.0000 H+ 2.0000 Al+3 2.0000 Ca+2 3.0000 SiO2 6.0000 H2O,,2Ca+2 2Al+3 3Si+4 2H+ 12O-2,inorganic_cr,
pyrophyllite,Prl,Al2Si4O10(OH)2,cr,HDNB78,,5/5/1978,CGL,cal,-1255997,-1345313,57.2,,126.6,79.432,0.039214,-1728200,0,0,0,0,800,,,-1.0000 pyrophyllite -6.0000 H+ 2.0000 Al+3 4.0000 H2O 4.0000 SiO2,,2Al+3 4Si+4 2H+ 12O-2,inorganic_cr,
quartz,Qtz,SiO2,cr,HDNB78,,5/5/1978,CGL,cal,-204646,-217650,9.88,,22.688,11.22,0.0082,-270000,0,0,0,0,848,,,-1.0000 quartz 1.0000 SiO2,polymorph,Si+4 2O-2,inorganic_cr,
quartz,Qtz,SiO2,cr2,HDNB78,OBIGT.1,5/5/1978,CGL,cal,-204461.901,-217728.651,8.9986,,23.06,14.41,0.00194,0,0,0,0,0,2000,,,-1.0000 quartz 1.0000 SiO2,polymorph,Si+4 2O-2,inorganic_cr,
sillimanite,Sil,Al2SiO5,cr,HDNB78,,5/5/1978,CGL,cal,-580091,-615099,23.13,,49.9,40.023988,0.007390511,-1167405.3,0,0,0,0,1200,,,-1.0000 sillimanite -6.0000 H+ 1.0000 SiO2 2.0000 Al+3 3.0000 H2O,polymorph,2Al+3 Si+4 5O-2,inorganic_cr,
spinel,Spn,MgAl2O4,cr,HDNB78,,5/5/1978,CGL,cal,-517006,-546847,19.27,,39.71,36.772808,0.006415456,-970879.2,0,0,0,0,2000,,,-1.0000 spinel -8.0000 H+ 1.0000 Mg+2 2.0000 Al+3 4.0000 H2O,,2Al+3 Mg+2 4O-2,inorganic_cr,
talc,Tcl,Mg3Si4O10(OH)2,cr,HDNB78,,5/5/1978,CGL,cal,-1320188,-1410920,62.34,,136.25,82.482,0.041614,-1334200,0,0,0,0,800,,,-1.0000 talc -6.0000 H+ 3.0000 Mg+2 4.0000 H2O 4.0000 SiO2,,4Si+4 2H+ 3Mg+2 12O-2,inorganic_cr,
tremolite,Tr,(Ca2Mg5)Si8O22(OH)2,cr,HDNB78,SPRONS92.2,3/15/1990,CGL,cal,-2770245,-2944038,131.19,,272.92,188.222,0.057294,-4482200,0,0,0,0,800,,,-1.0000 tremolite -14.0000 H+ 2.0000 Ca+2 5.0000 Mg+2 8.0000 H2O 8.0000 SiO2,idealized,8Si+4 2Ca+2 2H+ 5Mg+2 24O-2,inorganic_cr,
wollastonite,Wo,CaSiO3,cr,HDNB78,SPRONS92.2,3/15/1990,CGL,cal,-369225,-389590,19.6,,39.93,26.64,0.0036,-652000,0,0,0,0,1400,,,-1.0000 wollastonite -2.0000 H+ 1.0000 Ca+2 1.0000 H2O 1.0000 SiO2,,Si+4 Ca+2 3O-2,inorganic_cr,
annite,Ann,KFe3(AlSi3)O10(OH)2,cr,HDNB78,,5/5/1978,CGL,cal,-1147156,-1232195,95.2,,154.32,106.43,0.02977,-1931000,0,0,0,0,1000,,,-1.0000 annite -10.0000 H+ 1.0000 Al+3 1.0000 K+ 3.0000 Fe+2 3.0000 SiO2 6.0000 H2O,idealized,K+ 3Fe+2 Al+3 3Si+4 2H+ 12O-2,inorganic_cr,
aragonite,Arg,CaCO3,cr,HDNB78,PB82,3/9/1990,CGL,cal,-269683,-288531,21.56,,34.15,20.13,0.01024,-334000,0,0,0,0,600,,,-1.0000 aragonite -1.0000 H+ 1.0000 Ca+2 1.0000 HCO3-,polymorph,C+4 Ca+2 3O-2,inorganic_cr,
hedenbergite,Hd,CaFe(SiO3)2,cr,HDNB78,SPRONS92.2,3/5/1990,CGL,cal,-638998,-678276,40.7,,68.27,54.81,0.00817,-1501000,0,0,0,0,1600,,,-1.0000 hedenbergite -4.0000 H+ 1.0000 Ca+2 1.0000 Fe+2 2.0000 H2O 2.0000 SiO2,,Fe+2 Ca+2 6O-2 2Si+4,inorganic_cr,
andradite,Adr,Ca3Fe2Si3O12,cr,HDNB78,SPRONS92.2,3/15/1990,CGL,cal,-1296819,-1380345,70.13,,131.85,113.532,0.015636,-3088900,0,0,0,0,1100,,,-1.0000 andradite -12.0000 H+ 2.0000 Fe+3 3.0000 Ca+2 3.0000 SiO2 6.0000 H2O,,2Fe+3 3Ca+2 3Si+4 12O-2,inorganic_cr,
zoisite,Zo,Ca2Al3Si3O12(OH),cr,HDNB78,SPRONS92.2,3/15/1990,CGL,cal,-1549179,-1643691,70.74,,135.9,106.118,0.025214,-2714500,0,0,0,0,700,,,-1.0000 zoisite -13.0000 H+ 2.0000 Ca+2 3.0000 Al+3 3.0000 SiO2 7.0000 H2O,,3Al+3 2Ca+2 H+ 13O-2 3Si+4,inorganic_cr,
clinozoisite,Czo,Ca2Al3Si3O12(OH),cr,HDNB78,SPRONS92.2,3/15/1990,CGL,cal,-1549240,-1643781,70.64,,136.2,106.118,0.025214,-2714500,0,0,0,0,700,,,-1.0000 clinozoisite -13.0000 H+ 2.0000 Ca+2 3.0000 Al+3 3.0000 SiO2 7.0000 H2O,,3Al+3 2Ca+2 H+ 13O-2 3Si+4,inorganic_cr,
epidote,Ep,Ca2FeAl2Si3O12(OH),cr,HDNB78,SPRONS92.2,3/15/1990,CGL,cal,-1450906,-1543992,75.28,,139.2,117.622,0.012816,-3186400,0,0,0,0,1100,,,-1.0000 epidote -13.0000 H+ 1.0000 Fe+3 2.0000 Al+3 2.0000 Ca+2 3.0000 SiO2 7.0000 H2O,idealized,Fe+3 2Al+3 2Ca+2 H+ 13O-2 3Si+4,inorganic_cr,
alunite,Alu,KAl3(OH)6(SO4)2,cr,HDNB78,,5/5/1978,CGL,cal,-1113600,-1235600,78.4,,293.6,153.45,0,-5495000,0,0,0,0,650,,,-1.0000 alunite -6.0000 H+ 1.0000 K+ 2.0000 SO4-2 3.0000 Al+3 6.0000 H2O,,2S+6 3Al+3 6H+ K+ 14O-2,inorganic_cr,
analcime,Anl,NaAlSi2O6*H2O,cr,HDNB78,,5/5/1978,CGL,cal,-738098,-790193,56,,97.1,53.49,0.02414,-888000,0,0,0,0,1000,,,-1.0000 analcime -4.0000 H+ 1.0000 Al+3 1.0000 Na+ 2.0000 SiO2 3.0000 H2O,,Na+ Al+3 2Si+4 2H+ 7O-2,inorganic_cr,
"analcime,dehydrated",Dhyd-Anl,NaAlSi2O6,cr,HDNB78,,5/5/1978,CGL,cal,-674989,-714678,41.9,,89.1,42.09,0.02414,-888000,0,0,0,0,1000,,,"-1.0000 analcime,dehydrated -4.0000 H+ 1.0000 Al+3 1.0000 Na+ 2.0000 H2O 2.0000 SiO2",idealized,Na+ Al+3 2Si+4 6O-2,inorganic_cr,
artinite,Art,Mg2(OH)2(CO3)*3H2O,cr,HDNB78,,5/5/1978,CGL,cal,-613915,-698043,55.67,,96.9,70.87,0.02766,-743000,0,0,0,0,1000,,,-1.0000 artinite -3.0000 H+ 1.0000 HCO3- 2.0000 Mg+2 5.0000 H2O,,C+4 8H+ 2Mg+2 8O-2,inorganic_cr,
azurite,Azr,Cu3(OH)2(CO3)2,cr,HDNB78,,5/5/1978,CGL,cal,-334417,-390100,66.97,,91.01,36.88,0.07744,-92000,0,0,0,0,780,,,-1.0000 azurite -4.0000 H+ 2.0000 H2O 2.0000 HCO3- 3.0000 Cu+2,,3Cu+2 2C+4 2H+ 8O-2,inorganic_cr,
chalcedony,Cha,SiO2,cr,HDNB78,,5/5/1978,CGL,cal,-204276,-217282,9.88,,22.688,11.22,0.0082,-270000,0,0,0,0,848,,,-1.0000 chalcedony 1.0000 SiO2,,Si+4 2O-2,inorganic_cr,
"clinochlore,14a",14A-Cnc,Mg5Al(AlSi3)O10(OH)8,cr,HDNB78,,5/5/1978,CGL,cal,-1961703,-2116964,111.2,,207.11,166.5,0.0421,-3747000,0,0,0,0,900,,,"-1.0000 clinochlore,14a -16.0000 H+ 2.0000 Al+3 3.0000 SiO2 5.0000 Mg+2 12.0000 H2O",idealized,2Al+3 8H+ 5Mg+2 18O-2 3Si+4,inorganic_cr,
"clinochlore,7a",7A-Cnc,Mg5Al(AlSi3)O10(OH)8,cr,HDNB78,,5/5/1978,CGL,cal,-1957101,-2113197,106.5,,211.5,162.82,0.05062,-4088000,0,0,0,0,848,,,"-1.0000 clinochlore,7a -16.0000 H+ 2.0000 Al+3 3.0000 SiO2 5.0000 Mg+2 12.0000 H2O",idealized,2Al+3 8H+ 5Mg+2 18O-2 3Si+4,inorganic_cr,
"clinochlore,7a",7A-Cnc,Mg5Al(AlSi3)O10(OH)8,cr2,HDNB78,OBIGT.1,5/5/1978,CGL,cal,-1957104.895,,105.2767,,211.5,166.01,0.04436,-3818000,0,0,0,0,900,,,"-1.0000 clinochlore,7a -16.0000 H+ 2.0000 Al+3 3.0000 SiO2 5.0000 Mg+2 12.0000 H2O",idealized,2Al+3 8H+ 5Mg+2 18O-2 3Si+4,inorganic_cr,
"cordierite,hydrous",Hyd-Crd,Mg2Al3(AlSi5)O18*H2O,cr,HDNB78,,5/5/1978,CGL,cal,-2121350,-2255676,111.43,,241.22,155.23,0.0258,-3860000,0,0,0,0,1700,,,"-1.0000 cordierite,hydrous -16.0000 H+ 2.0000 Mg+2 4.0000 Al+3 5.0000 SiO2 9.0000 H2O",,4Al+3 2H+ 2Mg+2 19O-2 5Si+4,inorganic_cr,
cristobalite,Crs,SiO2,cr,HDNB78,,5/5/1978,CGL,cal,-203895,-216755,10.372,,25.74,13.98,0.00334,-381000,0,0,0,0,543,,,-1.0000 cristobalite 1.0000 SiO2,polymorph,Si+4 2O-2,inorganic_cr,
cristobalite,Crs,SiO2,cr2,HDNB78,OBIGT.1,5/5/1978,CGL,cal,-203677.53,-216037.379,12.0495,,25.74,17.39,0.00031,-989000,0,0,0,0,2000,,,-1.0000 cristobalite 1.0000 SiO2,polymorph,Si+4 2O-2,inorganic_cr,
"daphnite,14a",Dph-14A,Fe5Al(AlSi3)O10(OH)8,cr,HDNB78,SLOP98.2,5/5/1978,CGL,cal,-1550482,-1695426,142.5,,213.42,176.21,0.04376,-3382000,0,0,0,0,1000,,,"-1.0000 daphnite,14a -16.0000 H+ 2.0000 Al+3 3.0000 SiO2 5.0000 Fe+2 12.0000 H2O",idealized,5Fe+2 2Al+3 8H+ 18O-2 3Si+4,inorganic_cr,
"epidote,ordered",Ord-Ep,Ca2FeAl2Si3O12(OH),cr,HDNB78,SPRONS92.2,3/15/1990,CGL,cal,-1450906,-1544016,75.2,,139.2,113.78,0.01469,-2892000,0,0,0,0,1100,,,"-1.0000 epidote,ordered -13.0000 H+ 1.0000 Fe+3 2.0000 Al+3 2.0000 Ca+2 3.0000 SiO2 7.0000 H2O",idealized,Fe+3 2Al+3 2Ca+2 H+ 13O-2 3Si+4,inorganic_cr,
ferrotremolite,Fe-Tr,(Ca2Fe5)Si8O22(OH)2,cr,HDNB78,,5/5/1978,CGL,cal,-2349100,-2511300,163.5,,282.8,197.93,0.05895,-4117000,0,0,0,0,800,,,-1.0000 ferrotremolite -14.0000 H+ 2.0000 Ca+2 5.0000 Fe+2 8.0000 H2O 8.0000 SiO2,idealized,5Fe+2 2Ca+2 2H+ 24O-2 8Si+4,inorganic_cr,
fluorite,Fl,CaF2,cr,HDNB78,,5/5/1978,CGL,cal,-280493,-293000,16.39,,24.542,14.3,0.00728,47000,0,0,0,0,1424,,,-1.0000 fluorite 1.0000 Ca+2 2.0000 F-,,Ca+2 2F-,inorganic_cr,
greenalite,Grn,Fe3Si2O5(OH)4,cr,HDNB78,,5/5/1978,CGL,cal,-715340,-644110,72.6,,115,81.65,0.0326,-1539000,0,0,0,0,1000,,,-1.0000 greenalite -6.0000 H+ 2.0000 SiO2 3.0000 Fe+2 5.0000 H2O,,3Fe+2 2Si+4 4H+ 9O-2,inorganic_cr,
kalsilite,Kls,K(AlSi)O4,cr,HDNB78,,5/5/1978,CGL,cal,-481750,-509408,31.85,,59.89,29.43,0.01736,-532000,0,0,0,0,810,,,-1.0000 kalsilite -4.0000 H+ 1.0000 Al+3 1.0000 K+ 1.0000 SiO2 2.0000 H2O,,K+ Al+3 Si+4 4O-2,inorganic_cr,
kalsilite,Kls,K(AlSi)O4,cr2,HDNB78,OBIGT.1,5/5/1978,CGL,cal,-482526.312,-512142.073,25.2837,,59.89,42.5,0,0,0,0,0,0,1800,,,-1.0000 kalsilite -4.0000 H+ 1.0000 Al+3 1.0000 K+ 1.0000 SiO2 2.0000 H2O,,K+ Al+3 Si+4 4O-2,inorganic_cr,
laumontite,lamt,Ca(Al2Si4)O12*4H2O,cr,HDNB78,SPRONS92.2,3/15/1990,CGL,cal,-1596823,-1728664,116.1,,207.55,123.2,0.04447,-1643000,0,0,0,0,1000,,,-1.0000 laumontite -8.0000 H+ 1.0000 Ca+2 2.0000 Al+3 4.0000 SiO2 8.0000 H2O,,Ca+2 2Al+3 4Si+4 8H+ 16O-2,inorganic_cr,
"microcline,maximum",Max-Mc,K(AlSi3)O8,cr,HDNB78,,5/5/1978,CGL,cal,-895374,-949188,51.13,,108.741,63.83,0.0129,-1705000,0,0,0,0,1400,,,"-1.0000 microcline,maximum -4.0000 H+ 1.0000 Al+3 1.0000 K+ 2.0000 H2O 3.0000 SiO2",polymorph,K+ Al+3 3Si+4 8O-2,inorganic_cr,
nepheline,Ne,Na(AlSi)O4,cr,HDNB78,,5/5/1978,CGL,cal,-472872,-500241,29.72,,54.16,35.908062,0.006457918,-732796.5,0,0,0,0,1500,,,-1.0000 nepheline -4.0000 H+ 1.0000 Al+3 1.0000 Na+ 1.0000 SiO2 2.0000 H2O,idealized,Na+ Al+3 Si+4 4O-2,inorganic_cr,
pargasite,Prg,Na(Ca2Mg4Al)(Al2Si6)O22(OH)2,cr,HDNB78,SPRONS92.2,3/15/1990,CGL,cal,-2846728,-3016624,160,,273.5,205.8,0.04166,-5021000,0,0,0,0,1000,,,-1.0000 pargasite -22.0000 H+ 1.0000 Na+ 2.0000 Ca+2 3.0000 Al+3 4.0000 Mg+2 6.0000 SiO2 12.0000 H2O,idealized,Na+ 2Ca+2 4Mg+2 3Al+3 6Si+4 2H+ 24O-2,inorganic_cr,
"sanidine,high",Hi-Sa,K(AlSi3)O8,cr,HDNB78,,5/5/1978,CGL,cal,-893738,-946538,54.53,,109.008,63.83,0.0129,-1705000,0,0,0,0,1400,,,"-1.0000 sanidine,high -4.0000 H+ 1.0000 Al+3 1.0000 K+ 2.0000 H2O 3.0000 SiO2",polymorph,K+ Al+3 3Si+4 8O-2,inorganic_cr,
sepiolite,Sep,Mg4Si6O15(OH)2(H2O)2*4H2O,cr,HDNB78,,5/5/1978,CGL,cal,-2211192,-2418000,146.6,,285.6,157.92,0.1043,-1868000,0,0,0,0,800,,,-1.0000 sepiolite -8.0000 H+ 4.0000 Mg+2 6.0000 SiO2 11.0000 H2O,,6Si+4 14H+ 4Mg+2 23O-2,inorganic_cr,
wairakite,Wai,Ca(Al2Si4)O12*2H2O,cr,HDNB78,SPRONS92.2,3/15/1990,CGL,cal,-1477432,-1579333,105.1,,186.87,100.4,0.04447,-1643000,0,0,0,0,1000,,,-1.0000 wairakite -8.0000 H+ 1.0000 Ca+2 2.0000 Al+3 4.0000 SiO2 6.0000 H2O,,Ca+2 2Al+3 4Si+4 4H+ 14O-2,inorganic_cr,
Ar(g),Ar,Ar,gas,WEP+82,Kel60,12/27/1989,CGL,cal,0,0,37.008,,0,4.968,0,0,0,0,0,0,8000,,,-1.0000 Ar(g) 1.0000 Ar,refstate,Ar ,inorganic_gas,
CH4(g),CH4,CH4,gas,WEP+82,Kel60,12/15/1987,CGL,cal,-12122.4,-17880,44.518,,0,5.65,0.01144,-46000,0,0,0,0,1500,,,-1.0000 CH4(g) -2.0000 O2(g) 1.0000 H+ 1.0000 H2O 1.0000 HCO3-,,C-4 4H+,inorganic_gas,
CO2(g),CO2,CO2,gas,WEP+82,Kel60,12/27/1989,CGL,cal,-94254,-94051,51.085,,0,10.57,0.0021,-206000,0,0,0,0,2500,,,-1.0000 CO2(g) -1.0000 H2O 1.0000 H+ 1.0000 HCO3-,,C+4 2O-2,inorganic_gas,
H2(g),H2,H2,gas,WEP+82,Kel60,12/27/1989,CGL,cal,0,0,31.234,,0,6.52,0.00078,12000,0,0,0,0,3000,,,-1.0000 H2(g) -0.5000 O2(g) 1.0000 H2O,refstate,2H,inorganic_gas,
H2S(g),H2S,H2S,gas,WEP+82,Kel60,12/27/1989,CGL,cal,-8021,-4931,49.185,,0,7.81,0.00296,-46000,0,0,0,0,2300,,,-1.0000 H2S(g) 1.0000 H+ 1.0000 HS-,,S-2 2H+,inorganic_gas,
He(g),He,He,gas,WEP+82,Kel60,12/27/1989,CGL,cal,0,0,30.151,,0,4.968,0,0,0,0,0,0,8000,,,-1.0000 He(g) 1.0000 He,refstate,He ,inorganic_gas,
Kr(g),Kr,Kr,gas,WEP+82,Kel60,12/27/1989,CGL,cal,0,0,39.217,,0,4.968,0,0,0,0,0,0,8000,,,-1.0000 Kr(g) 1.0000 Kr,refstate,Kr ,inorganic_gas,
N2(g),N2,N2,gas,WEP+82,Kel60,12/27/1989,CGL,cal,0,0,45.796,,0,6.83,0.0009,-12000,0,0,0,0,3000,,,-1.0000 N2(g) -2.5000 O2(g) -1.0000 H2O 2.0000 H+ 2.0000 NO3-,refstate,2N ,inorganic_gas,
Ne(g),Ne,Ne,gas,WEP+82,Kel60,12/27/1989,CGL,cal,0,0,34.973,,0,4.968,0,0,0,0,0,0,8000,,,-1.0000 Ne(g) 1.0000 Ne,refstate,Ne ,inorganic_gas,
NH3(g),NH3,NH3,gas,WEP+82,Kel60,7/26/1989,CGL,cal,-3932,-11021,46,,0,7.11,0.006,-37000,0,0,0,0,1800,,,-1.0000 NH3(g) -2.0000 O2(g) 1.0000 H+ 1.0000 H2O 1.0000 NO3-,,N-3 3H+,inorganic_gas,
O2(g),oxygen,O2,gas,WEP+82,Kel60,12/27/1989,CGL,cal,0,0,49.029,,0,7.16,0.001,-40000,0,0,0,0,3000,,,-1.0000 O2(g) 1.0000 O2(g),refstate,2O,required,
Rn(g),Rn,Rn,gas,WEP+82,Kel60,12/27/1989,CGL,cal,0,0,42.12,,0,4.968,0,0,0,0,0,0,3000,,,-1.0000 Rn(g) 1.0000 Rn,refstate,Rn ,inorganic_gas,
S2(g),S2,S2,gas,WEP+82,Kel60,12/27/1989,CGL,cal,18953,30681,54.54,,0,8.72,0.00016,-90000,0,0,0,0,3000,,,-1.0000 S2(g) -2.0000 H2O 0.5000 SO4-2 1.5000 HS- 2.5000 H+,,2S ,inorganic_gas,
SO2(g),SO2,SO2,gas,WEP+82,Kel60,12/27/1989,CGL,cal,-71748,-70944,59.33,,0,11.04,0.00188,-184000,0,0,0,0,2000,,,-1.0000 SO2(g) -1.0000 H2O -0.5000 O2(g) 1.0000 SO4-2 2.0000 H+,,S+4 2O-2,inorganic_gas,
Xe(g),Xe,Xe,gas,WEP+82,Kel60,12/27/1989,CGL,cal,0,0,40.555,,0,4.968,0,0,0,0,0,0,8000,,,-1.0000 Xe(g) 1.0000 Xe,refstate,Xe ,inorganic_gas,
CO(g),CO,CO,gas,Sho93.1,,3/18/1993,CGL,cal,-32784,-26416,47.245,6.965,0,6.79,0.00098,-11000,0,0,0,0,5000,,,-1.0000 CO(g) -1.0000 H2O -0.5000 O2(g) 1.0000 HCO3- 1.0000 H+,,C+2 O-2,inorganic_gas,
H2O(g),steam,H2O,gas,,,3/20/1990,CGL,cal,-54524.8,-57935.1,44.763,,0,12.6647,-0.0104041,1307.8,0,0,0,0,2523.15,,,-1.0000 H2O(g) 1.0000 H2O,,O-2 2H+,required,
CuCl,CuCl,CuCl,aq,SSH97.3,,10/2/1997,HKF,cal,-22608,-26338,22.06,19.64,17.22,4.1084,2.253,4.8575,-2.8721,17.3292,0.967,-0.038,0,3,0,-1.000 CuCl 1.000 Cu+ 1.0 Cl-,,Cu+ Cl-,inorganic_aq,
CuCl2-,CuCl2-,CuCl2-,aq,SSH97.3,,10/2/1997,HKF,cal,-58038,-72903,26.96,32.99,45.43,8.3943,12.7182,0.7442,-3.3047,36.7555,3.6846,1.2219,-1,4,0,-1.0000 CuCl2- 1.0000 Cu+ 2.0000 Cl-,,Cu+ 2Cl-,inorganic_aq,
CuCl3-2,CuCl3-2,CuCl3-2,aq,SSH97,,10/2/1997,HKF,cal,-89963,-118524,23.28,53.72,76.86,13.2482,24.57,-3.914,-3.7947,63.9808,7.9089,2.8579,-2,4,0,-1.0000 CuCl3-2 1.0000 Cu+ 3.0000 Cl-,,Cu+ 3Cl-,inorganic_aq,
CuCl+,CuCl+,CuCl+,aq,SSH97,,10/2/1997,HKF,cal,-16250,-23847,-6.51,29.39,-1.72,1.748,-3.5103,7.1228,-2.6338,29.356,2.953,0.6472,1,4,0,-1.0000 CuCl+ 1.0000 Cu+2 1.0000 Cl-,,Cu+2 Cl-,inorganic_aq,
CuCl2,CuCl2,CuCl2,aq,SSH97,,10/2/1997,HKF,cal,-46142,-64160,0.78,54.22,24.32,5.0806,4.627,3.9244,-2.9702,37.5948,8.0108,-0.038,0,4,0,-1.0000 CuCl2 1.0000 Cu+2 2.0000 Cl-,,Cu+2 2Cl-,inorganic_aq,
CuCl3-,CuCl3-,CuCl3-,aq,SSH97,,10/2/1997,HKF,cal,-75338,-106846,-2.21,72.39,53.34,9.6259,15.7252,-0.4377,-3.429,63.8881,11.7108,1.6605,-1,4,0,-1.0000 CuCl3- 1.0000 Cu+2 3.0000 Cl-,,Cu+2 3Cl-,inorganic_aq,
CuCl4-2,CuCl4-2,CuCl4-2,aq,SSH97,,10/2/1997,HKF,cal,-103579,-152534,-18.48,83.89,85.68,14.6696,28.0407,-5.2782,-3.9382,87.5037,14.0532,3.4923,-2,4,0,-1.0000 CuCl4-2 1.0000 Cu+2 4.0000 Cl-,,Cu+2 4Cl-,inorganic_aq,
CuF+,CuF+,CuF+,aq,SSH97,,10/9/1997,HKF,cal,-53739,-64285,-18.84,33.66,-20.92,-0.8164,-9.7719,9.5838,-2.375,33.5733,3.8226,0.8334,1,4,0,-1.0000 CuF+ 1.0000 Cu+2 1.0000 F-,,Cu+2 F-,inorganic_aq,
CoCl+,CoCl+,CoCl+,aq,SSH97,,10/16/2007,HKF,cal,-45157,-53965,-11.27,17.02,-1.5,1.8028,-3.3766,7.0702,-2.6394,22.7656,0.4323,0.7191,1,4,0,-1.0000 CoCl+ 1.0000 Co+2 1.0000 Cl-,,Co+2 Cl-,inorganic_aq,
CoF+,CoF+,CoF+,aq,SSH97,,10/16/2007,HKF,cal,-81732,-93191,-22.6,21.29,-20.7,-0.7659,-9.6484,9.5354,-2.3801,26.8657,-1.3018,0.8926,1,4,0,-1.0000 CoF+ 1.0000 Co+2 1.0000 F-,,Co+2 F-,inorganic_aq,
NiF+,NiF+,NiF+,aq,SSH97,,10/9/1997,HKF,cal,-79768,-92315,-26.36,12.51,-25.83,-1.4455,-11.308,10.1875,-2.3115,22.317,-0.4857,0.957,1,4,0,-1.0000 NiF+ 1.0000 Ni+2 1.0000 F-,,Ni+2 F-,inorganic_aq,
MnF+,MnF+,MnF+,aq,SSH97,,10/9/1997,HKF,cal,-123641,-132454,-13.3,29.39,-12.46,0.3136,-7.0128,8.4994,-2.489,30.284,2.9518,0.7483,1,4,0,-1.0000 MnF+ 1.0000 Mn+2 1.0000 F-,,Mn+2 F-,inorganic_aq,
ZnF+,ZnF+,ZnF+,aq,SSH97,,10/9/1997,HKF,cal,-104109,-116131,-21.81,24.44,-20.48,-0.7395,-9.5843,9.5101,-2.3827,28.5991,1.9435,0.8803,1,4,0,-1.0000 ZnF+ 1.0000 Zn+2 1.0000 F-,,Zn+2 F-,inorganic_aq,
CdCl+,CdCl+,CdCl+,aq,SSH97,,10/2/1997,HKF,cal,-52627,-59392,0.75,26.47,8.42,3.099,-0.2116,5.8262,-2.7702,26.6485,2.3572,0.5394,1,4,0,-1.0000 CdCl+ 1.0000 Cd+2 1.0000 Cl-,,Cd+2 Cl-,inorganic_aq,
CdCl2,CdCl2,CdCl2,aq,SSH97,,10/2/1997,HKF,cal,-84851,-101362,10.31,48.52,35.62,6.6265,8.4016,2.4408,-3.1263,34.2501,6.8482,-0.038,0,4,0,-1.0000 CdCl2 1.0000 Cd+2 2.0000 Cl-,,Cd+2 2Cl-,inorganic_aq,
CdCl3-,CdCl3-,CdCl3-,aq,SSH97,,10/2/1997,HKF,cal,-115971,-144916,10.86,62.74,65.93,11.2826,19.7705,-2.0276,-3.5963,56.4451,9.7459,1.4662,-1,4,0,-1.0000 CdCl3- 1.0000 Cd+2 3.0000 Cl-,,Cd+2 3Cl-,inorganic_aq,
CdCl4-2,CdCl4-2,CdCl4-2,aq,SSH97,,10/2/1997,HKF,cal,-146081,-190793,0.23,69.14,99.7,16.4919,32.4903,-7.0271,-4.1221,76.2256,11.0502,3.206,-2,4,0,-1.0000 CdCl4-2 1.0000 Cd+2 4.0000 Cl-,,Cd+2 4Cl-,inorganic_aq,
CdF+,CdF+,CdF+,aq,SSH97,,10/9/1997,HKF,cal,-87373,-97544,-13.11,30.74,-10.78,0.5423,-6.4544,8.2799,-2.5121,31.0752,3.2268,0.7483,1,4,0,-1.0000 CdF+ 1.0000 Cd+2 1.0000 F-,,Cd+2 F-,inorganic_aq,
CdF2,CdF2,CdF2,aq,SSH97,,10/9/1997,HKF,cal,-155164,-180369,-23.72,58.71,-4.97,1.0718,-5.1614,7.7717,-2.5656,40.2242,8.9247,-0.038,0,4,0,-1.0000 CdF2 1.0000 Cd+2 2.0000 F-,,Cd+2 2F-,inorganic_aq,
SnO,SnO,SnO,aq,SSWS97,,11/13/1997,HKF,cal,-53600,-60100,14.8,-32.4,7.2,2.7401,-1.0905,6.1776,-2.7338,-13.0981,-9.6344,-0.03,0,4,0,-1.0000 SnO -2.0000 H+ 1.0000 Sn+2 1.0000 H2O,,Sn+2 O-2,inorganic_aq,
PbF+,PbF+,PbF+,aq,SSH97,,10/9/1997,HKF,cal,-75860,-80591,8.26,10.04,-10.67,0.4488,-6.6827,8.3696,-2.5027,15.9794,-0.9898,0.4266,1,4,0,-1.0000 PbF+ 1.0000 Pb+2 1.0000 F-,,Pb+2 F-,inorganic_aq,
PbF2,PbF2,PbF2,aq,SSH97,,10/9/1997,HKF,cal,-145056,-162783,4.48,18.32,-4.85,1.0888,-5.1199,7.7554,-2.5673,16.5543,0.6976,-0.038,0,4,0,-1.0000 PbF2 1.0000 Pb+2 2.0000 F-,,Pb+2 2F-,inorganic_aq,
Pb(HS)2,Pb(HS)2,Pb(HS)2,aq,SSH97,,10/9/1997,HKF,cal,-20058,-22851,52.56,38.71,41.88,7.4825,10.4917,1.6193,-3.2127,28.5025,4.8505,-0.038,0,4,0,-1.0000 Pb(HS)2 1.0000 Pb+2 2.0000 HS-,,Pb+2 2S-2 2H+,inorganic_aq,
Pb(HS)3-,Pb(HS)3-,Pb(HS)3-,aq,SSH97,,10/9/1997,HKF,cal,-18971,-28704,68.08,47.8,75.8,12.3397,22.3518,-3.0422,-3.703,39.6902,6.7025,0.598,-1,4,0,-1.0000 Pb(HS)3- 1.0000 Pb+2 3.0000 HS-,,Pb+2 3S-2 3H+,inorganic_aq,
BeCl+,BeCl+,BeCl+,aq,SSH97,,10/2/1997,HKF,cal,-115316,-124998,92.31,31.19,-2.06,1.1974,-4.8548,7.6512,-2.5783,16.6475,3.3197,-0.8467,1,4,0,-1.0000 BeCl+ 1.0000 Be+2 1.0000 Cl-,,Be+2 Cl-,inorganic_aq,
BeCl2,BeCl2,BeCl2,aq,SSH97,,10/2/1997,HKF,cal,-145521,-156432,130.44,57.74,23.95,5.0297,4.5026,3.9733,-2.9651,39.653,8.7262,-0.38,0,4,0,-1.0000 BeCl2 1.0000 Be+2 2.0000 Cl-,,Be+2 2Cl-,inorganic_aq,
BeF+,BeF+,BeF+,aq,SSH97,,10/7/1997,HKF,cal,-158493,-177322,59.2,35.46,-21.26,-1.2603,-10.856,10.0098,-2.3302,23.774,4.1893,-0.3447,1,4,0,-1.0000 BeF+ 1.0000 Be+2 1.0000 F-,,Be+2 F-,inorganic_aq,
BeF2,BeF2,BeF2,aq,SSH97,,10/7/1997,HKF,cal,-231386,-258350,71.72,67.93,-16.64,-0.525,-9.0604,9.3042,-2.4044,45.6271,10.8026,-0.38,0,4,0,-1.0000 BeF2 1.0000 Be+2 2.0000 F-,,Be+2 2F-,inorganic_aq,
BeF3-,BeF3-,BeF3-,aq,SSH97,,10/7/1997,HKF,cal,-302532,-331512,104.78,96.1,-11.5,0.2052,-7.2776,8.6034,-2.4781,62.8555,16.5406,0.0401,-1,4,0,-1.0000 BeF3- 1.0000 Be+2 3.0000 F-,,Be+2 3F-,inorganic_aq,
BeF4-2,BeF4-2,BeF4-2,aq,SSH97,,10/7/1997,HKF,cal,-370691,-386096,190.12,119.97,-5.77,1.0882,-5.1214,7.756,-2.5672,79.5432,21.4033,0.3329,-2,4,0,-1.0000 BeF4-2 1.0000 Be+2 4.0000 F-,,Be+2 4F-,inorganic_aq,
ethane,,C2H6,aq,SH90,,8/31/1987,HKF,cal,-3886,-24650,26.81,88.3,51.3,8.634,13.3011,0.5205,-3.3288,54.1755,14.9521,-0.406,0,3,0,-1.0000 ethane 1.0000 acetic-acid 1.0000 H2O -1.5000 O2(g),aux,2C-3 6H+,organic_aq,
propane,,C3H8,aq,SH90,,8/31/1987,HKF,cal,-1963,-30490,33.37,110.6,67,10.7625,18.4948,-1.5133,-3.5435,66.3294,19.4946,-0.5053,0,3,0,-1.0000 propane -0.5000 H2O 0.2500 O2(g) 1.5000 ethane,,,organic_aq,
butane,,C4H10,aq,SH90,,1/15/1993,HKF,cal,36,-36230,40.02,133.9,82.8,12.8905,23.696,-3.5683,-3.7585,79.0569,24.2408,-0.6061,0,3,0,-1.0000 butane -1.0000 H2O 0.5000 O2(g) 2.0000 ethane,,,organic_aq,
pentane,,C5H12,aq,SH90,,1/15/1993,HKF,cal,2130,-41560,47.5,153,98.6,15.0143,28.8771,-5.5949,-3.9727,89.207,28.1315,-0.7193,0,3,0,-1.0000 pentane -1.5000 H2O 0.7500 O2(g) 2.5000 ethane,,,organic_aq,
hexane,,C6H14,aq,PS01,,10/4/2000,HKF,cal,4600,-47490,52.9,157.74,114,45.65,-4.78,-124.04,2.87,108.27,22.94,-0.47,0,3,0,-1.0000 hexane -2.0000 H2O 1.0000 O2(g) 3.0000 ethane,,,organic_aq,
heptane,,C7H16,aq,SH90,,1/15/1993,HKF,cal,6470,-52950,60,196.4,130.2,19.2745,39.281,-9.6879,-4.4028,112.898,36.9721,-0.9086,0,3,0,-1.0000 heptane -2.5000 H2O 1.2500 O2(g) 3.5000 ethane,,,organic_aq,
octane,,C8H18,aq,SH90,,1/15/1993,HKF,cal,8580,-59410,63.8,217.6,146,21.4171,44.5126,-11.7437,-4.6191,124.7924,41.2905,-0.9662,0,3,0,-1.0000 octane -3.0000 H2O 1.5000 O2(g) 4.0000 ethane,,,organic_aq,
ethylene,,C2H4,aq,PS01,,10/4/2000,HKF,cal,19530,8610,28.6,66.92,46,17.69,-5.5,-53.78,3.59,43.98,12.91,-0.31,0,3,0,-1.0000 ethylene -1.0000 H2O 0.5000 O2(g) 1.0000 ethane,,,organic_aq,
propene,,C3H6,aq,SH90,,9/4/1987,HKF,cal,17910,-290,36.7,83.7,61.3,9.9655,16.5518,-0.7564,-3.4632,50.0997,14.0151,-0.5558,0,3,0,-1.0000 propene -1.5000 H2O 0.7500 O2(g) 1.5000 ethane,,,organic_aq,
butene,,C4H8,aq,SH90,,9/4/1987,HKF,cal,20310,-5635,43.4,104.9,77.1,12.0932,21.7476,-2.7991,-3.6779,61.5894,18.3335,-0.6572,0,3,0,-1.0000 butene -2.0000 H2O 1.0000 O2(g) 2.0000 ethane,,,organic_aq,
pentene,,C5H10,aq,SH90,,9/4/1987,HKF,cal,22470,-11200,50.1,126.1,92.9,14.221,26.9431,-4.8413,-3.8927,73.0791,22.652,-0.7587,0,3,0,-1.0000 pentene -2.5000 H2O 1.2500 O2(g) 2.5000 ethane,,,organic_aq,
hexene,,C6H12,aq,SH90,,9/4/1987,HKF,cal,24370,-17025,56.8,147.3,108.7,16.3488,32.1387,-6.8838,-4.1075,84.5689,26.9704,-0.8602,0,3,0,-1.0000 hexene -3.0000 H2O 1.5000 O2(g) 3.0000 ethane,,,organic_aq,
heptene,,C7H14,aq,SH90,,9/4/1987,HKF,cal,26450,-22670,63.5,168.5,124.5,18.4766,37.3342,-8.926,-4.3223,96.0586,31.2889,-0.9616,0,3,0,-1.0000 heptene -3.5000 H2O 1.7500 O2(g) 3.5000 ethane,,,organic_aq,
octene,,C8H16,aq,SH90,,9/4/1987,HKF,cal,28720,-28120,70.2,189.7,140.3,20.6044,42.5297,-10.9682,-4.5371,107.5483,35.6073,-1.0631,0,3,0,-1.0000 octene -4.0000 H2O 2.0000 O2(g) 4.0000 ethane,,,organic_aq,
ethyne,,C2H2,aq,SH90,,8/31/1987,HKF,cal,51890,50700,30,53,49.3,8.3577,12.6272,0.7833,-3.3009,33.0423,7.7615,-0.4543,0,3,0,-1.0000 ethyne -2.0000 H2O 1.0000 ethane 1.0000 O2(g),,,organic_aq,
1-propyne,,C3H4,aq,SH90,,9/4/1987,HKF,cal,47880,38970,36.7,74.2,65.1,10.4855,17.8227,-1.2588,-3.5157,44.5321,12.0799,-0.5558,0,3,0,-1.0000 1-propyne -2.5000 H2O 1.2500 O2(g) 1.5000 ethane,,,organic_aq,
1-butyne,,C4H6,aq,SH90,,9/4/1987,HKF,cal,50030,33400,43.4,95.4,80.9,12.6132,23.0185,-3.3011,-3.7305,56.0218,16.3984,-0.6572,0,3,0,-1.0000 1-butyne -3.0000 H2O 1.5000 O2(g) 2.0000 ethane,,,organic_aq,
1-pentyne,,C5H8,aq,SH90,,9/4/1987,HKF,cal,52160,27800,50.1,116.6,96.7,14.741,28.214,-5.3433,-3.9453,67.5117,20.7168,-0.7587,0,3,0,-1.0000 1-pentyne -3.5000 H2O 1.7500 O2(g) 2.5000 ethane,,,organic_aq,
1-hexyne,,C6H10,aq,SH90,,9/4/1987,HKF,cal,54420,22340,56.8,137.8,112.5,16.8688,33.4096,-7.3857,-4.1601,79.0012,25.0353,-0.8602,0,3,0,-1.0000 1-hexyne -4.0000 H2O 2.0000 O2(g) 3.0000 ethane,,,organic_aq,
1-heptyne,,C7H12,aq,SH90,,9/4/1987,HKF,cal,56730,16980,63.7,159,128.3,18.9956,38.6015,-9.4245,-4.3747,90.4632,29.3537,-0.9647,0,3,0,-1.0000 1-heptyne -4.5000 H2O 2.2500 O2(g) 3.5000 ethane,,,organic_aq,
1-octyne,,C8H14,aq,SH90,,9/4/1987,HKF,cal,58860,11330,70.2,180.2,144.1,21.1244,43.8006,-11.4705,-4.5896,101.9808,33.6721,-1.0631,0,3,0,-1.0000 1-octyne -5.0000 H2O 2.5000 O2(g) 4.0000 ethane,,,organic_aq,
toluene,,C6H5CH3,aq,SH90,,9/4/1987,HKF,cal,30260,3280,43.9,102.8,97.71,15.0259,21.9153,12.1349,-3.6849,93.924,2.8953,-0.3248,0,3,0,-1.0000 toluene -1.5000 O2(g) 1.0000 benzene 1.0000 H+ 1.0000 HCO3-,,,organic_aq,
ethylbenzene,,C6H5C2H5,aq,SH90,,9/4/1987,HKF,cal,32440,-2500,49.8,120.5,113.8,17.1974,26.2574,12.4885,-3.8644,108.3695,4.0918,-0.4142,0,3,0,-3.0000 ethylbenzene -1.5000 O2(g) 3.0000 H2O 4.0000 benzene,,,organic_aq,
n-propylbenzene,,C6H5C3H7,aq,SH90,,8/31/1987,HKF,cal,34170,-8630,56.1,144.8,129.6,19.3272,30.5152,12.8372,-4.0404,128.4523,5.7345,-0.5096,0,3,0,-1.0000 n-propylbenzene -1.5000 H2O 1.0000 benzene 1.5000 ethane 0.7500 O2(g),,,organic_aq,
n-butylbenzene,,C6H5C4H9,aq,SH90,,8/31/1987,HKF,cal,36110,-14430,62.8,166,145.4,21.455,34.7658,13.1931,-4.2162,145.8054,7.1676,-0.611,0,3,0,-1.0000 n-butylbenzene -2.0000 H2O 1.0000 benzene 2.0000 ethane 1.0000 O2(g),,,organic_aq,
n-pentylbenzene,,C6H5C5H11,aq,SH90,,9/2/1987,HKF,cal,38210,-19750,69.5,187.2,161.2,23.5828,39.0164,13.549,-4.3918,163.1584,8.6007,-0.7125,0,3,0,-1.0000 n-pentylbenzene -2.5000 H2O 1.0000 benzene 2.5000 ethane 1.2500 O2(g),,,organic_aq,
n-hexylbenzene,,C6H5C6H13,aq,SH90,,9/2/1987,HKF,cal,40390,-25590,76.2,208.4,177,25.7106,43.2732,13.8894,-4.5678,180.5115,10.0338,-0.814,0,3,0,-1.0000 n-hexylbenzene -3.0000 H2O 1.0000 benzene 3.0000 ethane 1.5000 O2(g),,,organic_aq,
n-heptylbenzene,,C6H5C7H15,aq,SH90,,9/2/1987,HKF,cal,42640,-31090,82.9,229.6,192.8,27.8384,47.5238,14.2453,-4.7435,197.8642,11.467,-0.9154,0,3,0,-1.0000 n-heptylbenzene -3.5000 H2O 1.0000 benzene 3.5000 ethane 1.7500 O2(g),,,organic_aq,
n-octylbenzene,,C6H5C8H17,aq,SH90,,9/2/1987,HKF,cal,44690,-36760,89.6,250.8,208.6,29.9662,51.7744,14.6016,-4.9193,215.2173,12.9001,-1.0169,0,3,0,-1.0000 n-octylbenzene -4.0000 H2O 1.0000 benzene 4.0000 ethane 2.0000 O2(g),,,organic_aq,
methanol,,CH3OH,aq,PS01,,10/4/2000,HKF,cal,-42020,-58880,31.8,37.76,38.2,8.37,4.06,-0.24,-1.43,34.42,0.96,-0.15,0,3,0,-1.0000 methanol 1.0000 H2O 0.5000 acetic-acid -0.5000 O2(g),aux,C-2 4H+ O-2,organic_aq,
ethanol,,C2H5OH,aq,PS01,,10/4/2000,HKF,cal,-43240,-68770,35.3,62.86,55.1,11.71,6.21,5.98,-3.35,58.8,1.67,-0.12,0,3,0,-1.0000 ethanol -1.0000 H2O 2.0000 methanol,,,organic_aq,
propanol,1-propanol,C3H7OH,aq,PS01,,10/4/2000,HKF,cal,-41130,-74750,40.8,84.85,70.7,14.58,9.08,12.19,-5.5,74.33,3.35,-0.2,0,3,0,-1.0000 propanol -2.0000 H2O 3.0000 methanol,,,organic_aq,
butanol,1-butanol,C4H9OH,aq,SH90,,9/2/1987,HKF,cal,-38840,-80320,46.9,104.4,86.6,13.4902,17.94,14.1816,-3.5205,94.8858,3.0034,-0.3702,0,3,0,-1.0000 butanol -3.0000 H2O 4.0000 methanol,,,organic_aq,
pentanol,1-pentanol,C5H11OH,aq,SH90,,9/2/1987,HKF,cal,-38470,-87730,53.4,125.2,102.68,15.6573,22.623,13.6464,-3.7141,111.9216,4.4095,-0.4687,0,3,0,-1.0000 pentanol -4.0000 H2O 5.0000 methanol,,,organic_aq,
hexanol,,C6H13OH,aq,SH90,SLOP16.7,6/2/1998,HKF,cal,-35490,-92690,59.3,144.4,118.65,17.8125,27.4861,12.591,-3.9152,127.661,5.7074,-0.558,0,3,0,-1.0000 hexanol -5.0000 H2O 6.0000 methanol,,,organic_aq,
heptanol,,C7H15OH,aq,SH90,SLOP16.7,6/2/1998,HKF,cal,-31990,-97270,64.7,174.2,133.43,19.8073,31.4734,12.9195,-4.08,152.6139,7.7219,-0.6398,0,3,0,-1.0000 heptanol -6.0000 H2O 7.0000 methanol,,,organic_aq,
octanol,,C8H17OH,aq,SH90,SLOP16.7,9/2/1987,HKF,cal,-30250,-103060,72.1,195,149.2,21.9274,35.7067,13.2792,-4.255,169.5242,9.128,-0.7519,0,3,0,-1.0000 octanol -7.0000 H2O 8.0000 methanol,,,organic_aq,
acetone,,C3H6O,aq,SH90,,9/2/1987,HKF,cal,-38500,-61720,44.4,57.7,66.92,10.81,13.4912,11.435,-3.3366,54.9496,-0.1534,-0.3324,0,3,0,-1.0000 acetone 1.5000 acetic-acid -1.0000 O2(g),aux,2C-3 C+2 6H+ O-2,organic_aq,
butanone,2-butanone,C4H8O,aq,SH90,,9/2/1987,HKF,cal,-36730,-67880,50.3,80.4,82.52,12.9145,17.6967,11.7839,-3.5105,73.7083,1.381,-0.4217,0,3,0,-3.0000 butanone -0.5000 O2(g) 4.0000 acetone,,,organic_aq,
2-pentanone,,C5H10O,aq,SH90,,9/2/1987,HKF,cal,-34390,-73460,56.3,101.6,98,15.0021,21.8653,12.1372,-3.6828,91.1588,2.8142,-0.5126,0,3,0,-3.0000 2-pentanone -1.0000 O2(g) 5.0000 acetone,,,organic_aq,
2-hexanone,,C6H12O,aq,SH90,,9/2/1987,HKF,cal,-32480,-79220,63.4,122.8,113.7,17.1141,26.0886,12.4806,-3.8574,108.456,4.2473,-0.6201,0,3,0,-3.0000 2-hexanone -1.5000 O2(g) 6.0000 acetone,,,organic_aq,
2-heptanone,,C7H14O,aq,SH90,,9/2/1987,HKF,cal,-30430,-84890,70.1,144,129.5,19.2419,30.3392,12.8366,-4.0331,125.8091,5.6804,-0.7216,0,3,0,-3.0000 2-heptanone -2.0000 O2(g) 7.0000 acetone,,,organic_aq,
2-octanone,,C8H16O,aq,SH90,,9/2/1987,HKF,cal,-28380,-90560,76.8,165.2,145.3,21.3697,34.596,13.1769,-4.2091,143.162,7.1135,-0.8231,0,3,0,-3.0000 2-octanone -2.5000 O2(g) 8.0000 acetone,,,organic_aq,
a-aminobutyric-acid,,C4H9NO2,aq,SH90,,9/4/1987,HKF,cal,-87120,-138180,46.7,53.1,76.5,12.1092,16.0862,11.6529,-3.4439,50.6605,-0.4643,-0.3672,0,3,0,-1.0000 a-aminobutyric-acid -1.0000 H+ -1.0000 NO3- 0.5000 O2(g) 2.0000 glycine,,,organic_aq,
formaldehyde,,HCHO,aq,SS93,SLOP16.3,6/2/1998,HKF,cal,-26130,-33890,31.09,15.7,26.9,5.3113,5.3139,3.3901,-2.9986,18.9581,-3.4097,-0.3984,0,4,0,-1.0000 formaldehyde 0.5000 acetic-acid,aux,C 2H+ O-2,organic_aq,
acetaldehyde,,CH3CHO,aq,SS93,,1/14/1993,HKF,cal,-33470,-50380,33,34.9,43.7,7.6203,10.5479,2.1995,-3.215,34.5782,-1.5128,-0.3686,0,4,0,-1.0000 acetaldehyde -0.5000 O2(g) 2.0000 formaldehyde,,,organic_aq,
propanal,,CH3CH2CHO,aq,SS93,,1/14/1993,HKF,cal,-32730,-57360,39.7,56.1,59.5,9.7974,15.4784,1.088,-3.4188,51.9312,0.5817,-0.3242,0,4,0,-1.0000 propanal 3.0000 formaldehyde -1.0000 O2(g),,,organic_aq,
butanal,,CH3(CH2)2CHO,aq,SS93,,1/14/1993,HKF,cal,-28720,-61070,46.6,77.3,75.3,11.9745,20.4152,-0.0393,-3.6229,69.2842,2.6762,-0.2798,0,4,0,-1.0000 butanal 4.0000 formaldehyde -1.5000 O2(g),,,organic_aq,
pentanal,,CH3(CH2)3CHO,aq,SS93,,1/14/1993,HKF,cal,-27020,-67100,53.1,98.5,91.1,14.1516,25.3457,-1.1508,-3.8267,86.637,4.7708,-0.2354,0,4,0,-1.0000 pentanal -2.0000 O2(g) 5.0000 formaldehyde,,,organic_aq,
hexanal,,CH3(CH2)4CHO,aq,SS93,,1/14/1993,HKF,cal,-24850,-72650,59.8,119.7,106.9,16.3287,30.2824,-2.2778,-4.0308,103.9898,6.8654,-0.1909,0,4,0,-1.0000 hexanal -2.5000 O2(g) 6.0000 formaldehyde,,,organic_aq,
heptanal,,CH3(CH2)5CHO,aq,SS93,,1/14/1993,HKF,cal,-21490,-77010,66.5,140.9,122.7,18.5058,35.2192,-3.4052,-4.2349,121.3428,8.9599,-0.1465,0,4,0,-1.0000 heptanal -3.0000 O2(g) 7.0000 formaldehyde,,,organic_aq,
octanal,,CH3(CH2)6CHO,aq,SS93,,1/14/1993,HKF,cal,-20310,-83550,73.2,162.1,138.5,20.6828,40.1499,-4.5165,-4.4387,138.6956,11.0545,-0.1021,0,4,0,-1.0000 octanal -3.5000 O2(g) 8.0000 formaldehyde,,,organic_aq,
nonanal,,CH3(CH2)7CHO,aq,SS93,,1/14/1993,HKF,cal,-18100,-89060,79.9,183.3,154.3,22.8599,45.0867,-5.6439,-4.6428,156.0486,13.149,-0.0577,0,4,0,-1.0000 nonanal -4.0000 O2(g) 9.0000 formaldehyde,,,organic_aq,
decanal,,CH3(CH2)8CHO,aq,SS93,,1/14/1993,HKF,cal,-16600,-95290,86.6,204.5,170.1,25.037,50.0234,-6.7709,-4.8469,173.4014,15.2436,-0.0133,0,4,0,-1.0000 decanal -4.5000 O2(g) 10.0000 formaldehyde,,,organic_aq,
formic-acid,,H2CO2,aq,Sho95,,6/17/1992,HKF,cal,-88982,-101680,38.9,22.8,34.69,6.3957,7.7713,2.8318,-3.1002,26.1,-3.1,-0.33,0,3,0,-1.0000 formic-acid 1.0000 HCO3- -0.5000 O2(g) 1.0000 H+,aux,C+2 2H+ 2O-2,organic_aq,
acetic-acid,CH3COOH,C2H4O2,aq,Sho95,,3/6/1992,HKF,cal,-94760,-116100,42.7,40.56,52.01,11.6198,5.218,2.5088,-2.9946,42.076,-1.5417,-0.15,0,3,0,-1.0000 acetic-acid -2.0000 O2(g) 2.0000 H+ 2.0000 HCO3-,aux,C+3 C-3 4H+ 2O-2,organic_aq,
propanoic-acid,,C3H6O2,aq,Sho95,,3/6/1992,HKF,cal,-93450,-122470,49.4,60.5,67.9,11.0057,18.7077,-0.7792,-3.5523,62.97,-1.19,-0.15,0,3,0,-1.0000 propanoic-acid -0.5000 O2(g) 1.5000 acetic-acid,aux,C+3 C-2 C-3 6H+ 2O-2,organic_aq,
n-butanoic-acid,butanoic acid,C4H8O2,aq,Sho95,,3/6/1992,HKF,cal,-91210,-127950,56.1,80.5,84.61,13.2702,23.3487,-0.6985,-3.7441,72.4342,2.9924,-0.2155,0,3,0,-1.0000 n-butanoic-acid -1.0000 O2(g) 2.0000 acetic-acid,aux,C+3 2C-2 C-3 8H+ 2O-2,organic_aq,
n-pentanoic-acid,,C5H10O2,aq,Sho95,,3/6/1992,HKF,cal,-89240,-133690,62.8,103.3,100.5,15.4596,28.3156,-1.8374,-3.9495,91.0659,5.245,-0.171,0,3,0,-1.0000 n-pentanoic-acid -1.5000 O2(g) 2.5000 acetic-acid,aux,C+3 3C-2 C-3 10H+ 2O-2,organic_aq,
n-hexanoic-acid,,C6H12O2,aq,Sho95,,3/6/1992,HKF,cal,-87120,-139290,69.5,125,116.55,17.6709,33.3251,-2.97,-4.1566,108.8183,7.389,-0.1266,0,3,0,-1.0000 n-hexanoic-acid -2.0000 O2(g) 3.0000 acetic-acid,,C+3 4C-2 C-3 12H+ 2O-2,organic_aq,
n-heptanoic-acid,,C7H14O2,aq,Sho95,,6/17/1992,HKF,cal,-85200,-145080,76.2,146.2,131.6,19.7454,38.0251,-4.0341,-4.3509,126.1711,9.4836,-0.0822,0,3,0,-1.0000 n-heptanoic-acid -2.5000 O2(g) 3.5000 acetic-acid,,C+3 5C-2 C-3 14H+ 2O-2,organic_aq,
n-octanoic-acid,,C8H16O2,aq,Sho95,,3/6/1992,HKF,cal,-83450,-151050,82.9,167.4,147.4,21.9224,42.9621,-5.1613,-4.555,143.5241,11.5781,-0.0378,0,3,0,-1.0000 n-octanoic-acid -3.0000 O2(g) 4.0000 acetic-acid,,C+3 6C-2 C-3 16H+ 2O-2,organic_aq,
formate,,HCO2-,aq,Sho95,,2/28/1992,HKF,cal,-83862,-101680,21.7,-22,26.16,5.7842,4.7242,7.363,-2.9742,17,-12.4,1.3003,-1,3.5,0,-1.0000 formate -1.0000 H+ 1.0000 formic-acid,,C+2 H+ 2O-2,organic_aq,
acetate,CH3COO-,C2H3O2-,aq,Sho95,,2/28/1992,HKF,cal,-88270,-116160,20.6,6.2,40.5,7.7525,8.6996,7.5825,-3.1385,26.3,-3.86,1.3182,-1,4.5,0,-1.0000 acetate -1.0000 H+ 1.0000 acetic-acid,,C+3 C-3 3H+ 2O-2,organic_aq,
propanoate,,C3H5O2-,aq,Sho95,,2/28/1992,HKF,cal,-86780,-122630,26.5,30.9,54.95,9.6992,12.1344,9.0612,-3.2805,52.3,-4.2,1.2276,-1,4,0,-1.0000 propanoate -1.0000 H+ 1.0000 propanoic-acid,,C+3 C-3 C-2 5H+ 2O-2,organic_aq,
n-butanoate,,C4H7O2-,aq,Sho95,,6/17/1992,HKF,cal,-84650,-128630,31.8,44.5,70.3,11.7724,17.0492,7.4458,-3.4837,62.3135,-3.5666,1.1469,-1,4,0,-1.0000 n-butanoate -1.0000 H+ 1.0000 n-butanoic-acid,,C+3 C-3 2C-2 7H+ 2O-2,organic_aq,
n-pentanoate,,C5H9O2-,aq,Sho95,,6/17/1992,HKF,cal,-82630,-134380,38.3,70.3,86.31,13.9304,24.8456,-1.0403,-3.806,86.5816,-3.2539,1.0496,-1,4,0,-1.0000 n-pentanoate -1.0000 H+ 1.0000 n-pentanoic-acid,,C+3 C-3 3C-2 9H+ 2O-2,organic_aq,
n-hexanoate,,C6H11O2-,aq,Sho95,,2/28/1992,HKF,cal,-80490,-139870,45.3,90,102.21,16.07,29.6995,-2.153,-4.0067,104.8115,-3.0151,0.9427,-1,4,0,-1.0000 n-hexanoate -2.0000 O2(g) -1.0000 H+ 3.0000 acetic-acid,,C+3 C-3 4C-2 11H+ 2O-2,organic_aq,
n-heptanoate,,C7H13O2-,aq,Sho95,,2/28/1992,HKF,cal,-78525,-145620,52,111.2,116.91,18.0474,33.1726,-0.6108,-4.1503,124.5591,-2.7582,0.8417,-1,4,0,-1.0000 n-heptanoate -2.5000 O2(g) -1.0000 H+ 3.5000 acetic-acid,,C+3 C-3 5C-2 13H+ 2O-2,organic_aq,
n-octanoate,,C8H15O2-,aq,Sho95,SLOP16.5,6/2/1998,HKF,cal,-76770,-151580,58.7,128,133.82,20.3271,39.3469,-4.3421,-4.4055,140.0102,-2.5545,0.7402,-1,4,0,-1.0000 n-octanoate -3.0000 O2(g) -1.0000 H+ 4.0000 acetic-acid,,C+3 C-3 6C-2 15H+ 2O-2,organic_aq,
phenol,PHOL,C6H5OH,aq,DSM+97,,11/20/1997,HKF,cal,-12215,-36320,45.5,74.2,86.17,13.4599,23.7816,-0.7952,-3.762,67.7515,2.37,-0.2857,0,3,0,-3.0000 phenol 1.5000 O2(g) 3.0000 benzene,,,organic_aq,
benzene,,C6H6,aq,PS01,,10/4/2000,HKF,cal,32010,12220,35.6,88.43,83,36.09,-15.77,-115.92,10.76,66.92,9.8,-0.25,0,3,0,-1.0000 benzene 3.0000 acetic-acid -3.0000 H2O -1.5000 O2(g),aux,6C-1 6H+,organic_aq,
glycerol,,C3H8O3,aq,LA16,,3/16/2021,HKF,J,-502700,-684400,238.5,,,64.9,26.4,34.4,-20.7,264,13,-0.4,0,4,0,-1.0000 glycerol 1.0000 H2O 1.5000 acetic-acid -0.5000 O2(g),aux,2C+2 C-4 8H+ 3O-2,organic_aq,
alanine,Ala,C3H7NO2,aq,AH97b,DLH06.1,8/25/2006,HKF,cal,-88810,-132500,38.83,33.6,60.4,14.9,1.74,7.16,-3.69,49.5,-7,0.18,0,3,0,-1.0000 alanine -1.0000 H+ -1.0000 H2O 1.0000 NH4+ 1.5000 acetic-acid,aux,C+3 C C-3 7H+ N-3 2O-2,organic_aq,
asparagine,Asn,C4H8N2O3,aq,AH97b,DLH06.1,8/25/2006,HKF,cal,-125490,-182700,57.88,30.8,77.4,19.83,2.37,3.76,-4.81,56.5,-11.7,0.21,0,3,0,-1.0000 asparagine -1.0000 H2O 2.0000 glycine,,,organic_aq,
aspartic-acid,Asp,C4H7NO4,aq,AH97b,DLH06.1,8/25/2006,HKF,cal,-172510,-226340,55.22,32.4,74.7,18.96,3.05,-6.62,-2.23,58.1,-11.9,0.17,0,3,0,-1.0000 aspartic-acid -1.0000 H+ -1.0000 H2O -1.0000 NO3- 2.0000 glycine 2.0000 O2(g),,,organic_aq,
glutamine,Gln,C5H10N2O3,aq,AH97b,DLH06.1,8/25/2006,HKF,cal,-126280,-191860,62.41,43.8,93.7,23.22,3.58,5.44,-5.23,68.6,-11.4,0.18,0,3,0,-1.0000 glutamine -1.0000 H2O -0.5000 H+ -0.5000 NO3- 0.2500 O2(g) 2.5000 glycine,,,organic_aq,
glutamic-acid,Glu,C5H9NO4,aq,AH97b,DLH06.1,8/25/2006,HKF,cal,-173050,-234820,61.2,43.5,90.2,22.3,4.23,6.55,-5.84,65.2,-10,0.15,0,3,0,-1.0000 glutamic-acid -1.5000 H+ -1.5000 NO3- -1.0000 H2O 2.2500 O2(g) 2.5000 glycine,,,organic_aq,
glycine,Gly,C2H5NO2,aq,Kit14,DLH06.3,2/6/2019,HKF,cal,-88620,-122830,37.89,9.3,43.2,11.3,0.71,3.99,-3.04,28.5,-8.4,0.23,0,3,0,-1.0000 glycine 0.5000 O2(g) 1.0000 NH4+ 1.0000 acetic-acid -1.0000 H2O -1.0000 H+,aux,C+3 C- 5H+ N-3 2O-2,organic_aq,
isoleucine,Ile,C6H13NO2,aq,AH97b,DLH06.1,8/25/2006,HKF,cal,-81990,-151600,49.7,91.6,105.8,24.49,6.55,18.16,-7.76,99.7,-3.6,0.09,0,3,0,-1.0000 isoleucine -2.0000 H+ -2.0000 NO3- 1.0000 O2(g) 3.0000 glycine,,,organic_aq,
leucine,Leu,C6H13NO2,aq,AH97b,DLH06.1,8/25/2006,HKF,cal,-84200,-153600,50.41,95.2,107.8,24.68,7.51,19.93,-8.37,102.7,-3.3,0.09,0,3,0,-1.0000 leucine -2.0000 H+ -2.0000 NO3- 1.0000 O2(g) 3.0000 glycine,,,organic_aq,
methionine,Met,C5H11NO2S,aq,LD12.2,DLH06.4,7/10/2015,HKF,cal,-76959.8,-135210.3,62.81,70.7,105.4,24.95,6.9,13.59,-7.77,85.3,-6.6,0.13,0,3,0,-1.0000 methionine -1.5000 NO3- -1.0000 H2O -0.7500 O2(g) 0.5000 H+ 1.0000 SO4-2 2.5000 glycine,,,organic_aq,
phenylalanine,Phe,C9H11NO2,aq,AH97b,DLH06.1,8/25/2006,HKF,cal,-49430,-108900,56.6,93.8,122.1,28.27,8.8,19.34,-9.38,108.1,-6.5,0.12,0,3,0,-1.0000 phenylalanine -4.0000 H2O -3.5000 H+ -3.5000 NO3- 3.7500 O2(g) 4.5000 glycine,,,organic_aq,
serine,Ser,C3H7NO3,aq,AH97b,DLH06.1,8/25/2006,HKF,cal,-123930,-172420,47.24,27.8,60.6,15.69,0.73,3.87,-3.49,48.5,-9.4,0.18,0,3,0,-1.0000 serine -0.5000 H+ -0.5000 NO3- 0.7500 O2(g) 1.5000 glycine,,,organic_aq,
threonine,Thr,C4H9NO3,aq,AH97b,DLH06.1,8/25/2006,HKF,cal,-119830,-178940,44.23,50.1,77.6,18.94,2.83,8.87,-4.87,65.5,-7.1,0.11,0,3,0,-1.0000 threonine -1.0000 H+ -1.0000 NO3- 1.0000 O2(g) 2.0000 glycine,,,organic_aq,
tryptophan,Trp,C11H12N2O2,aq,AH97b,DLH06.1,8/25/2006,HKF,cal,-26820,-97590,59.96,99.6,143.6,33.91,9.21,14.78,-9.36,116.8,-7.8,0.15,0,3,0,-1.0000 tryptophan -6.0000 H2O -3.5000 H+ -3.5000 NO3- 3.7500 O2(g) 5.5000 glycine,,,organic_aq,
tyrosine,Tyr,C9H11NO3,aq,AH97b,DLH06.1,8/25/2006,HKF,cal,-91800,-157740,59.41,80.2,124.5,30.06,8.49,8.36,-8.58,106.2,-12.4,0.09,0,3,0,-1.0000 tyrosine -4.0000 H2O -3.5000 H+ -3.5000 NO3- 4.2500 O2(g) 4.5000 glycine,,,organic_aq,
valine,Val,C5H11NO2,aq,AH97b,DLH06.1,8/25/2006,HKF,cal,-85330,-146420,45.68,74,90.9,21.35,4.48,14.58,-6.12,83.8,-4.3,0.12,0,3,0,-1.0000 valine -1.5000 H+ -1.5000 NO3- 0.7500 O2(g) 2.5000 glycine,,,organic_aq,
fumaric-acid,,C4H4O4,aq,CS16,,12/21/2016,HKF,cal,-154820,-186260,60.62,47,77.9,12.3542,21.2748,-0.2318,-3.6585,45.951,-0.3174,-0.186,0,4,0,-1.0000 fumaric-acid -2.0000 H2O 1.0000 O2(g) 2.0000 acetic-acid,aux,2C+3 2C- 4H+ 4O-2,organic_aq,
H-fumarate,,C4H3O4-,aq,CS16,,12/21/2016,HKF,cal,-150600,-186150,46.83,10,65.4,11.0637,18.3498,0.4327,-3.5376,26.4785,-3.9848,0.9199,-1,4,0,-1.0000 H-fumarate 1.0000 fumaric-acid -1.0000 H+,,,organic_aq,
fumarate-2,,C4H2O4-2,aq,CS16,,12/21/2016,HKF,cal,-144320,-186830,23.48,-42.8,51.7,9.9248,15.7683,1.0191,-3.4309,-7.3722,-4.6247,2.8572,-2,4,0,-1.0000 fumarate-2 -2.0000 H+ 1.0000 fumaric-acid,,,organic_aq,
malic-acid,,C4H6O5,aq,CS16,,12/21/2016,HKF,cal,-213530,-259310,68.21,56.43,82.22,12.9644,22.6577,-0.5461,-3.7157,53.9427,0.6143,-0.136,0,4,0,-1.0000 malic-acid -1.0000 H2O 2.0000 acetic-acid 1.0000 O2(g),aux,2C+3 C-2 C 6H+ 5O-2,organic_aq,
H-malate,,C4H5O5-,aq,CS16,,12/21/2016,HKF,cal,-208810,-258610,54.75,19.4,75.4,12.3867,21.3482,-0.249,-3.6615,34.5541,-3.8709,0.8,-1,4,0,-1.0000 H-malate -1.0000 H+ 1.0000 malic-acid,,,organic_aq,
malate-2,,C4H4O5-2,aq,CS16,,12/21/2016,HKF,cal,-201860,-258890,30.48,-33.4,69.19,12.2779,21.1017,-0.1928,-3.6513,0.8264,-4.5108,2.7512,-2,4,0,-1.0000 malate-2 -2.0000 H+ 1.0000 malic-acid,,,organic_aq,
pyruvic-acid,,CH3COCOOH,aq,CS16,,12/21/2016,HKF,cal,-117000,-140300,62.1,36.3,64.6,10.5381,17.1584,0.7032,-3.4883,37.4903,-1.3746,-0.176,0,4,0,-1.0000 pyruvic-acid -1.0000 H2O 0.5000 O2(g) 1.5000 acetic-acid,aux,C+3 C-3 C+2 4H+ 3O-2,organic_aq,
pyruvate,,CH3COCOO-,aq,CS16,,12/21/2016,HKF,cal,-113600,-137400,60.4,-3.7,51.5,9.0836,13.862,1.4526,-3.3521,11.2428,-4.1508,0.7144,-1,4,0,-1.0000 pyruvate -1.0000 H+ 1.0000 pyruvic-acid,,,organic_aq,
citric-acid,,C6H8O7,aq,LH06a.1,CS16.1,12/21/2016,HKF,cal,-297180,-364527,78.89,73.47,112.98,17.2019,32.2622,-2.7285,-4.1127,96.43,-11.57,-0.06,0,4,0,-1.0000 citric-acid -2.0000 H2O 1.5000 O2(g) 3.0000 acetic-acid,aux,3C+3 2C-2 C+1 8H+ 7O-2,organic_aq,
H2-citrate,,C6H7O7-,aq,LH06a.1,CS16.1,12/21/2016,HKF,cal,-292912,-363530,67.92,47.04,102.48,16.3576,30.3484,-2.2931,-4.0336,89.4,-14.12,1.5,-1,3.5,0,-1.0000 H2-citrate -1.0000 H+ 1.0000 citric-acid,,,organic_aq,
H-citrate-2,,C6H6O7-2,aq,LH06a.1,CS16.1,12/21/2016,HKF,cal,-286417,-362947,48.09,7.71,91.08,15.1704,27.6579,-1.6828,-3.9224,73.14,-21.06,2.48,-2,4.5,0,-1.0000 H-citrate-2 -2.0000 H+ 1.0000 citric-acid,,,organic_aq,
citrate-3,,C6H5O7-3,aq,LH06a.1,CS16.1,12/21/2016,HKF,cal,-277690,-363750,16.13,-43.16,74.08,12.9466,22.6175,-0.5371,-3.714,31.5,-24.41,2.75,-3,5,0,-1.0000 citrate-3 -3.0000 H+ 1.0000 citric-acid,,,organic_aq,
sulfur,,S,cr,MS97.1,SLOP98.11,6/12/1998,CGL_Ttr,cal,0,0,7.6,,15.61,3.58,0.00624,0,0,0,0,0,368.6,,,-1.0000 sulfur 1.0000 SO4-2 2.0000 H+ -1.5000 O2(g) -1.0000 H2O,,S,inorganic_cr,
sulfur,,S,cr2,MS97.1,SLOP98.11,6/12/1998,CGL_Ttr,cal,12.847,46.975,7.714,,15.61,6.2,0,0,0,0,0,0,392,,,-1.0000 sulfur 1.0000 SO4-2 2.0000 H+ -1.5000 O2(g) -1.0000 H2O,,S,inorganic_cr,
sulfur,,S,cr3,MS97.1,SLOP98.11,6/12/1998,CGL_Ttr,cal,62.041,144.535,7.877,,15.61,8.73,0,0,0,0,0,0,717.8,,,-1.0000 sulfur 1.0000 SO4-2 2.0000 H+ -1.5000 O2(g) -1.0000 H2O,,S,inorganic_cr,
glycolic-acid,,C2H4O3,aq,Sho95,,6/16/1992,HKF,cal,-126400,-154890,43.1,45.5,51.75,8.7445,12.1496,4.0222,-3.2812,43.6669,-0.4655,-0.3017,0,4,0,-1.0000 glycolic-acid 1.0000 acetic-acid 0.5000 O2(g),aux,C+3 C-1 4H+ 3O-2,organic_aq,
glycolate,,C2H3O3-,aq,Sho95,,6/17/1992,HKF,cal,-121170,-154700,26.2,6.5,39.85,7.6349,11.057,0.9834,-3.236,26.0463,-4.0271,1.2334,-1,4,0,-1.0000 glycolate -1.0000 H+ 1.0000 glycolic-acid,,C+3 C-1 3H+ 3O-2,organic_aq,
Th+4,Th+4,Th+4,aq,SSWS97,,11/7/1997,HKF,cal,-168500,-183800,-101,-0.2,-53.4,-4.2886,-18.25,12.9154,-2.0244,40.2222,-3.0752,3.7093,4,11,0,,basis,Th+4,inorganic_aq,
Fe-brucite,Fe-Br,Fe(OH)2,cr,LS20,,7/15/2022,CGL,cal,-117730,-137340,21,21.3,26,26.06,0.00435,-538000,0,0,0,0,700,,,-1.0000 Fe-brucite -2.0000 H+ 1.0000 Fe+2 2.0000 H2O,,Fe+2 2O-2 2H+,inorganic_cr,
minnesotaite,Min,Fe3Si4O10(OH)2,cr,LS20,,7/15/2022,CGL,cal,-1070060,-1153380,83.5,88.5,148,88.31,0.04261,-1115000,0,0,0,0,800,,,-1.0000 minnesotaite -6.0000 H+ 3.0000 Fe+2 4.0000 H2O 4.0000 SiO2,,3Fe+2 4Si+4 12O-2 2H+,inorganic_cr,
Mg-cronstedtite,Mg-Cron,(Mg2Fe)(FeSi)O5(OH)4,cr,LS20,,7/15/2022,CGL,cal,-789000,-865180,60.8,71.8,108,77.03,0.04052,-1540000,0,0,0,0,1000,,,-1.0000 Mg-cronstedtite -10.0000 H+ 7.0000 H2O 1.0000 SiO2 2.0000 Mg+2 2.0000 Fe+3,,Fe+2 Fe+3 2Mg+2 Si+4 9O-2 4H+,inorganic_cr,
hisingerite,His,Fe2Si2O5(OH)4,cr,LS20,,7/15/2022,CGL,cal,-703430,-777330,57.3,63.4,105,68.77,0.04498,-1669000,0,0,0,0,1000,,,-1.0000 hisingerite -4.0000 H+ -1.0000 H2 2.0000 Fe+2 5.0000 H2O 2.0000 SiO2,,2Fe+3 2Si+4 9O-2 4H+,inorganic_cr,
Ho+4,Ho+4,Ho+4,aq,SSWS97,SLOP16,11/13/1997,HKF,cal,-30500,-48300,-104.2,,,-4.3164,-18.3144,12.933,-2.0218,39.9963,-3.2789,3.7484,4,11,0,-1.0000 Ho+4 1.0000 Ho+3 1.0000 H+ -0.5000 H2O 0.2500 O2(g),aux,Ho+4,inorganic_aq,
Gd+4,Gd+4,Gd+4,aq,SSWS97,SLOP16,11/13/1997,HKF,cal,12600,-5700,-107.6,,,-4.3532,-18.4052,12.97,-2.018,39.8394,-3.503,3.8013,4,11,0,-1.0000 Gd+4 1.0000 Gd+3 1.0000 H+ -0.5000 H2O 0.2500 O2(g),aux,Gd+4,inorganic_aq,
Gd+2,Gd+2,Gd+2,aq,SSWS97,SLOP16,11/13/1997,HKF,cal,-70600,-67400,-4.3,,,0.0094,-7.7516,8.781,-2.4584,9.9946,-5.2956,1.1216,2,6,0,-1.0000 Gd+2 1.0000 Gd+3 -1.0000 H+ 0.5000 H2O -0.2500 O2(g),aux,Gd+2,inorganic_aq,
Ra+2,Ra+2,Ra+2,aq,SSWS97,SLOP16,11/11/1997,HKF,cal,-134200,-126100,12.9,,,0.374,-6.8598,8.4279,-2.4953,5.7496,-5.9474,0.8644,2,5,0,,basis,Ra+2,inorganic_aq,
oxalic-acid,,C2H2O4,aq,Sho95,,2/28/1992,HKF,cal,-168640,-194580,44,22.7,49.43,8.4291,12.3793,1.7866,-3.2907,25.4994,-2.7181,-0.2957,0,4,0,-1.0000 oxalic-acid 1.0000 acetic-acid -1.0000 H2O 1.5000 O2(g),aux,2C+3 2H+ 4O-2,organic_aq,
malonic-acid,,C3H4O4,aq,Sho95,,2/28/1992,HKF,cal,-175420,-207870,55.7,38.4,66.82,10.8349,17.834,0.5436,-3.5162,38.762,-1.167,-0.2181,0,4,0,-1.0000 malonic-acid 1.5000 acetic-acid -1.0000 H2O 1.0000 O2(g),aux,2C+3 C-2 4H+ 4O-2,organic_aq,
succinic-acid,,C4H6O4,aq,Sho95,Sho95,2/28/1992,HKF,cal,-177800,-218000,62.3,53.3,82.44,12.9872,22.7109,-0.5623,-3.7178,51.074,0.305,-0.1744,0,4,0,-1.0000 succinic-acid 2.0000 acetic-acid -1.0000 H2,aux,2C+3 2C-2 6H+ 4O-2,organic_aq,
glutaric-acid,,C5H8O4,aq,Sho95,,2/28/1992,HKF,cal,-176780,-223440,73.2,64.1,98.98,15.2749,27.8946,-1.7361,-3.9321,60.3712,1.3721,-0.1021,0,4,0,-1.0000 glutaric-acid 2.5000 acetic-acid -1.0000 H2O,aux,2C+3 3C-2 8H+ 4O-2,organic_aq,
adipic-acid,,C6H10O4,aq,Sho95,SLOP16.4,6/2/1998,HKF,cal,-175740,-229750,81.3,80.1,115.15,17.5058,32.9525,-2.8895,-4.1412,73.6536,2.9529,-0.0484,0,4,0,-1.0000 adipic-acid 3.0000 acetic-acid -1.0000 H2O -0.5000 O2(g),aux,2C+3 4C-2 10H+ 4O-2,organic_aq,
pimelic-acid,,C7H12O4,aq,Sho95,,6/2/1998,HKF,cal,-172380,-233720,89.1,98,131.93,19.8194,38.1932,-4.0727,-4.3578,88.4361,4.7214,0.0033,0,4,0,-1.0000 pimelic-acid 3.5000 acetic-acid -1.0000 H2O -1.0000 O2(g),aux,2C+3 5C-2 12H+ 4O-2,organic_aq,
suberic-acid,,C8H14O4,aq,Sho95,,6/16/1992,HKF,cal,-168490,-237760,95.1,122.6,146,21.7582,42.5872,-5.0703,-4.5395,108.4636,7.1519,0.0431,0,4,0,-1.0000 suberic-acid 4.0000 acetic-acid -1.0000 H2O -1.5000 O2(g),aux,2C+3 6C-2 14H+ 4O-2,organic_aq,
azelaic-acid,,C9H16O4,aq,Sho95,,6/16/1992,HKF,cal,-163660,-240700,101.6,143.8,161.8,23.9348,47.5253,-6.2031,-4.7436,125.8045,9.2464,0.0862,0,4,0,-1.0000 azelaic-acid 4.5000 acetic-acid -1.0000 H2O -2.0000 O2(g),aux,2C+3 7C-2 16H+ 4O-2,organic_aq,
sebacic-acid,,C10H18O4,aq,Sho95,,6/16/1992,HKF,cal,-161240,-246000,108.3,165,177.6,26.1119,52.4558,-7.3146,-4.9474,143.1573,11.341,0.1306,0,4,0,-1.0000 sebacic-acid 5.0000 acetic-acid -1.0000 H2O -2.5000 O2(g),aux,2C+3 8C-2 18H+ 4O-2,organic_aq,
H-oxalate,,C2HO4-,aq,Sho95,,6/17/1992,HKF,cal,-166907,-195600,36,-16.3,42.36,7.9276,11.2406,2.05,-3.2436,6.5915,-6.3548,1.0831,-1,4,0,-1.0000 H-oxalate -1.0000 H+ 1.0000 oxalic-acid,,2C+3 H+ 4O-2,organic_aq,
H-malonate,,C3H3O4-,aq,Sho95,,6/16/1992,HKF,cal,-171530,-207850,42.7,-5.6,57.07,9.9065,15.7293,1.0227,-3.4291,11.9343,-4.1738,0.9826,-1,4,0,-1.0000 H-malonate -1.0000 H+ 1.0000 malonic-acid,,2C+3 C-2 3H+ 4O-2,organic_aq,
H-succinate,,C4H5O4-,aq,Sho95,,6/16/1992,HKF,cal,-172060,-217350,45.2,9.3,69.99,11.6617,19.7057,0.1226,-3.5935,26.117,-3.9932,0.9446,-1,4,0,-1.0000 H-succinate 1.0000 succinic-acid -1.0000 H+,,2C+3 2C-2 5H+ 4O-2,organic_aq,
H-glutarate,,C5H7O4-,aq,Sho95,,6/17/1992,HKF,cal,-170860,-223570,52.9,20.1,85.88,13.7966,24.547,-0.9823,-3.7937,35.5763,-3.8623,0.8279,-1,4,0,-1.0000 H-glutarate -1.0000 H+ 1.0000 glutaric-acid,,2C+3 3C-2 7H+ 4O-2,organic_aq,
H-adipate,,C6H9O4-,aq,Sho95,,6/17/1992,HKF,cal,-166770,-227130,59.8,36.1,102.09,15.9795,29.4936,-2.1047,-3.9982,50.218,-3.6684,0.7234,-1,4,0,-1.0000 H-adipate 1.0000 adipic-acid -1.0000 H+,,2C+3 4C-2 9H+ 4O-2,organic_aq,
H-pimelate,,C7H11O4-,aq,Sho95,,6/17/1992,HKF,cal,-166260,-234040,67.5,54,117.7,18.0762,34.2416,-3.1742,-4.1944,66.6044,-3.4514,0.6069,-1,4,0,-1.0000 H-pimelate -1.0000 H+ 1.0000 pimelic-acid,,2C+3 5C-2 11H+ 4O-2,organic_aq,
H-suberate,,C8H13O4-,aq,Sho95,,6/17/1992,HKF,cal,-162340,-238130,73.2,78.6,133.2,20.168,38.9836,-4.253,-4.3905,89.8033,-3.1533,0.5205,-1,4,0,-1.0000 H-suberate -1.0000 H+ 1.0000 suberic-acid,,2C+3 6C-2 13H+ 4O-2,organic_aq,
H-azelate,,C9H15O4-,aq,Sho95,,6/17/1992,HKF,cal,-157490,-240970,80,99.8,149,22.2952,43.8077,-5.3553,-4.5899,109.5312,-2.8963,0.4174,-1,4,0,-1.0000 H-azelate -1.0000 H+ 1.0000 azelaic-acid,,2C+3 7C-2 15H+ 4O-2,organic_aq,
H-sebacate,,C10H17O4-,aq,Sho95,,6/16/1992,HKF,cal,-155040,-246230,86.7,121,164.8,24.423,48.6302,-6.4512,-4.7893,129.2733,-2.6394,0.3158,-1,4,0,-1.0000 H-sebacate -1.0000 H+ 1.0000 sebacic-acid,,2C+3 8C-2 17H+ 4O-2,organic_aq,
oxalate-2,,C2O4-2,aq,Sho95,,6/17/1992,HKF,cal,-161100,-197200,10.9,-73.3,30.3,6.9414,9.6716,0.8669,-3.1787,-10.7618,-18.6787,3.048,-2,4,0,-1.0000 oxalate-2 -2.0000 H+ 1.0000 oxalic-acid,,2C+3 4O-2,organic_aq,
malonate-2,,C3H2O4-2,aq,Sho95,,6/17/1992,HKF,cal,-163760,-209000,12.8,-65.4,38.43,8.0442,11.503,1.9943,-3.2544,-27.6299,-4.8985,3.0192,-2,4,0,-1.0000 malonate-2 -2.0000 H+ 1.0000 malonic-acid,,2C+3 C-2 2H+ 4O-2,organic_aq,
succinate-2,,C4H4O4-2,aq,Sho95,,6/17/1992,HKF,cal,-164380,-217350,19.5,-50.5,56.32,10.4577,15.8622,3.5716,-3.4346,-14.0383,-4.718,2.917,-2,4,0,-1.0000 succinate-2 1.0000 succinic-acid -2.0000 H+,,2C+3 2C-2 4H+ 4O-2,organic_aq,
glutarate-2,,C5H6O4-2,aq,Sho95,,6/16/1992,HKF,cal,-163470,-224140,26.2,-39.7,72.2,12.5965,21.8248,-0.3592,-3.6811,-4.436,-4.5871,2.8159,-2,4,0,-1.0000 glutarate-2 -2.0000 H+ 1.0000 glutaric-acid,,2C+3 3C-2 6H+ 4O-2,organic_aq,
adipate-2,,C6H8O4-2,aq,Sho95,,6/16/1992,HKF,cal,-159390,-227780,32.9,-23.7,88.46,14.7868,26.7894,-1.4877,-3.8864,10.2229,-4.3931,2.7131,-2,4,0,-1.0000 adipate-2 1.0000 adipic-acid -2.0000 H+,,2C+3 4C-2 8H+ 4O-2,organic_aq,
pimelate-2,,C7H10O4-2,aq,Sho95,,6/16/1992,HKF,cal,-158860,-234960,39.6,-5.8,104.06,16.8882,31.5501,-2.5641,-4.0832,26.7751,-4.1762,2.6147,-2,4,0,-1.0000 pimelate-2 -2.0000 H+ 1.0000 pimelic-acid,,2C+3 5C-2 10H+ 4O-2,organic_aq,
suberate-2,,C8H12O4-2,aq,Sho95,,6/16/1992,HKF,cal,-154970,-238780,46.3,18.8,119.83,19.0114,36.3659,-3.6667,-4.2823,49.8209,-3.878,2.5118,-2,4,0,-1.0000 suberate-2 -2.0000 H+ 1.0000 suberic-acid,,2C+3 6C-2 12H+ 4O-2,organic_aq,
azelate-2,,C9H14O4-2,aq,Sho95,,6/16/1992,HKF,cal,-150130,-241660,53,40,135.8,21.1627,41.2392,-4.7685,-4.4837,69.5701,-3.6211,2.411,-2,4,0,-1.0000 azelate-2 -2.0000 H+ 1.0000 azelaic-acid,,2C+3 7C-2 14H+ 4O-2,organic_aq,
sebacate-2,,C10H16O4-2,aq,Sho95,,6/16/1992,HKF,cal,-147640,-246880,59.7,61.2,151.13,23.2262,45.9181,-5.8361,-4.6772,89.3135,-3.3642,2.3095,-2,4,0,-1.0000 sebacate-2 -2.0000 H+ 1.0000 sebacic-acid,,2C+3 8C-2 16H+ 4O-2,organic_aq,
lactic-acid,,C3H6O3,aq,Sho95,,6/16/1992,HKF,cal,-127800,-164000,49.8,66.7,69.38,11.172,17.2432,3.8083,-3.4917,61.0199,1.629,-0.2572,0,4,0,-1.0000 lactic-acid 1.5000 acetic-acid,aux,C+3 C C-3 6H+ 3O-2,organic_aq,
lactate,,C3H5O3-,aq,Sho95,,6/17/1992,HKF,cal,-122530,-164070,31.9,26.7,56.25,9.8498,12.8244,8.099,-3.3091,44.9518,-3.7823,1.1469,-1,4,0,-1.0000 lactate -1.0000 H+ 1.0000 lactic-acid,,C+3 C C-3 5H+ 3O-2,organic_aq,
Ag(Ac),,AgCH3COO,aq,SK93,,8/17/1992,HKF,cal,-70840,-91650,38.9,72.5,48.6,8.3987,12.7257,0.7485,-3.305,48.3694,11.73,-0.03,0,4,0,-1.0000 Ag(Ac) 1.0000 Ag+ 1.0000 acetic-acid -1.0000 H+,,Ag+ C+3 C-3 3H+ 2O-2,organic_aq,
Ag(Ac)2-,,Ag(CH3COO)2-,aq,SK93,,8/17/1992,HKF,cal,-158990,-210560,49.9,164.9,103.5,16.2287,31.8418,-6.7592,-4.0952,110.8373,30.5473,0.8741,-1,4,0,-1.0000 Ag(Ac)2- 1.0000 Ag+ 2.0000 acetic-acid -2.0000 H+,,Ag+ 2C+3 2C-3 6H+ 4O-2,organic_aq,
Al(Ac)+2,,AlCH3COO+2,aq,SK93,,4/5/1993,HKF,cal,-207630,-249130,-66.1,72.2,-0.03,2.4559,-1.7874,6.4578,-2.705,67.4039,11.6689,2.0552,2,4,0,-1.0000 Al(Ac)+2 1.0000 Al+3 1.0000 acetic-acid -1.0000 H+,,Al+3 C+3 C-3 3H+ 2O-2,organic_aq,
Al(Ac)2+,,Al(CH3COO)2+,aq,SK93,,4/5/1993,HKF,cal,-298430,-372080,-59.8,168.7,49.4,9.0207,14.2473,0.1442,-3.3679,118.5029,31.3303,1.4616,1,4,0,-1.0000 Al(Ac)2+ 1.0000 Al+3 2.0000 acetic-acid -2.0000 H+,,Al+3 2C+3 2C-3 6H+ 4O-2,organic_aq,
Al(Ac)3,,Al(CH3COO)3,aq,SK93,,4/5/1993,HKF,cal,-391100,-498280,-57,,,16.0545,31.4184,-6.597,-4.0777,156.5453,49.3293,-0.03,0,4,0,-1.0000 Al(Ac)3 1.0000 Al+3 3.0000 acetic-acid -3.0000 H+,,Al+3 3C+3 3C-3 9H+ 6O-2,organic_aq,
Am(Ac)+2,Am(Ac)+2,AmCH3COO+2,aq,MS99,,1/22/1999,HKF,cal,-235220,-266700,-25.2,,,2.8878,-0.7273,6.0289,-2.7489,57.3678,10.1565,1.4382,2,4,0,-1.0000 Am(Ac)+2 1.0000 Am+3 1.0000 acetic-acid -1.0000 H+,,Am+3 C+3 C-3 3H+ 2O-2,organic_aq,
Am(Ac)2+,Am(Ac)2+,Am(CH3COO)2+,aq,MS99,,1/22/1999,HKF,cal,-326360,-385560,-4.1,,,9.4478,15.2906,-0.2668,-3.4111,102.206,28.3793,0.6143,1,4,0,-1.0000 Am(Ac)2+ 1.0000 Am+3 2.0000 acetic-acid -2.0000 H+,,Am+3 2C+3 2C-3 6H+ 4O-2,organic_aq,
Am(Ac)3,Am(Ac)3(AQ),Am(CH3COO)3,aq,MS99,,1/22/1999,HKF,cal,-416630,-505490,10.6,,,16.8468,33.3569,-7.3677,-4.1579,142.1213,44.3415,-0.03,0,4,0,-1.0000 Am(Ac)3 1.0000 Am+3 3.0000 acetic-acid -3.0000 H+,,Am+3 3C+3 3C-3 9H+ 6O-2,organic_aq,
Au(Ac),,AuCH3COO,aq,SK93,,9/10/1992,HKF,cal,-49870,-68310,48,56.1,61.8,10.213,17.1576,-0.9969,-3.4882,38.7432,8.3843,-0.03,0,4,0,-1.0000 Au(Ac) 1.0000 Au+ 1.0000 acetic-acid -1.0000 H+,,Au+ C+3 C-3 3H+ 2O-2,organic_aq,
Au(Ac)2-,,Au(CH3COO)2-,aq,SK93,,9/10/1992,HKF,cal,-138240,-186750,61.3,132.8,118.3,18.1917,36.6392,-8.6534,-4.2936,90.461,24.0193,0.701,-1,4,0,-1.0000 Au(Ac)2- 1.0000 Au+ 2.0000 acetic-acid -2.0000 H+,,Au+ 2C+3 2C-3 6H+ 4O-2,organic_aq,
Ba(Ac)+,,BaCH3COO+,aq,SK93,,8/17/1992,HKF,cal,-223650,-242850,33.5,72.3,35.4,6.6253,8.3926,2.4574,-3.1259,48.9806,11.6995,0.0459,1,4,0,-1.0000 Ba(Ac)+ 1.0000 Ba+2 1.0000 acetic-acid -1.0000 H+,,Ba+2 C+3 C-3 3H+ 2O-2,organic_aq,
Ba(Ac)2,,Ba(CH3COO)2,aq,SK93,,9/10/1992,HKF,cal,-312620,-358010,59.7,166.8,88.9,13.9186,26.2066,-4.5556,-3.8623,103.6344,30.9388,-0.03,0,4,0,-1.0000 Ba(Ac)2 1.0000 Ba+2 2.0000 acetic-acid -2.0000 H+,,Ba+2 2C+3 2C-3 6H+ 4O-2,organic_aq,
Be(Ac)+,,BeCH3COO+,aq,SK93,,3/11/1993,HKF,cal,-174020,-213040,-45.6,97.1,21.1,5.0795,4.6238,3.9264,-2.97,74.547,16.741,1.2465,1,4,0,-1.0000 Be(Ac)+ 1.0000 Be+2 1.0000 acetic-acid -1.0000 H+,,Be+2 C+3 C-3 3H+ 2O-2,organic_aq,
Be(Ac)2,,Be(CH3COO)2,aq,SK93,,3/11/1993,HKF,cal,-263740,-336230,-43.8,215.1,73,11.7442,20.8961,-2.4661,-3.6427,131.9355,40.7754,-0.03,0,4,0,-1.0000 Be(Ac)2 1.0000 Be+2 2.0000 acetic-acid -2.0000 H+,,Be+2 2C+3 2C-3 6H+ 4O-2,organic_aq,
Bi(Ac)+2,,BiCH3COO+2,aq,SK93,,9/26/1992,HKF,cal,-67750,-96420,-15.2,153.5,21.7,5.169,4.8386,3.8508,-2.9789,107.9465,28.2236,1.286,2,4,0,-1.0000 Bi(Ac)+2 1.0000 Bi+3 1.0000 acetic-acid -1.0000 H+,,Bi+3 C+3 C-3 3H+ 2O-2,organic_aq,
Bi(Ac)2+,,Bi(CH3COO)2+,aq,SK93,,9/26/1992,HKF,cal,-157070,-212380,9.6,327.3,73.6,11.976,21.4619,-2.6877,-3.6661,201.695,63.6303,0.4046,1,4,0,-1.0000 Bi(Ac)2+ 1.0000 Bi+3 2.0000 acetic-acid -2.0000 H+,,Bi+3 2C+3 2C-3 6H+ 4O-2,organic_aq,
Bi(Ac)3,,Bi(CH3COO)3,aq,SK93,,9/26/1992,HKF,cal,-245540,-329240,28.6,525.1,131.5,19.7454,40.4309,-10.1406,-4.4503,313.616,103.923,-0.03,0,4,0,-1.0000 Bi(Ac)3 1.0000 Bi+3 3.0000 acetic-acid -3.0000 H+,,Bi+3 3C+3 3C-3 9H+ 6O-2,organic_aq,
Ca(Ac)+,,CaCH3COO+,aq,SK93,,4/5/1993,HKF,cal,-221660,-245620,12.5,83.1,29.3,5.9002,6.6232,3.1505,-3.0527,58.1976,13.8857,0.3636,1,4,0,-1.0000 Ca(Ac)+ 1.0000 Ca+2 1.0000 acetic-acid -1.0000 H+,,Ca+2 C+3 C-3 3H+ 2O-2,organic_aq,
Ca(Ac)2,,Ca(CH3COO)2,aq,SK93,SLOP16.1,6/2/1998,HKF,cal,-310570,-363720,32.3,187.7,82.1,12.9911,23.9379,-3.6556,-3.7685,115.9068,35.2043,-0.03,0,4,0,-1.0000 Ca(Ac)2 1.0000 Ca+2 2.0000 acetic-acid -2.0000 H+,,Ca+2 2C+3 2C-3 6H+ 4O-2,organic_aq,
Cd(Ac)+,,CdCH3COO+,aq,SK93,SLOP16.1,2015-09-00,HKF,cal,-109500,-135900,6.6,92.1,32.1,6.3043,7.6112,2.7593,-3.0935,64.3035,15.7327,0.4496,1,4,0,-1.0000 Cd(Ac)+ 1.0000 Cd+2 1.0000 acetic-acid -1.0000 H+,,Cd+2 C+3 C-3 3H+ 2O-2,organic_aq,
Cd(Ac)2,,Cd(CH3COO)2,aq,SK93,SLOP16.1,2015-09-00,HKF,cal,-199400,-254600,24.6,205.4,85.2,13.409,24.9584,-4.057,-3.8107,126.2752,38.8081,-0.03,0,4,0,-1.0000 Cd(Ac)2 1.0000 Cd+2 2.0000 acetic-acid -2.0000 H+,,Cd+2 2C+3 2C-3 6H+ 4O-2,organic_aq,
Cd(Ac)3-,,Cd(CH3COO)3-,aq,SK93,SLOP16.1,2015-09-00,HKF,cal,-289000,-376100,31.9,336.3,144.3,21.9033,45.7036,-12.2199,-4.6683,213.8505,65.4786,1.1469,-1,4,0,-1.0000 Cd(Ac)3- 1.0000 Cd+2 3.0000 acetic-acid -3.0000 H+,,Cd+2 3C+3 3C-3 9H+ 6O-2,organic_aq,
Ce(Ac)+2,,CeCH3COO+2,aq,SK93,SLOP16.1,2015-09-00,HKF,cal,-254000,-286000,-25.4,58.5,5.1,2.9487,-0.5825,5.9809,-2.7548,53.6757,8.8731,1.4382,2,4,0,-1.0000 Ce(Ac)+2 1.0000 Ce+3 1.0000 acetic-acid -1.0000 H+,,Ce+3 C+3 C-3 3H+ 2O-2,organic_aq,
Ce(Ac)2+,,Ce(CH3COO)2+,aq,SK93,SLOP16.1,2015-09-00,HKF,cal,-345000,-405000,-4.3,141.9,55.1,9.5157,15.4527,-0.3219,-3.4177,95.0022,25.8754,0.6143,1,4,0,-1.0000 Ce(Ac)2+ 1.0000 Ce+3 2.0000 acetic-acid -2.0000 H+,,Ce+3 2C+3 2C-3 6H+ 4O-2,organic_aq,
Ce(Ac)3,,Ce(CH3COO)3,aq,SK93,SLOP16.1,2015-09-00,HKF,cal,-435000,-525000,10.3,211.8,110.9,16.9252,33.5426,-7.4282,-4.1656,130.0191,40.1094,-0.03,0,4,0,-1.0000 Ce(Ac)3 1.0000 Ce+3 3.0000 acetic-acid -3.0000 H+,,Ce+3 3C+3 3C-3 9H+ 6O-2,organic_aq,
Co(Ac)+,,CoCH3COO+,aq,SK93,,8/17/1992,HKF,cal,-103260,-132080,-6.5,82.5,22.3,5.0294,4.4992,3.9806,-2.9649,60.4543,13.7619,0.6472,1,4,0,-1.0000 Co(Ac)+ 1.0000 Co+2 1.0000 acetic-acid -1.0000 H+,,Co+2 C+3 C-3 3H+ 2O-2,organic_aq,
Co(Ac)2,,Co(CH3COO)2,aq,SK93,,9/10/1992,HKF,cal,-192770,-251460,7.5,186.5,74.2,11.9141,21.312,-2.6321,-3.6599,115.2121,34.9629,-0.03,0,4,0,-1.0000 Co(Ac)2 1.0000 Co+2 2.0000 acetic-acid -2.0000 H+,,Co+2 2C+3 2C-3 6H+ 4O-2,organic_aq,
Co(Ac)3-,,Co(CH3COO)3-,aq,SK93,,9/10/1992,HKF,cal,-281890,-373730,10.4,304.4,132.2,20.3474,41.8989,-10.7127,-4.511,198.142,58.9793,1.4714,-1,4,0,-1.0000 Co(Ac)3- 1.0000 Co+2 3.0000 acetic-acid -3.0000 H+,,Co+2 3C+3 3C-3 9H+ 6O-2,organic_aq,
Cs(Ac),,CsCH3COO,aq,SK93,,8/19/1992,HKF,cal,-158010,-176320,57.5,40.6,73.3,11.7865,20.9974,-2.502,-3.6469,29.6579,5.2264,-0.03,0,4,0,-1.0000 Cs(Ac) 1.0000 Cs+ 1.0000 acetic-acid -1.0000 H+,,Cs+ C+3 C-3 3H+ 2O-2,organic_aq,
Cs(Ac)2-,,Cs(CH3COO)2-,aq,SK93,,9/10/1992,HKF,cal,-245900,-293570,73.2,102.6,131.1,19.8839,40.767,-10.2671,-4.4642,71.0739,17.858,0.5208,-1,4,0,-1.0000 Cs(Ac)2- 1.0000 Cs+ 2.0000 acetic-acid -2.0000 H+,,Cs+ 2C+3 2C-3 6H+ 4O-2,organic_aq,
Cu(Ac),,CuCH3COO,aq,SK93,,8/19/1992,HKF,cal,-76770,-99970,28.7,85.5,40.5,7.3009,10.0483,1.7946,-3.1943,56.0175,14.3883,-0.03,0,4,0,-1.0000 Cu(Ac) 1.0000 Cu+ 1.0000 acetic-acid -1.0000 H+,,Cu+ C+3 C-3 3H+ 2O-2,organic_aq,
Cu(Ac)+,,CuCH3COO+,aq,SK93,,8/19/1992,HKF,cal,-75640,-103120,-1.3,87.2,22,4.9722,4.362,4.029,-2.9592,62.495,14.7244,0.5681,1,4,0,-1.0000 Cu(Ac)+ 1.0000 Cu+2 1.0000 acetic-acid -1.0000 H+,,Cu+2 C+3 C-3 3H+ 2O-2,organic_aq,
Cu(Ac)2,,Cu(CH3COO)2,aq,SK93,,8/19/1992,HKF,cal,-165820,-222690,14.2,195.8,74,11.8801,21.2264,-2.5925,-3.6564,120.615,36.8408,-0.03,0,4,0,-1.0000 Cu(Ac)2 1.0000 Cu+2 2.0000 acetic-acid -2.0000 H+,,Cu+2 2C+3 2C-3 6H+ 4O-2,organic_aq,
Cu(Ac)2-,,Cu(CH3COO)2-,aq,SK93,,9/10/1992,HKF,cal,-165000,-219740,37,190.3,94.6,15.0715,29.0205,-5.6592,-3.9786,127.5564,35.7339,1.0691,-1,4,0,-1.0000 Cu(Ac)2- 1.0000 Cu+ 2.0000 acetic-acid -2.0000 H+,,Cu+ 2C+3 2C-3 6H+ 4O-2,organic_aq,
Cu(Ac)3-,,Cu(CH3COO)3-,aq,SK93,,9/10/1992,HKF,cal,-255810,-345320,18.99,320,131.9,20.2654,41.7019,-10.6422,-4.5029,206.07,62.1534,1.3408,-1,4,0,-1.0000 Cu(Ac)3- 1.0000 Cu+2 3.0000 acetic-acid -3.0000 H+,,Cu+2 3C+3 3C-3 9H+ 6O-2,organic_aq,
Dy(Ac)+2,,DyCH3COO+2,aq,SK93,SLOP16.1,2015-09-00,HKF,cal,-250500,-286100,-34.2,74,4.1,2.8591,-0.797,6.0561,-2.746,64.072,12.0356,1.579,2,4,0,-1.0000 Dy(Ac)+2 1.0000 Dy+3 1.0000 acetic-acid -1.0000 H+,,Dy+3 C+3 C-3 3H+ 2O-2,organic_aq,
Dy(Ac)2+,,Dy(CH3COO)2+,aq,SK93,SLOP16.1,2015-09-00,HKF,cal,-341400,-406000,-16.3,172.2,54,9.4257,15.233,-0.2363,-3.4086,114.4678,32.0457,0.8002,1,4,0,-1.0000 Dy(Ac)2+ 1.0000 Dy+3 2.0000 acetic-acid -2.0000 H+,,Dy+3 2C+3 2C-3 6H+ 4O-2,organic_aq,
Dy(Ac)3,,Dy(CH3COO)3,aq,SK93,SLOP16.1,2015-09-00,HKF,cal,-431500,-526600,-5.3,263,109.6,16.7548,33.1279,-7.2677,-4.1484,160.0243,50.5384,-0.03,0,4,0,-1.0000 Dy(Ac)3 1.0000 Dy+3 3.0000 acetic-acid -3.0000 H+,,Dy+3 3C+3 3C-3 9H+ 6O-2,organic_aq,
Er(Ac)+2,,ErCH3COO+2,aq,SK93,,9/11/1992,HKF,cal,-251770,-288520,-38.6,68.1,1.5,2.5305,-1.6022,6.3787,-2.7127,61.2455,10.8439,1.6444,2,4,0,-1.0000 Er(Ac)+2 1.0000 Er+3 1.0000 acetic-acid -1.0000 H+,,Er+3 C+3 C-3 3H+ 2O-2,organic_aq,
Er(Ac)2+,,Er(CH3COO)2+,aq,SK93,,9/11/1992,HKF,cal,-342620,-408540,-22.3,160.8,51.2,9.0662,14.3528,0.1146,-3.3722,108.6293,29.7206,0.8926,1,4,0,-1.0000 Er(Ac)2+ 1.0000 Er+3 2.0000 acetic-acid -2.0000 H+,,Er+3 2C+3 2C-3 6H+ 4O-2,organic_aq,
Er(Ac)3,,Er(CH3COO)3,aq,SK93,,9/11/1992,HKF,cal,-432750,-529992,-13.2,243.7,106.4,16.3195,32.0657,-6.852,-4.1045,148.7181,46.6086,-0.03,0,4,0,-1.0000 Er(Ac)3 1.0000 Er+3 3.0000 acetic-acid -3.0000 H+,,Er+3 3C+3 3C-3 9H+ 6O-2,organic_aq,
Eu(Ac)+2,,EuCH3COO+2,aq,SK93,SLOP16.1,2015-09-00,HKF,cal,-229400,-264300,-31.1,63,3.4,2.75,-1.0666,6.169,-2.7348,57.1309,9.7898,1.5269,2,4,0,-1.0000 Eu(Ac)+2 1.0000 Eu+3 1.0000 acetic-acid -1.0000 H+,,Eu+3 C+3 C-3 3H+ 2O-2,organic_aq,
Eu(Ac)2+,,Eu(CH3COO)2+,aq,SK93,SLOP16.1,2015-09-00,HKF,cal,-320500,-383700,-12,150.7,53.3,9.3029,14.9307,-0.1123,-3.3961,101.2917,27.6639,0.7384,1,4,0,-1.0000 Eu(Ac)2+ 1.0000 Eu+3 2.0000 acetic-acid -2.0000 H+,,Eu+3 2C+3 2C-3 6H+ 4O-2,organic_aq,
Eu(Ac)3,,Eu(CH3COO)3,aq,SK93,SLOP16.1,2015-09-00,HKF,cal,-410700,-504400,0.2,226.6,108.8,16.6413,32.8512,-7.1605,-4.137,138.7162,43.1323,-0.03,0,4,0,-1.0000 Eu(Ac)3 1.0000 Eu+3 3.0000 acetic-acid -3.0000 H+,,Eu+3 3C+3 3C-3 9H+ 6O-2,organic_aq,
Fe(Ac)+,Fe(Ac)+,FeCH3COO+,aq,SSH97,,9/18/1997,HKF,cal,-111900,-139060,-1.5,81.3,23.86,5.2246,4.9785,3.7863,-2.9848,59.116,13.5263,0.5756,1,4,0,-1.0000 Fe(Ac)+ 1.0000 Fe+2 1.0000 acetic-acid -1.0000 H+,,Fe+2 C+3 C-3 3H+ 2O-2,organic_aq,
Fe(Ac)2,Fe(Ac)2,Fe(CH3COO)2,aq,SSH97,,9/18/1997,HKF,cal,-201800,-259100,11.53,184.2,76.13,12.1698,21.937,-2.8791,-3.6858,113.7691,34.487,-0.038,0,4,0,-1.0000 Fe(Ac)2 1.0000 Fe+2 2.0000 acetic-acid -2.0000 H+,,Fe+2 2C+3 2C-3 6H+ 4O-2,organic_aq,
Gd(Ac)+2,,GdCH3COO+2,aq,SK93,,9/10/1992,HKF,cal,-250490,-283100,-25.7,64.5,4.4,2.8605,-0.7945,6.0567,-2.7461,57.3241,10.1106,1.4477,2,4,0,-1.0000 Gd(Ac)+2 1.0000 Gd+3 1.0000 acetic-acid -1.0000 H+,,Gd+3 C+3 C-3 3H+ 2O-2,organic_aq,
Gd(Ac)2+,,Gd(CH3COO)2+,aq,SK93,,9/10/1992,HKF,cal,-341350,-401740,-4.7,153.8,54.4,9.4165,15.2134,-0.2342,-3.4078,102.023,28.2899,0.6223,1,4,0,-1.0000 Gd(Ac)2+ 1.0000 Gd+3 2.0000 acetic-acid -2.0000 H+,,Gd+3 2C+3 2C-3 6H+ 4O-2,organic_aq,
Gd(Ac)3,,Gd(CH3COO)3,aq,SK93,,9/10/1992,HKF,cal,-431490,-521580,9.8,231.8,110,16.8116,33.2662,-7.3215,-4.1541,141.7603,44.1903,-0.03,0,4,0,-1.0000 Gd(Ac)3 1.0000 Gd+3 3.0000 acetic-acid -3.0000 H+,,Gd+3 3C+3 3C-3 9H+ 6O-2,organic_aq,
Hg(Ac)+,,HgCH3COO+,aq,SK93,,8/17/1992,HKF,cal,-54760,-79390,18.5,105,27.6,5.6341,5.9787,3.3935,-3.0261,70.1764,18.3452,0.2712,1,4,0,-1.0000 Hg(Ac)+ 1.0000 Hg+2 1.0000 acetic-acid -1.0000 H+,,Hg+2 C+3 C-3 3H+ 2O-2,organic_aq,
Hg(Ac)2,,Hg(CH3COO)2,aq,SK93,,8/17/1992,HKF,cal,-146580,-198780,40.1,230.4,80.2,12.7295,23.3004,-3.408,-3.7421,140.9402,43.9053,-0.03,0,4,0,-1.0000 Hg(Ac)2 1.0000 Hg+2 2.0000 acetic-acid -2.0000 H+,,Hg+2 2C+3 2C-3 6H+ 4O-2,organic_aq,
Hg(Ac)3-,,Hg(CH3COO)3-,aq,SK93,,9/10/1992,HKF,cal,-239020,-321900,51.4,378.6,138.8,21.0462,43.6061,-11.3861,-4.5816,235.9096,74.0939,0.8508,-1,4,0,-1.0000 Hg(Ac)3- 1.0000 Hg+2 3.0000 acetic-acid -3.0000 H+,,Hg+2 3C+3 3C-3 9H+ 6O-2,organic_aq,
Ho(Ac)+2,,HoCH3COO+2,aq,SK93,SLOP16.1,2015-09-00,HKF,cal,-253300,-288500,-32.9,70.4,3.1,2.7148,-1.1553,6.2089,-2.7311,61.7679,11.3023,1.5579,2,4,0,-1.0000 Ho(Ac)+2 1.0000 Ho+3 1.0000 acetic-acid -1.0000 H+,,Ho+3 C+3 C-3 3H+ 2O-2,organic_aq,
Ho(Ac)2+,,Ho(CH3COO)2+,aq,SK93,SLOP16.1,2015-09-00,HKF,cal,-344100,-408000,-14.6,165.2,52.9,9.2621,14.8317,-0.0744,-3.392,110.0599,30.6149,0.7686,1,4,0,-1.0000 Ho(Ac)2+ 1.0000 Ho+3 2.0000 acetic-acid -2.0000 H+,,Ho+3 2C+3 2C-3 6H+ 4O-2,organic_aq,
Ho(Ac)3,,Ho(CH3COO)3,aq,SK93,SLOP16.1,2015-09-00,HKF,cal,-434300,-528800,-3.1,251.1,108.4,16.5845,32.713,-7.107,-4.1313,153.0665,48.1201,-0.03,0,4,0,-1.0000 Ho(Ac)3 1.0000 Ho+3 3.0000 acetic-acid -3.0000 H+,,Ho+3 3C+3 3C-3 9H+ 6O-2,organic_aq,
K(Ac),,KCH3COO,aq,SK93,,8/17/1992,HKF,cal,-155420,-175220,47.6,59.2,59.5,9.902,16.3937,-0.6874,-3.4566,40.5631,9.0167,-0.03,0,4,0,-1.0000 K(Ac) 1.0000 K+ 1.0000 acetic-acid -1.0000 H+,,K+ C+3 C-3 3H+ 2O-2,organic_aq,
K(Ac)2-,,K(CH3COO)2-,aq,SK93,,9/10/1992,HKF,cal,-242990,-292900,60.7,138.9,115.8,17.8481,35.7984,-8.3193,-4.2588,94.0916,25.2533,0.7097,-1,4,0,-1.0000 K(Ac)2- 1.0000 K+ 2.0000 acetic-acid -2.0000 H+,,K+ 2C+3 2C-3 6H+ 4O-2,organic_aq,
La(Ac)+2,,LaCH3COO+2,aq,SK93,SLOP16.1,2015-09-00,HKF,cal,-256000,-289000,-29.6,61.6,6.4,3.1548,-0.0804,5.7863,-2.7756,56.153,9.5148,1.5067,2,4,0,-1.0000 La(Ac)+2 1.0000 La+3 1.0000 acetic-acid -1.0000 H+,,La+3 C+3 C-3 3H+ 2O-2,organic_aq,
La(Ac)2+,,La(CH3COO)2+,aq,SK93,SLOP16.1,2015-09-00,HKF,cal,-346000,-408000,-10.1,148.1,56.5,9.7487,16.0216,-0.5464,-3.4412,99.3969,27.1273,0.7003,1,4,0,-1.0000 La(Ac)2+ 1.0000 La+3 2.0000 acetic-acid -2.0000 H+,,La+3 2C+3 2C-3 6H+ 4O-2,organic_aq,
La(Ac)3,,La(CH3COO)3,aq,SK93,SLOP16.1,2015-09-00,HKF,cal,-436000,-528000,2.8,222.2,112.5,17.1523,34.102,-7.6583,-4.1887,136.1072,42.2254,-0.03,0,4,0,-1.0000 La(Ac)3 1.0000 La+3 3.0000 acetic-acid -3.0000 H+,,La+3 3C+3 3C-3 9H+ 6O-2,organic_aq,
Li(Ac),,LiCH3COO,aq,SK93,,8/17/1992,HKF,cal,-158610,-184240,19.5,86.7,48.5,8.388,12.6976,0.7639,-3.3038,56.6767,14.6175,-0.03,0,4,0,-1.0000 Li(Ac) 1.0000 Li+ 1.0000 acetic-acid -1.0000 H+,,Li+ C+3 C-3 3H+ 2O-2,organic_aq,
Li(Ac)2-,,Li(CH3COO)2-,aq,SK93,,9/10/1992,HKF,cal,-246810,-304670,25.5,192.5,103.5,16.3412,32.1211,-6.8785,-4.1068,130.4373,36.181,1.2422,-1,4,0,-1.0000 Li(Ac)2- 1.0000 Li+ 2.0000 acetic-acid -2.0000 H+,,Li+ 2C+3 2C-3 6H+ 4O-2,organic_aq,
Lu(Ac)+2,,LuCH3COO+2,aq,SK93,,9/10/1992,HKF,cal,-251290,-288534,-45.4,73.3,-0.7,2.2608,-2.2622,6.6412,-2.6854,65.2386,11.8981,1.7486,2,4,0,-1.0000 Lu(Ac)+2 1.0000 Lu+3 1.0000 acetic-acid -1.0000 H+,,Lu+3 C+3 C-3 3H+ 2O-2,organic_aq,
Lu(Ac)2+,,Lu(CH3COO)2+,aq,SK93,,9/10/1992,HKF,cal,-342150,-409310,-31.6,170.9,48.7,8.7721,13.6382,0.3879,-3.3427,115.7906,31.7774,1.0276,1,4,0,-1.0000 Lu(Ac)2+ 1.0000 Lu+3 2.0000 acetic-acid -2.0000 H+,,Lu+3 2C+3 2C-3 6H+ 4O-2,organic_aq,
Lu(Ac)3,,Lu(CH3COO)3,aq,SK93,,9/10/1992,HKF,cal,-432290,-531620,-25.3,260.8,103.7,15.9409,31.1419,-6.4897,-4.0663,158.7197,50.085,-0.03,0,4,0,-1.0000 Lu(Ac)3 1.0000 Lu+3 3.0000 acetic-acid -3.0000 H+,,Lu+3 3C+3 3C-3 9H+ 6O-2,organic_aq,
Mg(Ac)+,,MgCH3COO+,aq,SK93,,3/17/1993,HKF,cal,-198520,-229480,-13.1,88,25.4,5.4981,5.6424,3.5341,-3.0122,64.6297,14.8894,0.7483,1,4,0,-1.0000 Mg(Ac)+ 1.0000 Mg+2 1.0000 acetic-acid -1.0000 H+,,Mg+2 C+3 C-3 3H+ 2O-2,organic_aq,
Mg(Ac)2,,Mg(CH3COO)2,aq,SK93,SLOP16.1,6/2/1998,HKF,cal,-287830,-349327,-1.2,197.3,77.8,12.3982,22.4898,-3.0853,-3.7086,121.5413,37.1627,-0.03,0,4,0,-1.0000 Mg(Ac)2 1.0000 Mg+2 2.0000 acetic-acid -2.0000 H+,,Mg+2 2C+3 2C-3 6H+ 4O-2,organic_aq,
Mn(Ac)+,,MnCH3COO+,aq,SK93,,8/17/1992,HKF,cal,-144430,-169560,6.3,90.8,30.4,6.0776,7.057,2.9786,-3.0706,63.5668,15.4577,0.4555,1,4,0,-1.0000 Mn(Ac)+ 1.0000 Mn+2 1.0000 acetic-acid -1.0000 H+,,Mn+2 C+3 C-3 3H+ 2O-2,organic_aq,
Mn(Ac)2,,Mn(CH3COO)2,aq,SK93,,9/10/1992,HKF,cal,-233850,-287670,24.2,202.8,83.3,13.1542,24.3405,-3.8236,-3.7851,124.7315,38.2716,-0.03,0,4,0,-1.0000 Mn(Ac)2 1.0000 Mn+2 2.0000 acetic-acid -2.0000 H+,,Mn+2 2C+3 2C-3 6H+ 4O-2,organic_aq,
Mn(Ac)3-,,Mn(CH3COO)3-,aq,SK93,,9/10/1992,HKF,cal,-322580,-408280,31.5,331.9,142.3,21.6217,45.0124,-11.9409,-4.6397,211.3036,64.5717,1.1536,-1,4,0,-1.0000 Mn(Ac)3- 1.0000 Mn+2 3.0000 acetic-acid -3.0000 H+,,Mn+2 3C+3 3C-3 9H+ 6O-2,organic_aq,
NH4(Ac),,NH4CH3COO,aq,SK93,,9/10/1992,HKF,cal,-107550,-147230,50.7,90.1,69.6,11.2849,19.7719,-2.0187,-3.5963,58.7075,15.3233,-0.03,0,4,0,-1.0000 NH4(Ac) 1.0000 NH4+ 1.0000 acetic-acid -1.0000 H+,,N-3 C+3 C-3 7H+ 2O-2,organic_aq,
NH4(Ac)2-,,NH4(CH3COO)2-,aq,SK93,,9/10/1992,HKF,cal,-195640,-265200,64.7,199.3,127,19.3685,39.509,-9.7736,-4.4122,128.9386,37.5581,0.6495,-1,4,0,-1.0000 NH4(Ac)2- 1.0000 NH4+ 2.0000 acetic-acid -2.0000 H+,,N-3 2C+3 2C-3 10H+ 4O-2,organic_aq,
Na(Ac),,NaCH3COO,aq,SK93,,8/17/1992,HKF,cal,-150720,-173540,34.2,75.1,48.2,8.3514,12.6125,0.7884,-3.3003,49.8989,12.2617,-0.03,0,4,0,-1.0000 Na(Ac) 1.0000 Na+ 1.0000 acetic-acid -1.0000 H+,,Na+ C+3 C-3 3H+ 2O-2,organic_aq,
Na(Ac)2-,,Na(CH3COO)2-,aq,SK93,,9/10/1992,HKF,cal,-238470,-292400,44,170,103.2,16.2062,31.7884,-6.7416,-4.093,114.6437,31.5846,0.9633,-1,4,0,-1.0000 Na(Ac)2- 1.0000 Na+ 2.0000 acetic-acid -2.0000 H+,,Na+ 2C+3 2C-3 6H+ 4O-2,organic_aq,
Nd(Ac)+2,,NdCH3COO+2,aq,SK93,,8/17/1992,HKF,cal,-252510,-285470,-26.1,48.1,1.4,2.4521,-1.7961,6.4594,-2.7046,47.7869,6.7648,1.4574,2,4,0,-1.0000 Nd(Ac)+2 1.0000 Nd+3 1.0000 acetic-acid -1.0000 H+,,Nd+3 C+3 C-3 3H+ 2O-2,organic_aq,
Nd(Ac)2+,,Nd(CH3COO)2+,aq,SK93,,8/17/1992,HKF,cal,-343330,-404110,-5.3,121.7,51,8.9606,14.099,0.2066,-3.3618,83.3168,21.7619,0.6305,1,4,0,-1.0000 Nd(Ac)2+ 1.0000 Nd+3 2.0000 acetic-acid -2.0000 H+,,Nd+3 2C+3 2C-3 6H+ 4O-2,organic_aq,
Nd(Ac)3,,Nd(CH3COO)3,aq,SK93,,9/10/1992,HKF,cal,-433560,-524090,9.1,177.7,106.3,16.3006,32.0216,-6.8393,-4.1027,110.0156,33.1567,-0.03,0,4,0,-1.0000 Nd(Ac)3 1.0000 Nd+3 3.0000 acetic-acid -3.0000 H+,,Nd+3 3C+3 3C-3 9H+ 6O-2,organic_aq,
Ni(Ac)+,,NiCH3COO+,aq,SK93,SLOP16.1,2015-09-00,HKF,cal,-101100,-131500,-11.7,73.7,17.1,4.3556,2.8512,4.6343,-2.8968,56.0621,11.9745,0.7287,1,4,0,-1.0000 Ni(Ac)+ 1.0000 Ni+2 1.0000 acetic-acid -1.0000 H+,,Ni+2 C+3 C-3 3H+ 2O-2,organic_aq,
Ni(Ac)2,,Ni(CH3COO)2,aq,SK93,SLOP16.1,2015-09-00,HKF,cal,-190600,-251300,0.7,169.4,68.5,11.1327,19.4031,-1.8801,-3.581,105.1782,31.4753,-0.03,0,4,0,-1.0000 Ni(Ac)2 1.0000 Ni+2 2.0000 acetic-acid -2.0000 H+,,Ni+2 2C+3 2C-3 6H+ 4O-2,organic_aq,
Ni(Ac)3-,,Ni(CH3COO)3-,aq,SK93,SLOP16.1,2015-09-00,HKF,cal,-279700,-374100,1.9,275.5,125.8,19.5212,39.8827,-9.9226,-4.4277,182.3942,53.0847,1.603,-1,4,0,-1.0000 Ni(Ac)3- 1.0000 Ni+2 3.0000 acetic-acid -3.0000 H+,,Ni+2 3C+3 3C-3 9H+ 6O-2,organic_aq,
Pb(Ac)+,,PbCH3COO+,aq,SK93,,2/16/1991,HKF,cal,-97250,-115880,36,71.4,32.1,6.1543,7.2429,2.9082,-3.0783,48.0824,11.5161,0.0057,1,4,0,-1.0000 Pb(Ac)+ 1.0000 Pb+2 1.0000 acetic-acid -1.0000 H+,,Pb+2 C+3 C-3 3H+ 2O-2,organic_aq,
Pb(Ac)2,,Pb(CH3COO)2,aq,SK93,,2/16/1991,HKF,cal,-186890,-229460,69.8,165,85.2,13.409,24.9584,-4.057,-3.8107,102.6053,30.5811,-0.03,0,4,0,-1.0000 Pb(Ac)2 1.0000 Pb+2 2.0000 acetic-acid -2.0000 H+,,Pb+2 2C+3 2C-3 6H+ 4O-2,organic_aq,
Pb(Ac)3-,,Pb(CH3COO)3-,aq,SK93,,4/8/1993,HKF,cal,-277750,-348760,88.6,268.1,144.3,21.6128,44.9921,-11.9361,-4.6389,165.9232,51.5732,0.2871,-1,4,0,-1.0000 Pb(Ac)3- 1.0000 Pb+2 3.0000 acetic-acid -3.0000 H+,,Pb+2 3C+3 3C-3 9H+ 6O-2,organic_aq,
Pr(Ac)+2,,PrCH3COO+2,aq,SK93,,9/10/1992,HKF,cal,-254570,-287880,-26.8,38,2.5,2.6078,-1.4116,6.2996,-2.7205,41.9424,4.7024,1.4671,2,4,0,-1.0000 Pr(Ac)+2 1.0000 Pr+3 1.0000 acetic-acid -1.0000 H+,,Pr+3 C+3 C-3 3H+ 2O-2,organic_aq,
Pr(Ac)2+,,Pr(CH3COO)2+,aq,SK93,,9/10/1992,HKF,cal,-345500,-406710,-6.2,102,52.3,9.1362,14.525,0.0441,-3.3794,71.8931,17.7378,0.6472,1,4,0,-1.0000 Pr(Ac)2+ 1.0000 Pr+3 2.0000 acetic-acid -2.0000 H+,,Pr+3 2C+3 2C-3 6H+ 4O-2,organic_aq,
Pr(Ac)3,,Pr(CH3COO)3,aq,SK93,,9/10/1992,HKF,cal,-435690,-526750,7.8,144.3,107.7,16.4898,32.4806,-7.0127,-4.1216,90.447,26.3552,-0.03,0,4,0,-1.0000 Pr(Ac)3 1.0000 Pr+3 3.0000 acetic-acid -3.0000 H+,,Pr+3 3C+3 3C-3 9H+ 6O-2,organic_aq,
Ra(Ac)+,,RaCH3COO+,aq,SK93,,3/11/1993,HKF,cal,-223900,-239380,48,67.6,37.6,6.8554,8.9566,2.2315,-3.1492,44.1726,10.737,-0.1754,1,4,0,-1.0000 Ra(Ac)+ 1.0000 Ra+2 1.0000 acetic-acid -1.0000 H+,,Ra+2 C+3 C-3 3H+ 2O-2,organic_aq,
Ra(Ac)2,,Ra(CH3COO)2,aq,SK93,,3/11/1993,HKF,cal,-312940,-353260,78.8,157.6,91.4,14.2584,27.0324,-4.8725,-3.8964,98.2315,29.0609,-0.03,0,4,0,-1.0000 Ra(Ac)2 1.0000 Ra+2 2.0000 acetic-acid -2.0000 H+,,Ra+2 2C+3 2C-3 6H+ 4O-2,organic_aq,
Rb(Ac),,RbCH3COO,aq,SK93,,8/19/1992,HKF,cal,-156110,-174950,53.7,48,65.3,10.6948,18.3352,-1.4623,-3.5369,33.9961,6.7343,-0.03,0,4,0,-1.0000 Rb(Ac) 1.0000 Rb+ 1.0000 acetic-acid -1.0000 H+,,Rb+ C+3 C-3 3H+ 2O-2,organic_aq,
Rb(Ac)2-,,Rb(CH3COO)2-,aq,SK93,,9/10/1992,HKF,cal,-244000,-292490,68.3,117,122.2,18.6924,37.8608,-9.1318,-4.3441,80.2139,20.8,0.5941,-1,4,0,-1.0000 Rb(Ac)2- 1.0000 Rb+ 2.0000 acetic-acid -2.0000 H+,,Rb+ 2C+3 2C-3 6H+ 4O-2,organic_aq,
Sc(Ac)+2,,ScCH3COO+2,aq,SK93,,9/10/1992,HKF,cal,-233010,-268100,-42.4,65.7,2.8,2.7175,-1.1437,6.1937,-2.7316,60.3195,10.3398,1.7013,2,4,0,-1.0000 Sc(Ac)+2 1.0000 Sc+3 1.0000 acetic-acid -1.0000 H+,,Sc+3 C+3 C-3 3H+ 2O-2,organic_aq,
Sc(Ac)2+,,Sc(CH3COO)2+,aq,SK93,,9/10/1992,HKF,cal,-324640,-389320,-27.5,156,52.5,9.2794,14.8737,-0.0899,-3.3938,106.5183,28.737,0.9706,1,4,0,-1.0000 Sc(Ac)2+ 1.0000 Sc+3 2.0000 acetic-acid -2.0000 H+,,Sc+3 2C+3 2C-3 6H+ 4O-2,organic_aq,
Sc(Ac)3,,Sc(CH3COO)3,aq,SK93,,9/10/1992,HKF,cal,-415370,-511840,-20,235.6,108,16.5277,32.5748,-7.0539,-4.1255,143.9346,44.946,-0.03,0,4,0,-1.0000 Sc(Ac)3 1.0000 Sc+3 3.0000 acetic-acid -3.0000 H+,,Sc+3 3C+3 3C-3 9H+ 6O-2,organic_aq,
Sm(Ac)+2,,SmCH3COO+2,aq,SK93,SLOP16.1,2015-09-00,HKF,cal,-251000,-285000,-27.8,47.9,2.7,2.6264,-1.3667,6.2827,-2.7224,47.8346,6.719,1.4769,2,4,0,-1.0000 Sm(Ac)+2 1.0000 Sm+3 1.0000 acetic-acid -1.0000 H+,,Sm+3 C+3 C-3 3H+ 2O-2,organic_aq,
Sm(Ac)2+,,Sm(CH3COO)2+,aq,SK93,SLOP16.1,2015-09-00,HKF,cal,-342000,-404000,-7.6,121.3,52.4,9.159,14.5839,0.0138,-3.3818,83.3717,21.6725,0.6644,1,4,0,-1.0000 Sm(Ac)2+ 1.0000 Sm+3 2.0000 acetic-acid -2.0000 H+,,Sm+3 2C+3 2C-3 6H+ 4O-2,organic_aq,
Sm(Ac)3,,Sm(CH3COO)3,aq,SK93,SLOP16.1,2015-09-00,HKF,cal,-433000,-524000,6,176.9,107.8,16.5088,32.5307,-7.0412,-4.1237,109.5807,33.0056,-0.03,0,4,0,-1.0000 Sm(Ac)3 1.0000 Sm+3 3.0000 acetic-acid -3.0000 H+,,Sm+3 3C+3 3C-3 9H+ 6O-2,organic_aq,
Sr(Ac)+,,SrCH3COO+,aq,SK93,,8/17/1992,HKF,cal,-224510,-247220,20,77.4,30.1,5.9602,6.7718,3.0884,-3.0588,53.8109,12.7307,0.2482,1,4,0,-1.0000 Sr(Ac)+ 1.0000 Sr+2 1.0000 acetic-acid -1.0000 H+,,Sr+2 C+3 C-3 3H+ 2O-2,organic_aq,
Sr(Ac)2,,Sr(CH3COO)2,aq,SK93,,9/10/1992,HKF,cal,-313610,-363740,42.2,176.7,82.9,13.1015,24.2102,-3.7685,-3.7797,109.4234,32.9508,-0.03,0,4,0,-1.0000 Sr(Ac)2 1.0000 Sr+2 2.0000 acetic-acid -2.0000 H+,,Sr+2 2C+3 2C-3 6H+ 4O-2,organic_aq,
Tb(Ac)+2,,TbCH3COO+2,aq,SK93,,9/10/1992,HKF,cal,-251390,-286400,-32.5,54.2,4.7,2.9247,-0.6382,5.9963,-2.7525,52.1779,8.0023,1.5475,2,4,0,-1.0000 Tb(Ac)+2 1.0000 Tb+3 1.0000 acetic-acid -1.0000 H+,,Tb+3 C+3 C-3 3H+ 2O-2,organic_aq,
Tb(Ac)2+,,Tb(CH3COO)2+,aq,SK93,,9/10/1992,HKF,cal,-342250,-405780,-14,133.6,54.6,9.4965,15.4094,-0.3132,-3.4159,91.4417,24.1763,0.7584,1,4,0,-1.0000 Tb(Ac)2+ 1.0000 Tb+3 2.0000 acetic-acid -2.0000 H+,,Tb+3 2C+3 2C-3 6H+ 4O-2,organic_aq,
Tb(Ac)3,,Tb(CH3COO)3,aq,SK93,,9/10/1992,HKF,cal,-432390,-526470,-2.3,197.7,110.3,16.8495,33.3603,-7.3624,-4.158,121.7569,37.2376,-0.03,0,4,0,-1.0000 Tb(Ac)3 1.0000 Tb+3 3.0000 acetic-acid -3.0000 H+,,Tb+3 3C+3 3C-3 9H+ 6O-2,organic_aq,
Tl(Ac),,TlCH3COO,aq,SK93,,8/17/1992,HKF,cal,-95860,-113350,55.2,45.3,69.7,11.2955,19.8003,-2.0347,-3.5974,32.4138,6.1843,-0.03,0,4,0,-1.0000 Tl(Ac) 1.0000 Tl+ 1.0000 acetic-acid -1.0000 H+,,Tl+ C+3 C-3 3H+ 2O-2,organic_aq,
Tl(Ac)2-,,Tl(CH3COO)2-,aq,SK93,,9/20/1992,HKF,cal,-183600,-230620,70.3,111.7,127.1,19.3516,39.4721,-9.7684,-4.4107,76.8519,19.7269,0.5643,-1,4,0,-1.0000 Tl(Ac)2- 1.0000 Tl+ 2.0000 acetic-acid -2.0000 H+,,Tl+ 2C+3 2C-3 6H+ 4O-2,organic_aq,
Tm(Ac)+2,,TmCH3COO+2,aq,SK93,,9/11/1992,HKF,cal,-251770,-288500,-38.3,68.1,1.5,2.5268,-1.6112,6.3814,-2.7123,61.1431,10.8439,1.6332,2,4,0,-1.0000 Tm(Ac)+2 1.0000 Tm+3 1.0000 acetic-acid -1.0000 H+,,Tm+3 C+3 C-3 3H+ 2O-2,organic_aq,
Tm(Ac)2+,,Tm(CH3COO)2+,aq,SK93,,9/11/1992,HKF,cal,-342620,-408490,-21.9,160.8,51.2,9.0621,14.3448,0.1131,-3.3719,108.5166,29.7206,0.8803,1,4,0,-1.0000 Tm(Ac)2+ 1.0000 Tm+3 2.0000 acetic-acid -2.0000 H+,,Tm+3 2C+3 2C-3 6H+ 4O-2,organic_aq,
Tm(Ac)3,,Tm(CH3COO)3,aq,SK93,,9/11/1992,HKF,cal,-432750,-529900,-12.7,243.7,106.4,16.3195,32.0657,-6.852,-4.1045,148.7181,46.6086,-0.03,0,4,0,-1.0000 Tm(Ac)3 1.0000 Tm+3 3.0000 acetic-acid -3.0000 H+,,Tm+3 3C+3 3C-3 9H+ 6O-2,organic_aq,
U(Ac)+2,,UCH3COO+2,aq,SK93,SLOP16.1,2015-09-00,HKF,cal,-205470,-235490,-21.3,144.6,19.3,4.8662,4.1031,4.1308,-2.9485,103.6659,26.4274,1.3823,2,4,0,-1.0000 U(Ac)+2 1.0000 U+3 1.0000 acetic-acid -1.0000 H+,,U+3 C+3 C-3 3H+ 2O-2,organic_aq,
U(Ac)2+,,U(CH3COO)2+,aq,SK93,SLOP16.1,2015-09-00,HKF,cal,-296370,-353710,1.3,310.1,70.9,11.6455,20.6554,-2.3718,-3.6328,192.7896,60.1258,0.5324,1,4,0,-1.0000 U(Ac)2+ 1.0000 U+3 2.0000 acetic-acid -2.0000 H+,,U+3 2C+3 2C-3 6H+ 4O-2,organic_aq,
U(Ac)3,,U(CH3COO)3,aq,SK93,SLOP16.1,2015-09-00,HKF,cal,-386530,-473050,17.7,496,128.4,19.329,39.4128,-9.7374,-4.4082,296.5739,97.9996,-0.03,0,4,0,-1.0000 U(Ac)3 1.0000 U+3 3.0000 acetic-acid -3.0000 H+,,U+3 3C+3 3C-3 9H+ 6O-2,organic_aq,
UO2(Ac)+,,UO2CH3COO+,aq,SK93,SLOP16.1,2015-09-00,HKF,cal,-320080,-363540,-1.7,123,55.8,9.599,15.6588,-0.4099,-3.4262,83.5297,22.0118,0.5756,1,4,0,-1.0000 UO2(Ac)+ 1.0000 UO2+2 1.0000 acetic-acid -1.0000 H+,,U+6 C+3 C-3 3H+ 4O-2,organic_aq,
UO2(Ac)2,,UO2(CH3COO)2,aq,SK93,SLOP16.1,2015-09-00,HKF,cal,-411370,-484290,13.7,265.6,111.7,17.0325,33.8044,-7.5309,-4.1764,161.5228,51.0592,-0.03,0,4,0,-1.0000 UO2(Ac)2 1.0000 UO2+2 2.0000 acetic-acid -2.0000 H+,,U+6 2C+3 2C-3 6H+ 6O-2,organic_aq,
UO2(Ac)3-,,UO2(CH3COO)3-,aq,SK93,SLOP16.1,2015-09-00,HKF,cal,-501830,-607460,18.3,438,173.8,26.0101,55.7294,-16.1571,-5.0828,275.3211,86.1855,1.3526,-1,4,0,-1.0000 UO2(Ac)3- 1.0000 UO2+2 3.0000 acetic-acid -3.0000 H+,,U+6 3C+3 3C-3 9H+ 8O-2,organic_aq,
Y(Ac)+2,,YCH3COO+2,aq,SK93,,9/10/1992,HKF,cal,-255670,-291130,-41,65,4,2.8774,-0.7576,6.0516,-2.7476,59.7114,10.2023,1.6782,2,4,0,-1.0000 Y(Ac)+2 1.0000 Y+3 1.0000 acetic-acid -1.0000 H+,,Y+3 C+3 C-3 3H+ 2O-2,organic_aq,
Y(Ac)2+,,Y(CH3COO)2+,aq,SK93,,9/10/1992,HKF,cal,-346520,-411420,-25.6,154.7,53.9,9.4572,15.3127,-0.2736,-3.4119,105.4982,28.4687,0.9437,1,4,0,-1.0000 Y(Ac)2+ 1.0000 Y+3 2.0000 acetic-acid -2.0000 H+,,Y+3 2C+3 2C-3 6H+ 4O-2,organic_aq,
Y(Ac)3,,Y(CH3COO)3,aq,SK93,,9/10/1992,HKF,cal,-436650,-533170,-17.5,233.3,109.5,16.7359,33.0838,-7.255,-4.1466,142.63,44.4926,-0.03,0,4,0,-1.0000 Y(Ac)3 1.0000 Y+3 3.0000 acetic-acid -3.0000 H+,,Y+3 3C+3 3C-3 9H+ 6O-2,organic_aq,
Yb(Ac)+2,,YbCH3COO+2,aq,SK93,,8/17/1992,HKF,cal,-244760,-280040,-36.6,63.4,-0.1,2.2906,-2.1905,6.6154,-2.6883,58.1718,9.8814,1.6113,2,4,0,-1.0000 Yb(Ac)+2 1.0000 Yb+3 1.0000 acetic-acid -1.0000 H+,,Yb+3 C+3 C-3 3H+ 2O-2,organic_aq,
Yb(Ac)2+,,Yb(CH3COO)2+,aq,SK93,,8/17/1992,HKF,cal,-335520,-399750,-19.6,151.6,49.3,8.7953,13.6959,0.3628,-3.3451,102.7868,27.8427,0.8449,1,4,0,-1.0000 Yb(Ac)2+ 1.0000 Yb+3 2.0000 acetic-acid -2.0000 H+,,Yb+3 2C+3 2C-3 6H+ 4O-2,organic_aq,
Yb(Ac)3,,Yb(CH3COO)3,aq,SK93,,9/10/1992,HKF,cal,-425590,-520890,-9.7,228.1,104.4,16.0356,31.3743,-6.5843,-4.0759,139.5859,43.4346,-0.03,0,4,0,-1.0000 Yb(Ac)3 1.0000 Yb+3 3.0000 acetic-acid -3.0000 H+,,Yb+3 3C+3 3C-3 9H+ 6O-2,organic_aq,
Zn(Ac)+,Zn(Ac)+,ZnCH3COO+,aq,SSH97.4,,9/18/1997,HKF,cal,-125660,-155120,9.4,86.2,21.52,4.8484,4.06,4.1473,-2.9468,60.4626,14.5244,0.41,1,4,0,-1.0000 Zn(Ac)+ 1.0000 Zn+2 1.0000 acetic-acid -1.0000 H+,,Zn+2 C+3 C-3 3H+ 2O-2,organic_aq,
Zn(Ac)2,Zn(Ac)2,Zn(CH3COO)2,aq,SSH97.4,,9/18/1997,HKF,cal,-216450,-271500,22.47,193.3,73.02,11.7443,20.8978,-2.4707,-3.6429,119.1022,36.3407,-0.038,0,4,0,-1.0000 Zn(Ac)2 1.0000 Zn+2 2.0000 acetic-acid -2.0000 H+,,Zn+2 2C+3 2C-3 6H+ 4O-2,organic_aq,
Zn(Ac)3-,Zn(Ac)3-,Zn(CH3COO)3-,aq,SSH97.4,SLOP16.2,6/2/1998,HKF,cal,-305740,-408093,25,316.5,130.4,20.0332,41.1373,-10.4257,-4.4796,203.1827,61.4365,1.2513,-1,4,0,-1.0000 Zn(Ac)3- 1.0000 Zn+2 3.0000 acetic-acid -3.0000 H+,,Zn+2 3C+3 3C-3 9H+ 6O-2,organic_aq,
Al(Mal)+,,AlC3H2O4+,aq,PSK99.1,,8/24/2006,HKF,cal,-289589,-331497,-16,-17.9,0,0,0,0,0,2.2763,-6.6807,0.7895,1,4,0,-1.0000 Al(Mal)+ 1.0000 Al+3 1.0000 malonic-acid -2.0000 H+,,Al+3 2C+3 C-2 2H+ 4O-2,organic_aq,
Ba(Mal),,BaC3H2O4,aq,PSK99,,8/24/2006,HKF,cal,-300901,-336014,30.7,2.3,0,0,0,0,0,6.3055,-2.566,-0.1446,0,4,0,-1.0000 Ba(Mal) 1.0000 Ba+2 1.0000 malonic-acid -2.0000 H+,,Ba+2 2C+3 C-2 2H+ 4O-2,organic_aq,
Be(Mal),,BeC3H2O4,aq,PSK99,,8/24/2006,HKF,cal,-263425,-301710,7.3,13.3,0,0,0,0,0,15.8793,-0.3253,0.2294,0,4,0,-1.0000 Be(Mal) 1.0000 Be+2 1.0000 malonic-acid -2.0000 H+,,Be+2 2C+3 C-2 2H+ 4O-2,organic_aq,
Ca(Mal),,CaC3H2O4,aq,PSK99,,8/24/2006,HKF,cal,-299291,-336094,19.9,7.1,0,0,0,0,0,10.9999,-1.5943,0.0825,0,4,0,-1.0000 Ca(Mal) 1.0000 Ca+2 1.0000 malonic-acid -2.0000 H+,,Ca+2 2C+3 C-2 2H+ 4O-2,organic_aq,
Cd(Mal),,CdC3H2O4,aq,PSK99,,8/24/2006,HKF,cal,-187027,-225429,17,11.1,0,0,0,0,0,13.3032,-0.7938,0.0825,0,4,0,-1.0000 Cd(Mal) 1.0000 Cd+2 1.0000 malonic-acid -2.0000 H+,,Cd+2 2C+3 C-2 2H+ 4O-2,organic_aq,
Ce(Mal)+,,CeC3H2O4+,aq,PSK99,,8/24/2006,HKF,cal,-331473,-373278,-5.2,-24,0,0,0,0,0,-2.6279,-7.9233,0.6305,1,4,0,-1.0000 Ce(Mal)+ 1.0000 Ce+3 1.0000 malonic-acid -2.0000 H+,,Ce+3 2C+3 C-2 2H+ 4O-2,organic_aq,
Co(Mal),,CoC3H2O4,aq,PSK99,,8/24/2006,HKF,cal,-181890,-220607,10.7,6.8,0,0,0,0,0,11.4747,-1.6493,0.1583,0,4,0,-1.0000 Co(Mal) 1.0000 Co+2 1.0000 malonic-acid -2.0000 H+,,Co+2 2C+3 C-2 2H+ 4O-2,organic_aq,
Cr(Mal),,CrC3H2O4,aq,PSK99,,8/24/2006,HKF,cal,-209628,-247329,12.6,7.4,0,0,0,0,0,11.7505,-1.5271,0.1492,0,4,0,-1.0000 Cr(Mal) 1.0000 Cr+2 1.0000 malonic-acid -2.0000 H+,,Cr+2 2C+3 C-2 2H+ 4O-2,organic_aq,
Cs(Mal)-,,CsC3H2O4-,aq,PSK99,,8/24/2006,HKF,cal,-234261,-269659,50.7,8.3,0,0,0,0,0,18.2295,-1.3438,0.8611,-1,4,0,-1.0000 Cs(Mal)- 1.0000 Cs+ 1.0000 malonic-acid -2.0000 H+,,Cs+ 2C+3 C-2 2H+ 4O-2,organic_aq,
Cu(Mal),,CuC3H2O4,aq,PSK99,,8/24/2006,HKF,cal,-155944,-192837,17.6,8.9,0,0,0,0,0,11.9966,-1.2216,0.0735,0,4,0,-1.0000 Cu(Mal) 1.0000 Cu+2 1.0000 malonic-acid -2.0000 H+,,Cu+2 2C+3 C-2 2H+ 4O-2,organic_aq,
Dy(Mal)+,,DyC3H2O4+,aq,PSK99,,8/24/2006,HKF,cal,-330783,-373740,-8.4,-17.1,0,0,0,0,0,1.8472,-6.5178,0.6821,1,4,0,-1.0000 Dy(Mal)+ 1.0000 Dy+3 1.0000 malonic-acid -2.0000 H+,,Dy+3 2C+3 C-2 2H+ 4O-2,organic_aq,
Er(Mal)+,,ErC3H2O4+,aq,PSK99,,8/24/2006,HKF,cal,-331861,-376225,-13.5,-19.7,0,0,0,0,0,0.9612,-7.0407,0.7584,1,4,0,-1.0000 Er(Mal)+ 1.0000 Er+3 1.0000 malonic-acid -2.0000 H+,,Er+3 2C+3 C-2 2H+ 4O-2,organic_aq,
Eu(Mal)+,,EuC3H2O4+,aq,PSK99,,8/24/2006,HKF,cal,-308524,-351636,-8.2,-22,0,0,0,0,0,-1.099,-7.5159,0.6732,1,4,0,-1.0000 Eu(Mal)+ 1.0000 Eu+3 1.0000 malonic-acid -2.0000 H+,,Eu+3 2C+3 C-2 2H+ 4O-2,organic_aq,
Fe(Mal),,FeC3H2O4,aq,PSK99,,8/24/2006,HKF,cal,-190569,-228744,11.9,6.5,0,0,0,0,0,11.3118,-1.7105,0.1598,0,4,0,-1.0000 Fe(Mal) 1.0000 Fe+2 1.0000 malonic-acid -2.0000 H+,,Fe+2 2C+3 C-2 2H+ 4O-2,organic_aq,
Fe(Mal)+,,FeC3H2O4+,aq,PSK99,,8/24/2006,HKF,cal,-174934,-215130,-10.5,-19.5,0,0,0,0,0,0.6708,-7.0067,0.7096,1,4,0,-1.0000 Fe(Mal)+ 1.0000 Fe+3 1.0000 malonic-acid -2.0000 H+,,Fe+3 2C+3 C-2 2H+ 4O-2,organic_aq,
Gd(Mal)+,,GdC3H2O4+,aq,PSK99,,8/24/2006,HKF,cal,-329715,-371001,-4.4,-21.3,0,0,0,0,0,-1.1139,-7.3733,0.6223,1,4,0,-1.0000 Gd(Mal)+ 1.0000 Gd+3 1.0000 malonic-acid -2.0000 H+,,Gd+3 2C+3 C-2 2H+ 4O-2,organic_aq,
Ho(Mal)+,,HoC3H2O4+,aq,PSK99,,8/24/2006,HKF,cal,-333361,-377876,-13.5,-18.7,0,0,0,0,0,1.5473,-6.8437,0.7484,1,4,0,-1.0000 Ho(Mal)+ 1.0000 Ho+3 1.0000 malonic-acid -2.0000 H+,,Ho+3 2C+3 C-2 2H+ 4O-2,organic_aq,
In(Mal)+,,InC3H2O4+,aq,PSK99,,8/24/2006,HKF,cal,-197039,-240379,-13.7,-0.7,0,0,0,0,0,12.0964,-3.1771,0.7584,1,4,0,-1.0000 In(Mal)+ 1.0000 In+3 1.0000 malonic-acid -2.0000 H+,,In+3 2C+3 C-2 2H+ 4O-2,organic_aq,
K(Mal)-,,KC3H2O4-,aq,PSK99,,8/24/2006,HKF,cal,-232648,-268321,44.9,16.6,0,0,0,0,0,23.826,0.3468,0.9486,-1,4,0,-1.0000 K(Mal)- 1.0000 K+ 1.0000 malonic-acid -2.0000 H+,,K+ 2C+3 C-2 2H+ 4O-2,organic_aq,
La(Mal)+,,LaC3H2O4+,aq,PSK99,,8/24/2006,HKF,cal,-334582,-376503,-9.2,-22.6,0,0,0,0,0,-1.3006,-7.6381,0.6911,1,4,0,-1.0000 La(Mal)+ 1.0000 La+3 1.0000 malonic-acid -2.0000 H+,,La+3 2C+3 C-2 2H+ 4O-2,organic_aq,
Li(Mal)-,,LiC3H2O4-,aq,PSK99,,8/24/2006,HKF,cal,-234812,-272078,31,28.8,0,0,0,0,0,32.7472,2.832,1.1605,-1,4,0,-1.0000 Li(Mal)- 1.0000 Li+ 1.0000 malonic-acid -2.0000 H+,,Li+ 2C+3 C-2 2H+ 4O-2,organic_aq,
Lu(Mal)+,,LuC3H2O4+,aq,PSK99,,8/24/2006,HKF,cal,-330965,-374877,-17.3,-17.4,0,0,0,0,0,2.75,-6.5789,0.8111,1,4,0,-1.0000 Lu(Mal)+ 1.0000 Lu+3 1.0000 malonic-acid -2.0000 H+,,Lu+3 2C+3 C-2 2H+ 4O-2,organic_aq,
Mg(Mal),,MgC3H2O4,aq,PSK99,,8/24/2006,HKF,cal,-276167,-317081,4,9.3,0,0,0,0,0,13.9292,-1.1482,0.2794,0,4,0,-1.0000 Mg(Mal) 1.0000 Mg+2 1.0000 malonic-acid -2.0000 H+,,Mg+2 2C+3 C-2 2H+ 4O-2,organic_aq,
Mn(Mal),,MnC3H2O4,aq,PSK99,,8/24/2006,HKF,cal,-223349,-260016,18.1,10.5,0,0,0,0,0,12.5039,-0.8957,0.022,0,4,0,-1.0000 Mn(Mal) 1.0000 Mn+2 1.0000 malonic-acid -2.0000 H+,,Mn+2 2C+3 C-2 2H+ 4O-2,organic_aq,
NH4(Mal)-,,NH4C3H2O4-,aq,PSK99,,8/24/2006,HKF,cal,-184292,-240119,47.2,30.6,0,0,0,0,0,31.744,3.1986,0.9143,-1,4,0,-1.0000 NH4(Mal)- 1.0000 NH4+ 1.0000 malonic-acid -2.0000 H+,,N-3 2C+3 C-2 6H+ 4O-2,organic_aq,
Na(Mal)-,,NaC3H2O4-,aq,PSK99,,8/24/2006,HKF,cal,-227252,-265366,33.5,23.7,0,0,0,0,0,29.43,1.7931,1.1213,-1,4,0,-1.0000 Na(Mal)- 1.0000 Na+ 1.0000 malonic-acid -2.0000 H+,,Na+ 2C+3 C-2 2H+ 4O-2,organic_aq,
Nd(Mal)+,,NdC3H2O4+,aq,PSK99,,8/24/2006,HKF,cal,-331810,-373133,-3.7,-28.6,0,0,0,0,0,-5.5261,-8.8603,0.0603,1,4,0,-1.0000 Nd(Mal)+ 1.0000 Nd+3 1.0000 malonic-acid -2.0000 H+,,Nd+3 2C+3 C-2 2H+ 4O-2,organic_aq,
Ni(Mal),,NiC3H2O4,aq,PSK99,,8/24/2006,HKF,cal,-180254,-219729,8.2,2.9,0,0,0,0,0,9.8222,-2.4438,0.234,0,4,0,-1.0000 Ni(Mal) 1.0000 Ni+2 1.0000 malonic-acid -2.0000 H+,,Ni+2 2C+3 C-2 2H+ 4O-2,organic_aq,
Pb(Mal),,PbC3H2O4,aq,PSK99,,8/24/2006,HKF,cal,-174819,-204905,48,1.9,0,0,0,0,0,3.7922,-2.6475,-0.4172,0,4,0,-1.0000 Pb(Mal) 1.0000 Pb+2 1.0000 malonic-acid -2.0000 H+,,Pb+2 2C+3 C-2 2H+ 4O-2,organic_aq,
Pr(Mal)+,,PrC3H2O4+,aq,PSK99,,8/24/2006,HKF,cal,-333756,-375646,-5.2,-33.1,0,0,0,0,0,-7.961,-9.777,0.6305,1,4,0,-1.0000 Pr(Mal)+ 1.0000 Pr+3 1.0000 malonic-acid -2.0000 H+,,Pr+3 2C+3 C-2 2H+ 4O-2,organic_aq,
Sc(Mal)+,,ScC3H2O4+,aq,PSK99,,8/24/2006,HKF,cal,-311096,-351728,-10.2,-20.8,0,0,0,0,0,-0.091,-7.2715,0.7096,1,4,0,-1.0000 Sc(Mal)+ 1.0000 Sc+3 1.0000 malonic-acid -2.0000 H+,,Sc+3 2C+3 C-2 2H+ 4O-2,organic_aq,
Sm(Mal)+,,SmC3H2O4+,aq,PSK99,,8/24/2006,HKF,cal,-330706,-372547,-5.9,-28.7,0,0,0,0,0,-5.313,-8.8807,0.6388,1,4,0,-1.0000 Sm(Mal)+ 1.0000 Sm+3 1.0000 malonic-acid -2.0000 H+,,Sm+3 2C+3 C-2 2H+ 4O-2,organic_aq,
Sr(Mal),,SrC3H2O4,aq,PSK99,,8/24/2006,HKF,cal,-301413,-337769,24,4.6,0,0,0,0,0,8.6663,-2.0975,-0.0234,0,4,0,-1.0000 Sr(Mal) 1.0000 Sr+2 1.0000 malonic-acid -2.0000 H+,,Sr+2 2C+3 C-2 2H+ 4O-2,organic_aq,
Tb(Mal)+,,TbC3H2O4+,aq,PSK99,,8/24/2006,HKF,cal,-331392,-374477,-9.2,-25.9,0,0,0,0,0,-3.2346,-8.3103,0.6911,1,4,0,-1.0000 Tb(Mal)+ 1.0000 Tb+3 1.0000 malonic-acid -2.0000 H+,,Tb+3 2C+3 C-2 2H+ 4O-2,organic_aq,
Th(Mal)+2,,ThC3H2O4+2,aq,PSK99,,8/24/2006,HKF,cal,-342153,-389489,-44.2,14.8,0,0,0,0,0,29.2591,-0.0197,1.7247,2,4,0,-1.0000 Th(Mal)+2 1.0000 Th+4 1.0000 malonic-acid -2.0000 H+,,Th+4 2C+3 C-2 2H+ 4O-2,organic_aq,
Tm(Mal)+,,TmC3H2O4+,aq,PSK99,,8/24/2006,HKF,cal,-331888,-376252,-13.3,-19.7,0,0,0,0,0,0.8771,-7.0474,0.7483,1,4,0,-1.0000 Tm(Mal)+ 1.0000 Tm+3 1.0000 malonic-acid -2.0000 H+,,Tm+3 2C+3 C-2 2H+ 4O-2,organic_aq,
UO2(Mal),,UO2C3H2O4,aq,PSK99,,8/24/2006,HKF,cal,-400814,-452438,21.3,23.7,0,0,0,0,0,20.202,1.7931,0.0174,0,4,0,-1.0000 UO2(Mal) 1.0000 UO2+2 1.0000 malonic-acid -2.0000 H+,,U+6 2C+3 C-2 2H+ 6O-2,organic_aq,
Y(Mal)+,,YC3H2O4+,aq,PSK99,,8/24/2006,HKF,cal,-334437,-346214,-11.7,-21.1,0,0,0,0,0,-0.1075,-7.3326,0.7287,1,4,0,-1.0000 Y(Mal)+ 1.0000 Y+3 1.0000 malonic-acid -2.0000 H+,,Y+3 2C+3 C-2 2H+ 4O-2,organic_aq,
Yb(Mal)+,,YbC3H2O4+,aq,PSK99,,8/24/2006,HKF,cal,-324483,-367480,-12.1,-21.8,0,0,0,0,0,-0.4362,-7.4752,0.7384,1,4,0,-1.0000 Yb(Mal)+ 1.0000 Yb+3 1.0000 malonic-acid -2.0000 H+,,Yb+3 2C+3 C-2 2H+ 4O-2,organic_aq,
Zn(Mal),,ZnC3H2O4,aq,PSK99,,8/24/2006,HKF,cal,-204172,-242743,14,8.3,0,0,0,0,0,12.1007,-1.3438,0.128,0,4,0,-1.0000 Zn(Mal) 1.0000 Zn+2 1.0000 malonic-acid -2.0000 H+,,Zn+2 2C+3 C-2 2H+ 4O-2,organic_aq,
Ba(Succ),,BaC4H4O4,aq,PSK99,,8/24/2006,HKF,cal,-301248,-344085,37.4,17.2,0,0,0,0,0,14.3544,0.469,-0.2264,0,4,0,-1.0000 Ba(Succ) 1.0000 Ba+2 1.0000 succinic-acid -2.0000 H+,,Ba+2 2C+3 2C-2 4H+ 4O-2,organic_aq,
Be(Succ),,BeC4H4O4,aq,PSK99,,8/24/2006,HKF,cal,-261329,-307338,14,28.2,0,0,0,0,0,23.7636,2.7097,0.128,0,4,0,-1.0000 Be(Succ) 1.0000 Be+2 1.0000 succinic-acid -2.0000 H+,,Be+2 2C+3 2C-2 4H+ 4O-2,organic_aq,
Ca(Succ),,CaC4H4O4,aq,PSK99,,8/24/2006,HKF,cal,-299556,-344864,24,22,0,0,0,0,0,18.8639,1.4468,-0.0234,0,4,0,-1.0000 Ca(Succ) 1.0000 Ca+2 1.0000 succinic-acid -2.0000 H+,,Ca+2 2C+3 2C-2 4H+ 4O-2,organic_aq,
Cd(Succ),,CdC4H4O4,aq,PSK99,,8/24/2006,HKF,cal,-186515,-231329,28.1,26,0,0,0,0,0,20.6891,2.2616,-0.0855,0,4,0,-1.0000 Cd(Succ) 1.0000 Cd+2 1.0000 succinic-acid -2.0000 H+,,Cd+2 2C+3 2C-2 4H+ 4O-2,organic_aq,
Co(Succ),,CoC4H4O4,aq,PSK99,,8/24/2006,HKF,cal,-180409,-228471,12,21.7,0,0,0,0,0,20.2073,1.3857,0.1583,0,4,0,-1.0000 Co(Succ) 1.0000 Co+2 1.0000 succinic-acid -2.0000 H+,,Co+2 2C+3 2C-2 4H+ 4O-2,organic_aq,
Cr(Succ),,CrC4H4O4,aq,PSK99,,8/24/2006,HKF,cal,-207493,-252918,19.3,22.3,0,0,0,0,0,19.6347,1.5079,0.0477,0,4,0,-1.0000 Cr(Succ) 1.0000 Cr+2 1.0000 succinic-acid -2.0000 H+,,Cr+2 2C+3 2C-2 4H+ 4O-2,organic_aq,
Cu(Succ),,CuC4H4O4,aq,PSK99,,8/24/2006,HKF,cal,-153453,-197474,26.3,23.8,0,0,0,0,0,19.6276,1.8135,-0.0583,0,4,0,-1.0000 Cu(Succ) 1.0000 Cu+2 1.0000 succinic-acid -2.0000 H+,,Cu+2 2C+3 2C-2 4H+ 4O-2,organic_aq,
Er(Succ)+,,ErC4H4O4+,aq,PSK99,,8/24/2006,HKF,cal,-331130,-382336,-3.8,-4.8,0,0,0,0,0,8.4222,-4.0123,0.6063,1,4,0,-1.0000 Er(Succ)+ 1.0000 Er+3 1.0000 succinic-acid -2.0000 H+,,Er+3 2C+3 2C-2 4H+ 4O-2,organic_aq,
Fe(Succ),,FeC4H4O4,aq,PSK99,,8/24/2006,HKF,cal,-190155,-236054,18.6,21.4,0,0,0,0,0,19.1958,1.3246,0.0583,0,4,0,-1.0000 Fe(Succ) 1.0000 Fe+2 1.0000 succinic-acid -2.0000 H+,,Fe+2 2C+3 2C-2 4H+ 4O-2,organic_aq,
Fe(Succ)+,,FeC4H4O4+,aq,PSK99,,8/24/2006,HKF,cal,-180944,-230499,-9.3,-4.6,0,0,0,0,0,9.2484,-3.9715,0.6911,1,4,0,-1.0000 Fe(Succ)+ 1.0000 Fe+3 1.0000 succinic-acid -2.0000 H+,,Fe+3 2C+3 2C-2 4H+ 4O-2,organic_aq,
K(Succ)-,,KC4H4O4-,aq,PSK99,,8/24/2006,HKF,cal,-233063,-276729,50.7,31.5,0,0,0,0,0,31.8262,3.382,0.8611,-1,4,0,-1.0000 K(Succ)- 1.0000 K+ 1.0000 succinic-acid -2.0000 H+,,K+ 2C+3 2C-2 4H+ 4O-2,organic_aq,
Li(Succ)-,,LiC4H4O4-,aq,PSK99,,8/24/2006,HKF,cal,-235383,-280393,37.6,43.7,0,0,0,0,0,40.6322,5.8671,1.0592,-1,4,0,-1.0000 Li(Succ)- 1.0000 Li+ 1.0000 succinic-acid -2.0000 H+,,Li+ 2C+3 2C-2 4H+ 4O-2,organic_aq,
Mg(Succ),,MgC4H4O4,aq,PSK99,,8/24/2006,HKF,cal,-275327,-323172,13.4,24.2,0,0,0,0,0,21.4953,1.8949,0.1371,0,4,0,-1.0000 Mg(Succ) 1.0000 Mg+2 1.0000 succinic-acid -2.0000 H+,,Mg+2 2C+3 2C-2 4H+ 4O-2,organic_aq,
Mn(Succ),,MnC4H4O4,aq,PSK99,,8/24/2006,HKF,cal,-222564,-267487,23,25.4,0,0,0,0,0,20.9831,2.1394,-0.0083,0,4,0,-1.0000 Mn(Succ) 1.0000 Mn+2 1.0000 succinic-acid -2.0000 H+,,Mn+2 2C+3 2C-2 4H+ 4O-2,organic_aq,
Na(Succ)-,,NaC4H4O4-,aq,PSK99,,8/24/2006,HKF,cal,-228131,-273880,40.5,38.6,0,0,0,0,0,37.2808,4.8282,1.0158,-1,4,0,-1.0000 Na(Succ)- 1.0000 Na+ 1.0000 succinic-acid -2.0000 H+,,Na+ 2C+3 2C-2 4H+ 4O-2,organic_aq,
Ni(Succ),,NiC4H4O4,aq,PSK99,,8/24/2006,HKF,cal,-178473,-227715,8,17.8,0,0,0,0,0,18.428,0.5913,0.2188,0,4,0,-1.0000 Ni(Succ) 1.0000 Ni+2 1.0000 succinic-acid -2.0000 H+,,Ni+2 2C+3 2C-2 4H+ 4O-2,organic_aq,
Pb(Succ),,PbC4H4O4,aq,PSK99,,8/24/2006,HKF,cal,-175603,-212429,58,16.8,0,0,0,0,0,11.5118,0.3876,-0.5383,0,4,0,-1.0000 Pb(Succ) 1.0000 Pb+2 1.0000 succinic-acid -2.0000 H+,,Pb+2 2C+3 2C-2 4H+ 4O-2,organic_aq,
Sc(Succ)+,,ScC4H4O4+,aq,PSK99,,8/24/2006,HKF,cal,-311593,-360599,-5.7,-5.9,0,0,0,0,0,8.049,-4.2363,0.6388,1,4,0,-1.0000 Sc(Succ)+ 1.0000 Sc+3 1.0000 succinic-acid -2.0000 H+,,Sc+3 2C+3 2C-2 4H+ 4O-2,organic_aq,
Sm(Succ)+,,SmC4H4O4+,aq,PSK99,,8/24/2006,HKF,cal,-330384,-379793,1.3,-13.8,0,0,0,0,0,2.5301,-5.8456,0.5324,1,4,0,-1.0000 Sm(Succ)+ 1.0000 Sm+3 1.0000 succinic-acid -2.0000 H+,,Sm+3 2C+3 2C-2 4H+ 4O-2,organic_aq,
Sr(Succ),,SrC4H4O4,aq,PSK99,,8/24/2006,HKF,cal,-305007,-349088,30.7,19.5,0,0,0,0,0,16.4919,0.9172,-0.1249,0,4,0,-1.0000 Sr(Succ) 1.0000 Sr+2 1.0000 succinic-acid -2.0000 H+,,Sr+2 2C+3 2C-2 4H+ 4O-2,organic_aq,
Th(Succ)+2,,ThC4H4O4+2,aq,PSK99,,8/24/2006,HKF,cal,-342227,-397102,-36.5,29.7,0,0,0,0,0,37.0433,3.0153,1.6113,2,4,0,-1.0000 Th(Succ)+2 1.0000 Th+4 1.0000 succinic-acid -2.0000 H+,,Th+4 2C+3 2C-2 4H+ 4O-2,organic_aq,
U(Succ)+2,,UC4H4O4+2,aq,PSK99,,8/24/2006,HKF,cal,-298889,-352175,-31.9,30.1,0,0,0,0,0,36.6582,3.0968,1.5372,2,4,0,-1.0000 U(Succ)+2 1.0000 U+4 1.0000 succinic-acid -2.0000 H+,,U+4 2C+3 2C-2 4H+ 4O-2,organic_aq,
UO2(Succ),,UO2C4H4O4,aq,PSK99,,8/24/2006,HKF,cal,-399128,-457582,31,38.6,0,0,0,0,0,27.7064,4.8282,-0.1295,0,4,0,-1.0000 UO2(Succ) 1.0000 UO2+2 1.0000 succinic-acid -2.0000 H+,,U+6 2C+3 2C-2 4H+ 6O-2,organic_aq,
Zn(Succ),,ZnC4H4O4,aq,PSK99,,8/24/2006,HKF,cal,-203223,-249935,19.3,23.2,0,0,0,0,0,20.1623,1.6912,0.0477,0,4,0,-1.0000 Zn(Succ) 1.0000 Zn+2 1.0000 succinic-acid -2.0000 H+,,Zn+2 2C+3 2C-2 4H+ 4O-2,organic_aq,
Ba(Glut),,BaC5H6O4,aq,PSK99,,8/24/2006,HKF,cal,-300284,-350844,44.1,28,0,0,0,0,0,19.8355,2.669,-0.3278,0,4,0,-1.0000 Ba(Glut) 1.0000 Ba+2 1.0000 glutaric-acid -2.0000 H+,,Ba+2 2C+3 3C-2 6H+ 4O-2,organic_aq,
Ca(Glut),,CaC5H6O4,aq,PSK99,,8/24/2006,HKF,cal,-297828,-350078,33.3,32.8,0,0,0,0,0,24.0159,3.6468,-0.1643,0,4,0,-1.0000 Ca(Glut) 1.0000 Ca+2 1.0000 glutaric-acid -2.0000 H+,,Ca+2 2C+3 3C-2 6H+ 4O-2,organic_aq,
Cd(Glut),,CdC5H6O4,aq,PSK99,,8/24/2006,HKF,cal,-184704,-239925,25.8,36.8,0,0,0,0,0,27.3096,4.4616,-0.0507,0,4,0,-1.0000 Cd(Glut) 1.0000 Cd+2 1.0000 glutaric-acid -2.0000 H+,,Cd+2 2C+3 3C-2 6H+ 4O-2,organic_aq,
Co(Glut),,CoC5H6O4,aq,PSK99,,8/24/2006,HKF,cal,-179472,-233636,24.1,32.5,0,0,0,0,0,25.005,3.5856,-0.025,0,4,0,-1.0000 Co(Glut) 1.0000 Co+2 1.0000 glutaric-acid -2.0000 H+,,Co+2 2C+3 3C-2 6H+ 4O-2,organic_aq,
Cr(Glut),,CrC5H6O4,aq,PSK99,,8/24/2006,HKF,cal,-205917,-259066,26,33.1,0,0,0,0,0,25.116,3.7079,-0.0537,0,4,0,-1.0000 Cr(Glut) 1.0000 Cr+2 1.0000 glutaric-acid -2.0000 H+,,Cr+2 2C+3 3C-2 6H+ 4O-2,organic_aq,
Cu(Glut),,CuC5H6O4,aq,PSK99,,8/24/2006,HKF,cal,-152107,-207131,22,34.6,0,0,0,0,0,26.5015,4.0134,0.0068,0,4,0,-1.0000 Cu(Glut) 1.0000 Cu+2 1.0000 glutaric-acid -2.0000 H+,,Cu+2 2C+3 3C-2 6H+ 4O-2,organic_aq,
Er(Glut)+,,ErC5H6O4+,aq,PSK99,,8/24/2006,HKF,cal,-330056,-393643,2.9,6,0,0,0,0,0,13.9087,-1.8123,0.5055,1,4,0,-1.0000 Er(Glut)+ 1.0000 Er+3 1.0000 glutaric-acid -2.0000 H+,,Er+3 2C+3 3C-2 6H+ 4O-2,organic_aq,
Fe(Glut),,FeC5H6O4,aq,PSK99,,8/24/2006,HKF,cal,-188527,-242149,25.3,32.2,0,0,0,0,0,24.6773,3.5245,-0.0431,0,4,0,-1.0000 Fe(Glut) 1.0000 Fe+2 1.0000 glutaric-acid -2.0000 H+,,Fe+2 2C+3 3C-2 6H+ 4O-2,organic_aq,
Fe(Glut)+,,FeC5H6O4+,aq,PSK99,,8/24/2006,HKF,cal,-179243,-236521,-2.6,6.2,0,0,0,0,0,12.9716,-1.7716,0.3794,1,4,0,-1.0000 Fe(Glut)+ 1.0000 Fe+3 1.0000 glutaric-acid -2.0000 H+,,Fe+3 2C+3 3C-2 6H+ 4O-2,organic_aq,
K(Glut)-,,KC5H6O4-,aq,PSK99,,8/24/2006,HKF,cal,-232067,-282988,58.9,42.3,0,0,0,0,0,37.1189,5.5819,0.7371,-1,4,0,-1.0000 K(Glut)- 1.0000 K+ 1.0000 glutaric-acid -2.0000 H+,,K+ 2C+3 3C-2 6H+ 4O-2,organic_aq,
La(Glut)+,,LaC5H6O4+,aq,PSK99,,8/24/2006,HKF,cal,-333010,-389502,7.1,3.1,0,0,0,0,0,11.6926,-2.403,0.4437,1,4,0,-1.0000 La(Glut)+ 1.0000 La+3 1.0000 glutaric-acid -2.0000 H+,,La+3 2C+3 3C-2 6H+ 4O-2,organic_aq,
Li(Glut)-,,LiC5H6O4-,aq,PSK99,,8/24/2006,HKF,cal,-234473,-287207,44.3,54.5,0,0,0,0,0,46.1157,8.067,0.958,-1,4,0,-1.0000 Li(Glut)- 1.0000 Li+ 1.0000 glutaric-acid -2.0000 H+,,Li+ 2C+3 3C-2 6H+ 4O-2,organic_aq,
Mg(Glut),,MgC5H6O4,aq,PSK99,,8/24/2006,HKF,cal,-274469,-330037,20.1,35,0,0,0,0,0,26.9765,4.0949,0.0356,0,4,0,-1.0000 Mg(Glut) 1.0000 Mg+2 1.0000 glutaric-acid -2.0000 H+,,Mg+2 2C+3 3C-2 6H+ 4O-2,organic_aq,
Mn(Glut),,MnC5H6O4,aq,PSK99,,8/24/2006,HKF,cal,-220699,-272813,31.5,36.2,0,0,0,0,0,26.2365,4.3393,-0.137,0,4,0,-1.0000 Mn(Glut) 1.0000 Mn+2 1.0000 glutaric-acid -2.0000 H+,,Mn+2 2C+3 3C-2 6H+ 4O-2,organic_aq,
Na(Glut)-,,NaC5H6O4-,aq,PSK99,,8/24/2006,HKF,cal,-227181,-279214,52,49.4,0,0,0,0,0,42.1545,7.0282,0.8417,-1,4,0,-1.0000 Na(Glut)- 1.0000 Na+ 1.0000 glutaric-acid -2.0000 H+,,Na+ 2C+3 3C-2 6H+ 4O-2,organic_aq,
Ni(Glut),,NiC5H6O4,aq,PSK99,,8/24/2006,HKF,cal,-177781,-237520,5.4,28.6,0,0,0,0,0,25.0868,2.7912,0.2582,0,4,0,-1.0000 Ni(Glut) 1.0000 Ni+2 1.0000 glutaric-acid -2.0000 H+,,Ni+2 2C+3 3C-2 6H+ 4O-2,organic_aq,
Pb(Glut),,PbC5H6O4,aq,PSK99,,8/24/2006,HKF,cal,-174065,-224383,45.4,27.6,0,0,0,0,0,19.4366,2.5875,-0.3475,0,4,0,-1.0000 Pb(Glut) 1.0000 Pb+2 1.0000 glutaric-acid -2.0000 H+,,Pb+2 2C+3 3C-2 6H+ 4O-2,organic_aq,
Sc(Glut)+,,ScC5H6O4+,aq,PSK99,,8/24/2006,HKF,cal,-311666,-368395,1,4.9,0,0,0,0,0,13.5476,-2.0364,0.5394,1,4,0,-1.0000 Sc(Glut)+ 1.0000 Sc+3 1.0000 glutaric-acid -2.0000 H+,,Sc+3 2C+3 3C-2 6H+ 4O-2,organic_aq,
Sm(Glut)+,,SmC5H6O4+,aq,PSK99,,8/24/2006,HKF,cal,-328915,-386048,8,-3,0,0,0,0,0,8.0216,-3.6456,0.4322,1,4,0,-1.0000 Sm(Glut)+ 1.0000 Sm+3 1.0000 glutaric-acid -2.0000 H+,,Sm+3 2C+3 3C-2 6H+ 4O-2,organic_aq,
Sr(Glut),,SrC5H6O4,aq,PSK99,,8/24/2006,HKF,cal,-300514,-352318,37.4,30.2,0,0,0,0,0,21.9732,3.1171,-0.2264,0,4,0,-1.0000 Sr(Glut) 1.0000 Sr+2 1.0000 glutaric-acid -2.0000 H+,,Sr+2 2C+3 3C-2 6H+ 4O-2,organic_aq,
Th(Glut)+2,,ThC5H6O4+2,aq,PSK99,,8/24/2006,HKF,cal,-343991,-405398,-26.2,40.5,0,0,0,0,0,42.0857,5.2153,1.4574,2,4,0,-1.0000 Th(Glut)+2 1.0000 Th+4 1.0000 glutaric-acid -2.0000 H+,,Th+4 2C+3 3C-2 6H+ 4O-2,organic_aq,
UO2(Glut),,UO2C5H6O4,aq,PSK99,,8/24/2006,HKF,cal,-397086,-466597,26.5,49.4,0,0,0,0,0,34.6054,7.0282,-0.0613,0,4,0,-1.0000 UO2(Glut) 1.0000 UO2+2 1.0000 glutaric-acid -2.0000 H+,,U+6 2C+3 3C-2 6H+ 6O-2,organic_aq,
Y(Glut)+,,YC5H6O4+,aq,PSK99,,8/24/2006,HKF,cal,-333124,-390348,1.7,4.6,0,0,0,0,0,13.2562,-2.0975,0.5256,1,4,0,-1.0000 Y(Glut)+ 1.0000 Y+3 1.0000 glutaric-acid -2.0000 H+,,Y+3 2C+3 3C-2 6H+ 4O-2,organic_aq,
Zn(Glut),,ZnC5H6O4,aq,PSK99,,8/24/2006,HKF,cal,-202095,-259214,17,34,0,0,0,0,0,26.7828,3.8912,0.0825,0,4,0,-1.0000 Zn(Glut) 1.0000 Zn+2 1.0000 glutaric-acid -2.0000 H+,,Zn+2 2C+3 3C-2 6H+ 4O-2,organic_aq,
Ba(Adip),,BaC6H8O4,aq,PSK99,,8/24/2006,HKF,cal,-296040,-354324,50.8,44,0,0,0,0,0,28.3642,5.9282,-0.4293,0,4,0,-1.0000 Ba(Adip) 1.0000 Ba+2 1.0000 adipic-acid -2.0000 H+,,Ba+2 2C+3 4C-2 8H+ 4O-2,organic_aq,
Ca(Adip),,CaC6H8O4,aq,PSK99,,8/24/2006,HKF,cal,-294498,-354473,40,48.8,0,0,0,0,0,32.5446,6.906,-0.2657,0,4,0,-1.0000 Ca(Adip) 1.0000 Ca+2 1.0000 adipic-acid -2.0000 H+,,Ca+2 2C+3 4C-2 8H+ 4O-2,organic_aq,
Cd(Adip),,CdC6H8O4,aq,PSK99,,8/24/2006,HKF,cal,-180774,-242268,37.4,52.8,0,0,0,0,0,35.218,7.7208,-0.2264,0,4,0,-1.0000 Cd(Adip) 1.0000 Cd+2 1.0000 adipic-acid -2.0000 H+,,Cd+2 2C+3 4C-2 8H+ 4O-2,organic_aq,
Co(Adip),,CoC6H8O4,aq,PSK99,,8/24/2006,HKF,cal,-174846,-236734,30.8,48.5,0,0,0,0,0,33.5335,6.8449,-0.1264,0,4,0,-1.0000 Co(Adip) 1.0000 Co+2 1.0000 adipic-acid -2.0000 H+,,Co+2 2C+3 4C-2 8H+ 4O-2,organic_aq,
Cr(Adip),,CrC6H8O4,aq,PSK99,,8/24/2006,HKF,cal,-201745,-262618,32.7,49.1,0,0,0,0,0,33.6447,6.9671,-0.1552,0,4,0,-1.0000 Cr(Adip) 1.0000 Cr+2 1.0000 adipic-acid -2.0000 H+,,Cr+2 2C+3 4C-2 8H+ 4O-2,organic_aq,
Cu(Adip),,CuC6H8O4,aq,PSK99,,8/24/2006,HKF,cal,-147836,-209175,33.4,50.6,0,0,0,0,0,34.4353,7.2726,-0.1658,0,4,0,-1.0000 Cu(Adip) 1.0000 Cu+2 1.0000 adipic-acid -2.0000 H+,,Cu+2 2C+3 4C-2 8H+ 4O-2,organic_aq,
Fe(Adip),,FeC6H8O4,aq,PSK99,,8/24/2006,HKF,cal,-184250,-245597,32,48.2,0,0,0,0,0,33.206,6.7837,-0.1446,0,4,0,-1.0000 Fe(Adip) 1.0000 Fe+2 1.0000 adipic-acid -2.0000 H+,,Fe+2 2C+3 4C-2 8H+ 4O-2,organic_aq,
K(Adip)-,,KC6H8O4-,aq,PSK99,,8/24/2006,HKF,cal,-227987,-286631,65.6,18.3,0,0,0,0,0,22.2054,0.6931,0.6356,-1,4,0,-1.0000 K(Adip)- 1.0000 K+ 1.0000 adipic-acid -2.0000 H+,,K+ 2C+3 4C-2 8H+ 4O-2,organic_aq,
La(Adip)+,,LaC6H8O4+,aq,PSK99,,8/24/2006,HKF,cal,-328984,-393200,13.8,19.1,0,0,0,0,0,20.2397,0.8561,0.3444,1,4,0,-1.0000 La(Adip)+ 1.0000 La+3 1.0000 adipic-acid -2.0000 H+,,La+3 2C+3 4C-2 8H+ 4O-2,organic_aq,
Li(Adip)-,,LiC6H8O4-,aq,PSK99,,8/24/2006,HKF,cal,-230393,-290850,51,70.5,0,0,0,0,0,54.6467,11.3262,0.8568,-1,4,0,-1.0000 Li(Adip)- 1.0000 Li+ 1.0000 adipic-acid -2.0000 H+,,Li+ 2C+3 4C-2 8H+ 4O-2,organic_aq,
Mg(Adip),,MgC6H8O4,aq,PSK99,,8/24/2006,HKF,cal,-270712,-334004,26.8,51,0,0,0,0,0,35.5052,7.3541,-0.0659,0,4,0,-1.0000 Mg(Adip) 1.0000 Mg+2 1.0000 adipic-acid -2.0000 H+,,Mg+2 2C+3 4C-2 8H+ 4O-2,organic_aq,
Mn(Adip),,MnC6H8O4,aq,PSK99,,8/24/2006,HKF,cal,-217414,-277252,38.2,52.2,0,0,0,0,0,34.7653,7.5985,-0.2385,0,4,0,-1.0000 Mn(Adip) 1.0000 Mn+2 1.0000 adipic-acid -2.0000 H+,,Mn+2 2C+3 4C-2 8H+ 4O-2,organic_aq,
Na(Adip)-,,NaC6H8O4-,aq,PSK99,,8/24/2006,HKF,cal,-223101,-282857,58.7,25.4,0,0,0,0,0,27.2406,2.1394,0.7402,-1,4,0,-1.0000 Na(Adip)- 1.0000 Na+ 1.0000 adipic-acid -2.0000 H+,,Na+ 2C+3 4C-2 8H+ 4O-2,organic_aq,
Ni(Adip),,NiC6H8O4,aq,PSK99,,8/24/2006,HKF,cal,-172446,-235092,28.3,44.6,0,0,0,0,0,31.5645,6.0504,-0.0886,0,4,0,-1.0000 Ni(Adip) 1.0000 Ni+2 1.0000 adipic-acid -2.0000 H+,,Ni+2 2C+3 4C-2 8H+ 4O-2,organic_aq,
Pb(Adip),,PbC6H8O4,aq,PSK99,,8/24/2006,HKF,cal,-169999,-228040,52.1,43.6,0,0,0,0,0,27.9653,5.8467,-0.449,0,4,0,-1.0000 Pb(Adip) 1.0000 Pb+2 1.0000 adipic-acid -2.0000 H+,,Pb+2 2C+3 4C-2 8H+ 4O-2,organic_aq,
Sc(Adip)+,,ScC6H8O4+,aq,PSK99,,8/24/2006,HKF,cal,-308486,-372939,7.7,20.9,0,0,0,0,0,22.0765,1.2227,0.4379,1,4,0,-1.0000 Sc(Adip)+ 1.0000 Sc+3 1.0000 adipic-acid -2.0000 H+,,Sc+3 2C+3 4C-2 8H+ 4O-2,organic_aq,
Sr(Adip),,SrC6H8O4,aq,PSK99,,8/24/2006,HKF,cal,-296914,-356443,44.1,46.2,0,0,0,0,0,30.5019,6.3763,-0.3278,0,4,0,-1.0000 Sr(Adip) 1.0000 Sr+2 1.0000 adipic-acid -2.0000 H+,,Sr+2 2C+3 4C-2 8H+ 4O-2,organic_aq,
Th(Adip)+2,,ThC6H8O4+2,aq,PSK99,,8/24/2006,HKF,cal,-335668,-404798,-19.5,56.5,0,0,0,0,0,50.6089,8.4745,1.3552,2,4,0,-1.0000 Th(Adip)+2 1.0000 Th+4 1.0000 adipic-acid -2.0000 H+,,Th+4 2C+3 4C-2 8H+ 4O-2,organic_aq,
U(Adip)+2,,UC6H8O4+2,aq,PSK99,,8/24/2006,HKF,cal,-293872,-362605,-18.5,56.9,0,0,0,0,0,50.6956,8.5559,1.3375,2,4,0,-1.0000 U(Adip)+2 1.0000 U+4 1.0000 adipic-acid -2.0000 H+,,U+4 2C+3 4C-2 8H+ 4O-2,organic_aq,
UO2(Adip),,UO2C6H8O4,aq,PSK99,,8/24/2006,HKF,cal,-393770,-471004,33.2,65.4,0,0,0,0,0,43.1342,10.2874,-0.1628,0,4,0,-1.0000 UO2(Adip) 1.0000 UO2+2 1.0000 adipic-acid -2.0000 H+,,U+6 2C+3 4C-2 8H+ 6O-2,organic_aq,
Zn(Adip),,ZnC6H8O4,aq,PSK99,,8/24/2006,HKF,cal,-197865,-260417,31.4,50,0,0,0,0,0,34.3368,7.1504,-0.1355,0,4,0,-1.0000 Zn(Adip) 1.0000 Zn+2 1.0000 adipic-acid -2.0000 H+,,Zn+2 2C+3 4C-2 8H+ 4O-2,organic_aq,
UO2(Pime),,UO2C7H10O4,aq,PSK99,,8/24/2006,HKF,cal,-393281,-478239,39.9,83.3,0,0,0,0,0,52.7765,13.9336,-0.2642,0,4,0,-1.0000 UO2(Pime) 1.0000 UO2+2 1.0000 pimelic-acid -2.0000 H+,,U+6 2C+3 5C-2 10H+ 6O-2,organic_aq,
Am(Prop)+2,Am(Prop)+2,AmCH3CH2CO2+2,aq,MS99,,1/25/1999,HKF,cal,-233450,-275460,-28,,,4.8782,4.1327,4.1187,-2.9498,84.5913,19.4948,1.4769,2,4,0,-1.0000 Am(Prop)+2 1.0000 Am+3 1.0000 propanoic-acid -1.0000 H+,,Am+3 C+3 C-3 C-2 5H+ 2O-2,organic_aq,
Am(Prop)2+,Am(Prop)2+,Am(CH3CH2CO2)2+,aq,MS99,,1/25/1999,HKF,cal,-322480,-401070,-3.9,,,13.6283,25.4982,-4.2788,-3.833,166.3624,50.6784,0.6143,1,4,0,-1.0000 Am(Prop)2+ 1.0000 Am+3 2.0000 propanoic-acid -2.0000 H+,,Am+3 2C+3 2C-3 2C-2 10H+ 4O-2,organic_aq,
Ba(Prop)+,,BaCH3CH2CO2+,aq,SK95,,9/15/1993,HKF,cal,-221005,-248190,39.347,118.2,49.9,8.572,13.1515,0.5756,-3.3226,75.0141,21.0377,-0.0446,1,4,0,-1.0000 Ba(Prop)+ 1.0000 Ba+2 1.0000 propanoic-acid -1.0000 H+,,Ba+2 C+3 C-3 C-2 5H+ 2O-2,organic_aq,
Ba(Prop)2,,Ba(CH3CH2CO2)2,aq,SK95,,9/15/1993,HKF,cal,-307529,-368336,73.356,276.3,119.4,18.0991,36.4138,-8.5671,-4.2842,167.7909,53.2379,-0.03,0,4,0,-1.0000 Ba(Prop)2 1.0000 Ba+2 2.0000 propanoic-acid -2.0000 H+,,Ba+2 2C+3 2C-3 2C-2 10H+ 4O-2,organic_aq,
Ca(Prop)+,,CaCH3CH2CO2+,aq,SK95,,9/15/1993,HKF,cal,-219818,-251925,17.805,128.9,43.8,7.8503,11.3857,1.2776,-3.2496,84.3239,23.2239,0.2832,1,4,0,-1.0000 Ca(Prop)+ 1.0000 Ca+2 1.0000 propanoic-acid -1.0000 H+,,Ca+2 C+3 C-3 C-2 5H+ 2O-2,organic_aq,
Ca(Prop)2,,Ca(CH3CH2CO2)2,aq,SK95,,9/15/1993,HKF,cal,-306942,-374653,45.165,297.2,112.7,17.1716,34.1451,-7.6668,-4.1905,180.0633,57.5034,-0.03,0,4,0,-1.0000 Ca(Prop)2 1.0000 Ca+2 2.0000 propanoic-acid -2.0000 H+,,Ca+2 2C+3 2C-3 2C-2 10H+ 4O-2,organic_aq,
Cd(Prop)+,,CdCH3CH2CO2+,aq,SK95,,9/15/1993,HKF,cal,-107908,-142338,12.488,138,46.5,8.2526,12.366,0.8957,-3.2901,90.3786,25.071,0.3636,1,4,0,-1.0000 Cd(Prop)+ 1.0000 Cd+2 1.0000 propanoic-acid -1.0000 H+,,Cd+2 C+3 C-3 C-2 5H+ 2O-2,organic_aq,
Cd(Prop)2,,Cd(CH3CH2CO2)2,aq,SK95,,9/15/1993,HKF,cal,-196520,-267043,38.207,314.9,115.7,17.5895,35.1655,-8.0682,-4.2326,190.4317,61.1072,-0.03,0,4,0,-1.0000 Cd(Prop)2 1.0000 Cd+2 2.0000 propanoic-acid -2.0000 H+,,Cd+2 2C+3 2C-3 2C-2 10H+ 4O-2,organic_aq,
Co(Prop)+,,CoCH3CH2CO2+,aq,SK95,,9/15/1993,HKF,cal,-101557,-138347,-0.601,128.3,36.7,6.9775,9.2545,2.1152,-3.1615,86.5252,23.1002,0.5608,1,4,0,-1.0000 Co(Prop)+ 1.0000 Co+2 1.0000 propanoic-acid -1.0000 H+,,Co+2 C+3 C-3 C-2 5H+ 2O-2,organic_aq,
Co(Prop)2,,Co(CH3CH2CO2)2,aq,SK95,,9/15/1993,HKF,cal,-189405,-263492,21.078,296,104.8,16.0946,31.5192,-6.6433,-4.0819,179.3685,57.262,-0.03,0,4,0,-1.0000 Co(Prop)2 1.0000 Co+2 2.0000 propanoic-acid -2.0000 H+,,Co+2 2C+3 2C-3 2C-2 10H+ 4O-2,organic_aq,
Cu(Prop)+,,CuCH3CH2CO2+,aq,SK95,,8/16/1993,HKF,cal,-74124,-109577,4.58,133,36.5,6.9197,9.1126,2.1719,-3.1556,88.5486,24.0627,0.4799,1,4,0,-1.0000 Cu(Prop)+ 1.0000 Cu+2 1.0000 propanoic-acid -1.0000 H+,,Cu+2 C+3 C-3 C-2 5H+ 2O-2,organic_aq,
Cu(Prop)2,,Cu(CH3CH2CO2)2,aq,SK95,,8/16/1993,HKF,cal,-162995,-235268,27.858,305.2,104.5,16.0606,31.4336,-6.6036,-4.0784,184.7714,59.1399,-0.03,0,4,0,-1.0000 Cu(Prop)2 1.0000 Cu+2 2.0000 propanoic-acid -2.0000 H+,,Cu+2 2C+3 2C-3 2C-2 10H+ 4O-2,organic_aq,
Eu(Prop)+,,EuCH3CH2CO2+,aq,SK95,SLOP16.6,9/15/1993,HKF,cal,-216648,-246840,32.939,159.4,61.4,10.1903,17.0986,-0.9659,-3.4858,100.0361,29.4251,0.0521,1,4,0,-1.0000 Eu(Prop)+ 1.0000 Eu+2 1.0000 propanoic-acid -1.0000 H+,,Eu+2 C+3 C-3 C-2 5H+ 2O-2,organic_aq,
Eu(Prop)+2,,EuCH3CH2CO2+2,aq,SK95,,9/15/1993,HKF,cal,-227972,-270831,-25.156,108.8,17.9,4.6974,3.6905,4.2941,-2.9315,83.18,19.128,1.4382,2,4,0,-1.0000 Eu(Prop)+2 1.0000 Eu+3 1.0000 propanoic-acid -1.0000 H+,,Eu+3 C+3 C-3 C-2 5H+ 2O-2,organic_aq,
Eu(Prop)2,,Eu(CH3CH2CO2)2,aq,SK95,,9/15/1993,HKF,cal,-303186,-367621,64.97,356.6,132.4,19.8658,40.727,-10.2606,-4.4626,214.8734,69.6025,-0.03,0,4,0,-1.0000 Eu(Prop)2 1.0000 Eu+2 2.0000 propanoic-acid -2.0000 H+,,Eu+2 2C+3 2C-3 2C-2 10H+ 4O-2,organic_aq,
Eu(Prop)2+,,Eu(CH3CH2CO2)2+,aq,SK95,,6/2/1998,HKF,cal,-317566,-396115,1.913,260.2,83.8,13.4114,24.9646,-4.0601,-3.8109,163.4871,49.963,0.5256,1,4,0,-1.0000 Eu(Prop)2+ 1.0000 Eu+3 2.0000 propanoic-acid -2.0000 H+,,Eu+3 2C+3 2C-3 2C-2 10H+ 4O-2,organic_aq,
Fe(Prop)+,,FeCH3CH2CO2+,aq,SK95,SLOP16.6,6/2/1998,HKF,cal,-110833,-146858,1.308,127.6,39.2,7.3034,10.0542,1.7914,-3.1945,85.8682,22.9627,0.5324,1,4,0,-1.0000 Fe(Prop)+ 1.0000 Fe+2 1.0000 propanoic-acid -1.0000 H+,,Fe+2 C+3 C-3 C-2 5H+ 2O-2,organic_aq,
Fe(Prop)2,,Fe(CH3CH2CO2)2,aq,SK95,SLOP16.6,6/2/1998,HKF,cal,-199008,-272176,23.576,294.7,107.5,16.4683,32.4309,-6.9996,-4.1196,178.5967,56.9937,-0.03,0,4,0,-1.0000 Fe(Prop)2 1.0000 Fe+2 2.0000 propanoic-acid -2.0000 H+,,Fe+2 2C+3 2C-3 2C-2 10H+ 4O-2,organic_aq,
Gd(Prop)+2,,GdCH3CH2CO2+2,aq,SK95,,8/16/1993,HKF,cal,-249081,-289666,-19.767,110.4,18.9,4.8065,3.9537,4.1983,-2.9423,83.3388,19.4489,1.3552,2,4,0,-1.0000 Gd(Prop)+2 1.0000 Gd+3 1.0000 propanoic-acid -1.0000 H+,,Gd+3 C+3 C-3 C-2 5H+ 2O-2,organic_aq,
Gd(Prop)2+,,Gd(CH3CH2CO2)2+,aq,SK95,,8/16/1993,HKF,cal,-338525,-414216,9.261,263.3,84.9,13.5253,25.2465,-4.1796,-3.8226,164.2235,50.589,0.41,1,4,0,-1.0000 Gd(Prop)2+ 1.0000 Gd+3 2.0000 propanoic-acid -2.0000 H+,,Gd+3 2C+3 2C-3 2C-2 10H+ 4O-2,organic_aq,
K(Prop),,KCH3CH2CO2,aq,SK95,,9/15/1993,HKF,cal,-154321,-182101,53.468,105,74,11.8793,21.2223,-2.586,-3.6562,67.4299,18.355,-0.03,0,4,0,-1.0000 K(Prop) 1.0000 K+ 1.0000 propanoic-acid -1.0000 H+,,K+ C+3 C-3 C-2 5H+ 2O-2,organic_aq,
K(Prop)2-,,K(CH3CH2CO2)2-,aq,SK95,,9/15/1993,HKF,cal,-240709,-306125,74.011,248.3,146.3,21.9605,45.8408,-12.2686,-4.674,156.392,47.5525,0.5082,-1,4,0,-1.0000 K(Prop)2- 1.0000 K+ 2.0000 propanoic-acid -2.0000 H+,,K+ 2C+3 2C-3 2C-2 10H+ 4O-2,organic_aq,
La(Prop)+2,,LaCH3CH2CO2+2,aq,SK95,,9/15/1993,HKF,cal,-254208,-295142,-23.738,107.5,20.9,5.1026,4.6756,3.9168,-2.9722,82.2145,18.853,1.4192,2,4,0,-1.0000 La(Prop)+2 1.0000 La+3 1.0000 propanoic-acid -1.0000 H+,,La+3 C+3 C-3 C-2 5H+ 2O-2,organic_aq,
La(Prop)2+,,La(CH3CH2CO2)2+,aq,SK95,,9/15/1993,HKF,cal,-343420,-419891,3.847,257.5,87.2,13.8589,26.0573,-4.4896,-3.8561,161.6388,49.4265,0.4925,1,4,0,-1.0000 La(Prop)2+ 1.0000 La+3 2.0000 propanoic-acid -2.0000 H+,,La+3 2C+3 2C-3 2C-2 10H+ 4O-2,organic_aq,
Mg(Prop)+,,MgCH3CH2CO2+,aq,SK95,,9/15/1993,HKF,cal,-196257,-235660,-8.782,133.8,39.9,7.453,10.4173,1.6547,-3.2096,90.8863,24.2277,0.6821,1,4,0,-1.0000 Mg(Prop)+ 1.0000 Mg+2 1.0000 propanoic-acid -1.0000 H+,,Mg+2 C+3 C-3 C-2 5H+ 2O-2,organic_aq,
Mg(Prop)2,,Mg(CH3CH2CO2)2,aq,SK95,,9/15/1993,HKF,cal,-283437,-360889,10.373,306.8,108.3,16.5787,32.697,-7.0965,-4.1306,185.6977,59.4618,-0.03,0,4,0,-1.0000 Mg(Prop)2 1.0000 Mg+2 2.0000 propanoic-acid -2.0000 H+,,Mg+2 2C+3 2C-3 2C-2 10H+ 4O-2,organic_aq,
Mn(Prop)+,,MnCH3CH2CO2+,aq,SK95,,9/15/1993,HKF,cal,-143016,-176112,12.215,136.6,44.8,8.0255,11.8128,1.1111,-3.2672,89.6329,24.796,0.3686,1,4,0,-1.0000 Mn(Prop)+ 1.0000 Mn+2 1.0000 propanoic-acid -1.0000 H+,,Mn+2 C+3 C-3 C-2 5H+ 2O-2,organic_aq,
Mn(Prop)2,,Mn(CH3CH2CO2)2,aq,SK95,,9/15/1993,HKF,cal,-230823,-300037,37.85,312.3,113.9,17.3347,34.5476,-7.8345,-4.2071,188.8879,60.5707,-0.03,0,4,0,-1.0000 Mn(Prop)2 1.0000 Mn+2 2.0000 propanoic-acid -2.0000 H+,,Mn+2 2C+3 2C-3 2C-2 10H+ 4O-2,organic_aq,
Na(Prop),,NaCH3CH2CO2,aq,SK95,,8/16/1993,HKF,cal,-149429,-180229,40.133,120.9,62.7,10.3288,17.4408,-1.11,-3.4999,76.766,21.5999,-0.03,0,4,0,-1.0000 Na(Prop) 1.0000 Na+ 1.0000 propanoic-acid -1.0000 H+,,Na+ C+3 C-3 C-2 5H+ 2O-2,organic_aq,
Na(Prop)2-,,Na(CH3CH2CO2)2-,aq,SK95,,8/16/1993,HKF,cal,-235845,-305289,57.291,279.4,133.7,20.3185,41.8311,-10.6923,-4.5082,176.9413,53.8837,0.7616,-1,4,0,-1.0000 Na(Prop)2- 1.0000 Na+ 2.0000 propanoic-acid -2.0000 H+,,Na+ 2C+3 2C-3 2C-2 10H+ 4O-2,organic_aq,
Ni(Prop)+,,NiCH3CH2CO2+,aq,SK95,,9/15/1993,HKF,cal,-99635,-137936,-5.782,119.5,31.6,6.3025,7.6097,2.7546,-3.0935,82.101,21.3127,0.6388,1,4,0,-1.0000 Ni(Prop)+ 1.0000 Ni+2 1.0000 propanoic-acid -1.0000 H+,,Ni+2 C+3 C-3 C-2 5H+ 2O-2,organic_aq,
Ni(Prop)2,,Ni(CH3CH2CO2)2,aq,SK95,,9/15/1993,HKF,cal,-187632,-263708,14.298,278.9,99.1,15.3131,29.6105,-5.8911,-4.003,169.3347,53.7744,-0.03,0,4,0,-1.0000 Ni(Prop)2 1.0000 Ni+2 2.0000 propanoic-acid -2.0000 H+,,Ni+2 2C+3 2C-3 2C-2 10H+ 4O-2,organic_aq,
Pb(Prop)+,,PbCH3CH2CO2+,aq,SK95,,8/16/1993,HKF,cal,-95672,-122252,41.938,117.3,46.5,8.1013,12.0011,1.0303,-3.275,74.1249,20.8544,-0.0838,1,4,0,-1.0000 Pb(Prop)+ 1.0000 Pb+2 1.0000 propanoic-acid -1.0000 H+,,Pb+2 C+3 C-3 C-2 5H+ 2O-2,organic_aq,
Pb(Prop)2,,Pb(CH3CH2CO2)2,aq,SK95,,8/16/1993,HKF,cal,-184202,-244164,76.746,274.5,115.7,17.5895,35.1655,-8.0682,-4.2326,166.7618,52.8802,-0.03,0,4,0,-1.0000 Pb(Prop)2 1.0000 Pb+2 2.0000 propanoic-acid -2.0000 H+,,Pb+2 2C+3 2C-3 2C-2 10H+ 4O-2,organic_aq,
Sr(Prop)+,,SrCH3CH2CO2+,aq,SK95,,9/15/1993,HKF,cal,-221857,-252548,25.945,123.2,44.5,7.9074,11.5294,1.2116,-3.2555,79.8554,22.069,0.1589,1,4,0,-1.0000 Sr(Prop)+ 1.0000 Sr+2 1.0000 propanoic-acid -1.0000 H+,,Sr+2 C+3 C-3 C-2 5H+ 2O-2,organic_aq,
Sr(Prop)2,,Sr(CH3CH2CO2)2,aq,SK95,,9/15/1993,HKF,cal,-308491,-374036,55.817,286.1,113.5,17.282,34.4174,-7.7796,-4.2017,173.5798,55.2499,-0.03,0,4,0,-1.0000 Sr(Prop)2 1.0000 Sr+2 2.0000 propanoic-acid -2.0000 H+,,Sr+2 2C+3 2C-3 2C-2 10H+ 4O-2,organic_aq,
U(Prop)+2,,UCH3CH2CO2+2,aq,SK95,,9/15/1993,HKF,cal,-204317,-242266,-15.37,108.1,21,5.0757,4.615,3.9293,-2.9697,81.4601,18.9905,1.2944,2,4,0,-1.0000 U(Prop)+2 1.0000 U+3 1.0000 propanoic-acid -1.0000 H+,,U+3 C+3 C-3 C-2 5H+ 2O-2,organic_aq,
U(Prop)2+,,U(CH3CH2CO2)2+,aq,SK95,,9/15/1993,HKF,cal,-293529,-366108,15.255,258.7,87.3,13.8181,25.9582,-4.4517,-3.852,160.8356,49.6947,0.3215,1,4,0,-1.0000 U(Prop)2+ 1.0000 U+3 2.0000 propanoic-acid -2.0000 H+,,U+3 2C+3 2C-3 2C-2 10H+ 4O-2,organic_aq,
Yb(Prop)+2,,YbCH3CH2CO2+2,aq,SK95,,9/15/1993,HKF,cal,-243276,-286522,-30.687,109.3,14.3,4.2395,2.5689,4.7426,-2.8851,84.2616,19.2197,1.5269,2,4,0,-1.0000 Yb(Prop)+2 1.0000 Yb+3 1.0000 propanoic-acid -1.0000 H+,,Yb+3 C+3 C-3 C-2 5H+ 2O-2,organic_aq,
Yb(Prop)2+,,Yb(CH3CH2CO2)2+,aq,SK95,,9/15/1993,HKF,cal,-332543,-412078,-5.628,261.5,79.8,12.9061,23.73,-3.5735,-3.7599,165.0447,50.1419,0.6388,1,4,0,-1.0000 Yb(Prop)2+ 1.0000 Yb+3 2.0000 propanoic-acid -2.0000 H+,,Yb+3 2C+3 2C-3 2C-2 10H+ 4O-2,organic_aq,
Zn(Prop)+,,ZnCH3CH2CO2+,aq,SK95,,9/15/1993,HKF,cal,-123675,-160939,0.49,131.7,36.8,6.9879,9.2834,2.0962,-3.1627,88.3708,23.7877,0.5464,1,4,0,-1.0000 Zn(Prop)+ 1.0000 Zn+2 1.0000 propanoic-acid -1.0000 H+,,Zn+2 C+3 C-3 C-2 5H+ 2O-2,organic_aq,
Zn(Prop)2,,Zn(CH3CH2CO2)2,aq,SK95,,9/15/1993,HKF,cal,-211455,-285915,22.506,302.6,104.9,16.1116,31.5558,-6.6473,-4.0834,183.2279,58.6033,-0.03,0,4,0,-1.0000 Zn(Prop)2 1.0000 Zn+2 2.0000 propanoic-acid -2.0000 H+,,Zn+2 2C+3 2C-3 2C-2 10H+ 4O-2,organic_aq,
Am(But)+2,Am(But)+2,AmCH3(CH2)2CO2+2,aq,MS99,,1/25/1999,HKF,cal,-231320,-283770,-30.4,,,6.9922,9.2945,2.0899,-3.1632,99.7521,24.6365,1.5168,2,4,0,-1.0000 Am(But)+2 1.0000 Am+3 1.0000 n-butanoic-acid -1.0000 H+,,Am+3 C+3 C-3 2C-2 7H+ 2O-2,organic_aq,
Am(But)2+,Am(But)2+,Am(CH3CH2CH2CO2)2+,aq,MS99,,1/25/1999,HKF,cal,-318540,-416630,-4.2,,,18.0692,36.3415,-8.5407,-4.2813,201.6874,62.9565,0.6143,1,4,0,-1.0000 Am(But)2+ 1.0000 Am+3 2.0000 n-butanoic-acid -2.0000 H+,,Am+3 2C+3 2C-3 4C-2 14H+ 4O-2,organic_aq,
Ba(But)+,,BaCH3(CH2)2CO2+,aq,SK95,SLOP16.6,6/2/1998,HKF,cal,-218640,-253970,44.647,143.4,65.2,10.6454,18.215,-1.416,-3.5319,89.0694,26.1794,-0.1247,1,4,0,-1.0000 Ba(But)+ 1.0000 Ba+2 1.0000 n-butanoic-acid -1.0000 H+,,Ba+2 C+3 C-3 2C-2 7H+ 2O-2,organic_aq,
Ba(But)2,,Ba(CH3CH2CH2CO2)2,aq,SK95,SLOP16.6,6/2/1998,HKF,cal,-302827,-379450,85.592,336.5,151.9,22.5399,47.2556,-12.8248,-4.7324,203.116,65.5159,-0.03,0,4,0,-1.0000 Ba(But)2 1.0000 Ba+2 2.0000 n-butanoic-acid -2.0000 H+,,Ba+2 2C+3 2C-3 4C-2 14H+ 4O-2,organic_aq,
Ca(But)+,,CaCH3(CH2)2CO2+,aq,SK95,SLOP16.6,6/2/1998,HKF,cal,-217467,-257740,23.105,154.2,59.1,9.9235,16.4497,-0.7166,-3.4589,98.3731,28.3657,0.2025,1,4,0,-1.0000 Ca(But)+ 1.0000 Ca+2 1.0000 n-butanoic-acid -1.0000 H+,,Ca+2 C+3 C-3 2C-2 7H+ 2O-2,organic_aq,
Ca(But)2,,Ca(CH3CH2CH2CO2)2,aq,SK95,SLOP16.6,6/2/1998,HKF,cal,-302268,-385820,57.401,357.5,145.1,21.6124,44.9931,-11.9404,-4.6389,215.3882,69.7815,-0.03,0,4,0,-1.0000 Ca(But)2 1.0000 Ca+2 2.0000 n-butanoic-acid -2.0000 H+,,Ca+2 2C+3 2C-3 4C-2 14H+ 4O-2,organic_aq,
Cd(But)+,,CdCH3(CH2)2CO2+,aq,SK95,SLOP16.6,6/2/1998,HKF,cal,-105285,-147864,17.788,163.2,61.9,10.3259,17.4297,-1.097,-3.4994,104.4311,30.2127,0.2832,1,4,0,-1.0000 Cd(But)+ 1.0000 Cd+2 1.0000 n-butanoic-acid -1.0000 H+,,Cd+2 C+3 C-3 2C-2 7H+ 2O-2,organic_aq,
Cd(But)2,,Cd(CH3CH2CH2CO2)2,aq,SK95,SLOP16.6,6/2/1998,HKF,cal,-191463,-277809,50.443,375.2,148.2,22.0303,46.0136,-12.3417,-4.6811,225.7566,73.3853,-0.03,0,4,0,-1.0000 Cd(But)2 1.0000 Cd+2 2.0000 n-butanoic-acid -2.0000 H+,,Cd+2 2C+3 2C-3 4C-2 14H+ 4O-2,organic_aq,
Co(But)+,,CoCH3(CH2)2CO2+,aq,SK95,SLOP16.6,6/2/1998,HKF,cal,-99984,-144915,4.699,153.5,52.1,9.0507,14.3185,0.12,-3.3708,100.5727,28.2419,0.4799,1,4,0,-1.0000 Co(But)+ 1.0000 Co+2 1.0000 n-butanoic-acid -1.0000 H+,,Co+2 C+3 C-3 2C-2 7H+ 2O-2,organic_aq,
Co(But)2,,Co(CH3CH2CH2CO2)2,aq,SK95,SLOP16.6,6/2/1998,HKF,cal,-186135,-276039,33.314,356.3,137.2,20.5354,42.361,-10.9009,-4.5301,214.6936,69.54,-0.03,0,4,0,-1.0000 Co(But)2 1.0000 Co+2 2.0000 n-butanoic-acid -2.0000 H+,,Co+2 2C+3 2C-3 4C-2 14H+ 4O-2,organic_aq,
Cu(But)+,,CuCH3(CH2)2CO2+,aq,SK95,SLOP16.6,6/2/1998,HKF,cal,-71854,-115462,9.88,158.3,51.8,8.9947,14.1844,0.1682,-3.3653,102.6486,29.2044,0.4046,1,4,0,-1.0000 Cu(But)+ 1.0000 Cu+2 1.0000 n-butanoic-acid -1.0000 H+,,Cu+2 C+3 C-3 2C-2 7H+ 2O-2,organic_aq,
Cu(But)2,,Cu(CH3CH2CH2CO2)2,aq,SK95,SLOP16.6,6/2/1998,HKF,cal,-158470,-246574,40.094,365.5,137,20.5014,42.2754,-10.8613,-4.5266,220.0963,71.418,-0.03,0,4,0,-1.0000 Cu(But)2 1.0000 Cu+2 2.0000 n-butanoic-acid -2.0000 H+,,Cu+2 2C+3 2C-3 4C-2 14H+ 4O-2,organic_aq,
Eu(But)+,,EuCH3(CH2)2CO2+,aq,SK95,SLOP16.6,6/2/1998,HKF,cal,-214119,-252667,38.239,184.6,76.8,12.2638,22.1618,-2.957,-3.6951,114.0923,34.5668,-0.0278,1,4,0,-1.0000 Eu(But)+ 1.0000 Eu+2 1.0000 n-butanoic-acid -1.0000 H+,,Eu+2 C+3 C-3 2C-2 7H+ 2O-2,organic_aq,
Eu(But)+2,,EuCH3(CH2)2CO2+2,aq,SK95,SLOP16.6,6/2/1998,HKF,cal,-225716,-276714,-19.856,134,33.2,6.7698,8.7503,2.3069,-3.1406,97.2089,24.2698,1.3552,2,4,0,-1.0000 Eu(But)+2 1.0000 Eu+3 1.0000 n-butanoic-acid -1.0000 H+,,Eu+3 C+3 C-3 2C-2 7H+ 2O-2,organic_aq,
Eu(But)2,,Eu(CH3CH2CH2CO2)2,aq,SK95,SLOP16.6,6/2/1998,HKF,cal,-298525,-378958,77.206,416.9,164.8,24.3067,51.5686,-14.5188,-4.9107,250.1983,81.8806,-0.03,0,4,0,-1.0000 Eu(But)2 1.0000 Eu+2 2.0000 n-butanoic-acid -2.0000 H+,,Eu+2 2C+3 2C-3 4C-2 14H+ 4O-2,organic_aq,
Eu(But)2+,,Eu(CH3CH2CH2CO2)2+,aq,SK95,SLOP16.6,6/2/1998,HKF,cal,-313068,-407345,14.439,320.5,116.3,17.7879,35.6504,-8.2592,-4.2527,197.0574,62.2411,0.3351,1,4,0,-1.0000 Eu(But)2+ 1.0000 Eu+3 2.0000 n-butanoic-acid -2.0000 H+,,Eu+3 2C+3 2C-3 4C-2 14H+ 4O-2,organic_aq,
Fe(But)+,,FeCH3(CH2)2CO2+,aq,SK95,SLOP16.6,6/2/1998,HKF,cal,-108714,-152880,6.608,152.9,54.5,9.3758,15.1141,-0.1954,-3.4037,99.8978,28.1044,0.4496,1,4,0,-1.0000 Fe(But)+ 1.0000 Fe+2 1.0000 n-butanoic-acid -1.0000 H+,,Fe+2 C+3 C-3 2C-2 7H+ 2O-2,organic_aq,
Fe(But)2,,Fe(CH3CH2CH2CO2)2,aq,SK95,SLOP16.6,6/2/1998,HKF,cal,-194743,-283705,35.812,355,140,20.9091,43.2727,-11.2572,-4.5678,213.9216,69.2718,-0.03,0,4,0,-1.0000 Fe(But)2 1.0000 Fe+2 2.0000 n-butanoic-acid -2.0000 H+,,Fe+2 2C+3 2C-3 4C-2 14H+ 4O-2,organic_aq,
Gd(But)+2,,GdCH3(CH2)2CO2+2,aq,SK95,SLOP16.6,6/2/1998,HKF,cal,-246839,-295539,-14.467,135.6,34.2,6.8808,9.0211,2.2007,-3.1518,97.4167,24.5906,1.2776,2,4,0,-1.0000 Gd(But)+2 1.0000 Gd+3 1.0000 n-butanoic-acid -1.0000 H+,,Gd+3 C+3 C-3 2C-2 7H+ 2O-2,organic_aq,
Gd(But)2+,,Gd(CH3CH2CH2CO2)2+,aq,SK95,SLOP16.6,6/2/1998,HKF,cal,-334041,-425436,21.787,323.5,117.4,17.9029,35.9294,-8.3657,-4.2642,197.8246,62.867,0.2229,1,4,0,-1.0000 Gd(But)2+ 1.0000 Gd+3 2.0000 n-butanoic-acid -2.0000 H+,,Gd+3 2C+3 2C-3 4C-2 14H+ 4O-2,organic_aq,
K(But),,KCH3(CH2)2CO2,aq,SK95,SLOP16.6,10/11/2007,HKF,cal,-152161,-188096,58.768,130.3,89.3,13.9798,26.352,-4.604,-3.8683,82.2231,23.4967,-0.03,0,4,0,-1.0000 K(But) 1.0000 K+ 1.0000 n-butanoic-acid -1.0000 H+,,K+ C+3 C-3 2C-2 7H+ 2O-2,organic_aq,
K(But)2-,,K(CH3CH2CH2CO2)2-,aq,SK95,SLOP16.6,6/2/1998,HKF,cal,-236375,-317708,85.956,308.6,178.8,26.3402,56.5369,-16.4778,-5.1161,190.0492,59.8305,0.3272,-1,4,0,-1.0000 K(But)2- 1.0000 K+ 2.0000 n-butanoic-acid -2.0000 H+,,K+ 2C+3 2C-3 4C-2 14H+ 4O-2,organic_aq,
La(But)+2,,LaCH3(CH2)2CO2+2,aq,SK95,SLOP16.6,6/2/1998,HKF,cal,-252198,-301286,-18.438,132.7,36.2,7.1755,9.7404,1.9188,-3.1816,96.2547,23.9948,1.3375,2,4,0,-1.0000 La(But)+2 1.0000 La+3 1.0000 n-butanoic-acid -1.0000 H+,,La+3 C+3 C-3 2C-2 7H+ 2O-2,organic_aq,
La(But)2+,,La(CH3CH2CH2CO2)2+,aq,SK95,SLOP16.6,6/2/1998,HKF,cal,-339359,-431572,16.373,317.8,119.6,18.2361,36.7475,-8.6968,-4.298,195.2278,61.7045,0.3041,1,4,0,-1.0000 La(But)2+ 1.0000 La+3 2.0000 n-butanoic-acid -2.0000 H+,,La+3 2C+3 2C-3 4C-2 14H+ 4O-2,organic_aq,
Mg(But)+,,MgCH3(CH2)2CO2+,aq,SK95,SLOP16.6,6/2/1998,HKF,cal,-193879,-241438,-3.482,159.1,55.2,9.5279,15.4831,-0.3354,-3.419,104.9814,29.3694,0.6063,1,4,0,-1.0000 Mg(But)+ 1.0000 Mg+2 1.0000 n-butanoic-acid -1.0000 H+,,Mg+2 C+3 C-3 2C-2 7H+ 2O-2,organic_aq,
Mg(But)2,,Mg(CH3CH2CH2CO2)2,aq,SK95,SLOP16.6,6/2/1998,HKF,cal,-278694,-3719788,22.608,367.1,140.8,21.0196,43.5448,-11.3703,-4.579,221.0226,71.7399,-0.03,0,4,0,-1.0000 Mg(But)2 1.0000 Mg+2 2.0000 n-butanoic-acid -2.0000 H+,,Mg+2 2C+3 2C-3 4C-2 14H+ 4O-2,organic_aq,
Mn(But)+,,MnCH3(CH2)2CO2+,aq,SK95,SLOP16.6,6/2/1998,HKF,cal,-140788,-182039,17.515,161.9,60.2,10.0986,16.877,-0.8847,-3.4766,103.6776,29.9377,0.2873,1,4,0,-1.0000 Mn(But)+ 1.0000 Mn+2 1.0000 n-butanoic-acid -1.0000 H+,,Mn+2 C+3 C-3 2C-2 7H+ 2O-2,organic_aq,
Mn(But)2,,Mn(CH3CH2CH2CO2)2,aq,SK95,SLOP16.6,6/2/1998,HKF,cal,-226367,-311411,50.086,372.5,146.3,21.7755,45.3895,-12.0924,-4.6553,224.213,72.8487,-0.03,0,4,0,-1.0000 Mn(But)2 1.0000 Mn+2 2.0000 n-butanoic-acid -2.0000 H+,,Mn+2 2C+3 2C-3 4C-2 14H+ 4O-2,organic_aq,
Na(But),,NaCH3(CH2)2CO2,aq,SK95,SLOP16.6,6/2/1998,HKF,cal,-147269,-186227,45.433,146.2,78,12.4293,22.5644,-3.1127,-3.7117,91.559,26.7417,-0.03,0,4,0,-1.0000 Na(But) 1.0000 Na+ 1.0000 n-butanoic-acid -1.0000 H+,,Na+ C+3 C-3 2C-2 7H+ 2O-2,organic_aq,
Na(But)2-,,Na(CH3CH2CH2CO2)2-,aq,SK95,SLOP16.6,6/2/1998,HKF,cal,-231511,-316876,69.236,339.7,166.1,24.6982,52.5272,-14.901,-4.9504,210.5987,66.1618,0.5806,-1,4,0,-1.0000 Na(But)2- 1.0000 Na+ 2.0000 n-butanoic-acid -2.0000 H+,,Na+ 2C+3 2C-3 4C-2 14H+ 4O-2,organic_aq,
Ni(But)+,,NiCH3(CH2)2CO2+,aq,SK95,SLOP16.6,6/2/1998,HKF,cal,-97925,-144389,-0.482,144.8,46.9,8.3767,12.6711,0.7713,-3.3027,96.1758,26.4544,0.5608,1,4,0,-1.0000 Ni(But)+ 1.0000 Ni+2 1.0000 n-butanoic-acid -1.0000 H+,,Ni+2 C+3 C-3 2C-2 7H+ 2O-2,organic_aq,
Ni(But)2,,Ni(CH3CH2CH2CO2)2,aq,SK95,SLOP16.6,6/2/1998,HKF,cal,-184117,-276030,26.534,339.2,131.5,19.754,40.4521,-10.1489,-4.4512,204.6596,66.0525,-0.03,0,4,0,-1.0000 Ni(But)2 1.0000 Ni+2 2.0000 n-butanoic-acid -2.0000 H+,,Ni+2 2C+3 2C-3 4C-2 14H+ 4O-2,organic_aq,
Pb(But)+,,PbCH3(CH2)2CO2+,aq,SK95,SLOP16.6,6/2/1998,HKF,cal,-92817,-127542,47.238,142.5,61.9,10.1748,17.0643,-0.9612,-3.4843,88.1802,25.9961,-0.1639,1,4,0,-1.0000 Pb(But)+ 1.0000 Pb+2 1.0000 n-butanoic-acid -1.0000 H+,,Pb+2 C+3 C-3 2C-2 7H+ 2O-2,organic_aq,
Pb(But)2,,Pb(CH3CH2CH2CO2)2,aq,SK95,SLOP16.6,6/2/1998,HKF,cal,-179077,-254860,88.982,334.8,148.2,22.0303,46.0136,-12.3417,-4.6811,202.0867,65.1583,-0.03,0,4,0,-1.0000 Pb(But)2 1.0000 Pb+2 2.0000 n-butanoic-acid -2.0000 H+,,Pb+2 2C+3 2C-3 4C-2 14H+ 4O-2,organic_aq,
Sr(But)+,,SrCH3(CH2)2CO2+,aq,SK95,SLOP16.6,6/2/1998,HKF,cal,-219575,-258399,31.245,148.5,59.9,9.9807,16.5869,-0.7651,-3.4646,93.9079,27.2107,0.0785,1,4,0,-1.0000 Sr(But)+ 1.0000 Sr+2 1.0000 n-butanoic-acid -1.0000 H+,,Sr+2 C+3 C-3 2C-2 7H+ 2O-2,organic_aq,
Sr(But)2,,Sr(CH3CH2CH2CO2)2,aq,SK95,SLOP16.6,6/2/1998,HKF,cal,-303925,-385278,68.053,346.4,145.9,21.7228,45.2592,-12.0373,-4.6499,208.9047,67.528,-0.03,0,4,0,-1.0000 Sr(But)2 1.0000 Sr+2 2.0000 n-butanoic-acid -2.0000 H+,,Sr+2 2C+3 2C-3 4C-2 14H+ 4O-2,organic_aq,
U(But)+2,,UCH3(CH2)2CO2+2,aq,SK95,SLOP16.6,6/2/1998,HKF,cal,-202157,-248278,-10.07,133.4,36.4,7.1485,9.6738,1.9467,-3.1788,95.4995,24.1323,1.2126,2,4,0,-1.0000 U(But)+2 1.0000 U+3 1.0000 n-butanoic-acid -1.0000 H+,,U+3 C+3 C-3 2C-2 7H+ 2O-2,organic_aq,
U(But)2+,,U(CH3CH2CH2CO2)2+,aq,SK95,SLOP16.6,6/2/1998,HKF,cal,-289537,-377877,27.782,319.1,119.7,18.1945,36.6443,-8.6523,-4.2938,194.4029,61.9728,0.1308,1,4,0,-1.0000 U(But)2+ 1.0000 U+3 2.0000 n-butanoic-acid -2.0000 H+,,U+3 2C+3 2C-3 4C-2 14H+ 4O-2,organic_aq,
Yb(But)+2,,YbCH3(CH2)2CO2+2,aq,SK95,,8/26/1993,HKF,cal,-241293,-291999,-25.387,134.5,29.7,6.31,7.6274,2.748,-3.0942,98.2368,24.3614,1.4382,2,4,0,-1.0000 Yb(But)+2 1.0000 Yb+3 1.0000 n-butanoic-acid -1.0000 H+,,Yb+3 C+3 C-3 2C-2 7H+ 2O-2,organic_aq,
Yb(But)2+,,Yb(CH3CH2CH2CO2)2+,aq,SK95,SLOP16.6,6/2/1998,HKF,cal,-328536,-423785,6.898,321.3,112.3,17.283,34.421,-7.7836,-4.2019,198.6263,62.4199,0.4496,1,4,0,-1.0000 Yb(But)2+ 1.0000 Yb+3 2.0000 n-butanoic-acid -2.0000 H+,,Yb+3 2C+3 2C-3 4C-2 14H+ 4O-2,organic_aq,
Zn(But)+,,ZnCH3(CH2)2CO2+,aq,SK95,SLOP16.6,6/2/1998,HKF,cal,-121815,-167247,5.79,156.9,52.2,9.0597,14.3386,0.1167,-3.3717,102.381,28.9294,0.4615,1,4,0,-1.0000 Zn(But)+ 1.0000 Zn+2 1.0000 n-butanoic-acid -1.0000 H+,,Zn+2 C+3 C-3 2C-2 7H+ 2O-2,organic_aq,
Zn(But)2,,Zn(CH3CH2CH2CO2)2,aq,SK95,SLOP16.6,6/2/1998,HKF,cal,-207667,-297971,34.741,362.9,137.4,20.5524,42.4038,-10.9205,-4.5319,218.5528,70.8814,-0.03,0,4,0,-1.0000 Zn(But)2 1.0000 Zn+2 2.0000 n-butanoic-acid -2.0000 H+,,Zn+2 2C+3 2C-3 4C-2 14H+ 4O-2,organic_aq,
Ba(Pent)+,,BaCH3(CH2)3CO2+,aq,SK95,,8/31/1993,HKF,cal,-216357,-259492,51.147,207.1,81.2,12.803,23.4822,-3.4843,-3.7497,125.472,39.1471,-0.2231,1,4,0,-1.0000 Ba(Pent)+ 1.0000 Ba+2 1.0000 n-pentanoic-acid -1.0000 H+,,Ba+2 C+3 C-3 3C-2 9H+ 2O-2,organic_aq,
Ba(Pent)2,,Ba(CH3CH2CH2CH2CO2)2,aq,SK95,,8/31/1993,HKF,cal,-298289,-389909,100.598,488.5,185.7,27.1717,58.5642,-17.2675,-5.1999,292.2076,96.4819,-0.03,0,4,0,-1.0000 Ba(Pent)2 1.0000 Ba+2 2.0000 n-pentanoic-acid -2.0000 H+,,Ba+2 2C+3 2C-3 6C-2 18H+ 4O-2,organic_aq,
Ca(Pent)+,,CaCH3(CH2)3CO2+,aq,SK95,,8/16/1993,HKF,cal,-215129,-263187,29.605,217.8,75.1,12.0805,21.7185,-2.7923,-3.6767,134.7595,41.3334,0.1023,1,4,0,-1.0000 Ca(Pent)+ 1.0000 Ca+2 1.0000 n-pentanoic-acid -1.0000 H+,,Ca+2 C+3 C-3 3C-2 9H+ 2O-2,organic_aq,
Ca(Pent)2,,Ca(CH3CH2CH2CH2CO2)2,aq,SK95,,8/16/1993,HKF,cal,-297634,-396159,72.407,509.5,179,26.2442,56.3017,-16.3832,-5.1064,304.4798,100.7475,-0.03,0,4,0,-1.0000 Ca(Pent)2 1.0000 Ca+2 2.0000 n-pentanoic-acid -2.0000 H+,,Ca+2 2C+3 2C-3 6C-2 18H+ 4O-2,organic_aq,
Cd(Pent)+,,CdCH3(CH2)3CO2+,aq,SK95,,8/31/1993,HKF,cal,-103384,-153764,24.288,226.9,77.9,12.4829,22.6985,-3.1719,-3.7173,140.8184,43.1804,0.1832,1,4,0,-1.0000 Cd(Pent)+ 1.0000 Cd+2 1.0000 n-pentanoic-acid -1.0000 H+,,Cd+2 C+3 C-3 3C-2 9H+ 2O-2,organic_aq,
Cd(Pent)2,,Cd(CH3CH2CH2CH2CO2)2,aq,SK95,,8/31/1993,HKF,cal,-187389,-288726,65.449,527.2,182,26.6621,57.3222,-16.7845,-5.1486,314.8482,104.3513,-0.03,0,4,0,-1.0000 Cd(Pent)2 1.0000 Cd+2 2.0000 n-pentanoic-acid -2.0000 H+,,Cd+2 2C+3 2C-3 6C-2 18H+ 4O-2,organic_aq,
Co(Pent)+,,CoCH3(CH2)3CO2+,aq,SK95,,8/31/1993,HKF,cal,-97933,-150673,11.199,217.2,68.1,11.209,19.5901,-1.9551,-3.5888,136.9956,41.2096,0.3837,1,4,0,-1.0000 Co(Pent)+ 1.0000 Co+2 1.0000 n-pentanoic-acid -1.0000 H+,,Co+2 C+3 C-3 3C-2 9H+ 2O-2,organic_aq,
Co(Pent)2,,Co(CH3CH2CH2CH2CO2)2,aq,SK95,,8/31/1993,HKF,cal,-182034,-286935,48.32,508.3,171.1,25.1672,53.6696,-15.3437,-4.9976,303.7853,100.506,-0.03,0,4,0,-1.0000 Co(Pent)2 1.0000 Co+2 2.0000 n-pentanoic-acid -2.0000 H+,,Co+2 2C+3 2C-3 6C-2 18H+ 4O-2,organic_aq,
Cu(Pent)+,,CuCH3(CH2)3CO2+,aq,SK95,,8/16/1993,HKF,cal,-69817,-121221,16.38,221.9,67.8,11.1516,19.4472,-1.8933,-3.5828,139.0314,42.1721,0.3041,1,4,0,-1.0000 Cu(Pent)+ 1.0000 Cu+2 1.0000 n-pentanoic-acid -1.0000 H+,,Cu+2 C+3 C-3 3C-2 9H+ 2O-2,organic_aq,
Cu(Pent)2,,Cu(CH3CH2CH2CH2CO2)2,aq,SK95,,8/16/1993,HKF,cal,-154382,-257470,55.1,517.5,170.8,25.1332,53.5902,-15.32,-4.9943,309.1882,102.3839,-0.03,0,4,0,-1.0000 Cu(Pent)2 1.0000 Cu+2 2.0000 n-pentanoic-acid -2.0000 H+,,Cu+2 2C+3 2C-3 6C-2 18H+ 4O-2,organic_aq,
Eu(Pent)+,,EuCH3(CH2)3CO2+,aq,SK95,,8/31/1993,HKF,cal,-211714,-257888,44.739,248.3,92.8,14.4215,27.435,-5.0392,-3.9131,150.5,47.5345,-0.1257,1,4,0,-1.0000 Eu(Pent)+ 1.0000 Eu+2 1.0000 n-pentanoic-acid -1.0000 H+,,Eu+2 C+3 C-3 3C-2 9H+ 2O-2,organic_aq,
Eu(Pent)+2,,EuCH3(CH2)3CO2+2,aq,SK95,,9/1/1993,HKF,cal,-223706,-282516,-13.356,197.7,49.2,8.9288,14.0201,0.2395,-3.3585,133.65,37.2375,1.261,2,4,0,-1.0000 Eu(Pent)+2 1.0000 Eu+3 1.0000 n-pentanoic-acid -1.0000 H+,,Eu+3 C+3 C-3 3C-2 9H+ 2O-2,organic_aq,
Eu(Pent)2+,,Eu(CH3CH2CH2CH2CO2)2+,aq,SK95,,9/1/1993,HKF,cal,-309035,-418206,29.802,472.5,150.1,22.3402,46.7679,-12.6335,-4.7123,283.9817,93.2071,0.0999,1,4,0,-1.0000 Eu(Pent)2+ 1.0000 Eu+3 2.0000 n-pentanoic-acid -2.0000 H+,,Eu+3 2C+3 2C-3 6C-2 18H+ 4O-2,organic_aq,
Fe(Pent)+,,FeCH3(CH2)3CO2+,aq,SK95,SLOP16.6,6/2/1998,HKF,cal,-106635,-158584,13.108,216.5,70.5,11.5343,20.3852,-2.2687,-3.6216,136.3259,41.0721,0.3539,1,4,0,-1.0000 Fe(Pent)+ 1.0000 Fe+2 1.0000 n-pentanoic-acid -1.0000 H+,,Fe+2 C+3 C-3 3C-2 9H+ 2O-2,organic_aq,
Fe(Pent)2,,Fe(CH3CH2CH2CH2CO2)2,aq,SK95,,8/16/1993,HKF,cal,-190586,-293990,50.8,507,173.8,25.5409,54.5813,-15.7,-5.0353,303.0133,100.2378,-0.03,0,4,0,-1.0000 Fe(Pent)2 1.0000 Fe+2 2.0000 n-pentanoic-acid -2.0000 H+,,Fe+2 2C+3 2C-3 6C-2 18H+ 4O-2,organic_aq,
Gd(Pent)+2,,GdCH3(CH2)3CO2+2,aq,SK95,,8/16/1993,HKF,cal,-244829,-301364,-7.967,199.3,50.2,9.0391,14.2927,0.1259,-3.3698,133.8403,37.5583,1.1815,2,4,0,-1.0000 Gd(Pent)+2 1.0000 Gd+3 1.0000 n-pentanoic-acid -1.0000 H+,,Gd+3 C+3 C-3 3C-2 9H+ 2O-2,organic_aq,
Gd(Pent)2+,,Gd(CH3CH2CH2CH2CO2)2+,aq,SK95,,8/16/1993,HKF,cal,-330007,-436320,37.15,475.5,151.2,22.4554,47.0464,-12.7369,-4.7238,284.7556,93.833,-0.0116,1,4,0,-1.0000 Gd(Pent)2+ 1.0000 Gd+3 2.0000 n-pentanoic-acid -2.0000 H+,,Gd+3 2C+3 2C-3 6C-2 18H+ 4O-2,organic_aq,
K(Pent),,KCH3(CH2)3CO2,aq,SK95,,9/1/1993,HKF,cal,-150151,-193881,65.268,193.9,105.4,16.1707,31.7005,-6.705,-4.0894,119.5323,36.4644,-0.03,0,4,0,-1.0000 K(Pent) 1.0000 K+ 1.0000 n-pentanoic-acid -1.0000 H+,,K+ C+3 C-3 3C-2 9H+ 2O-2,organic_aq,
K(Pent)2-,,K(CH3CH2CH2CH2CO2)2-,aq,SK95,,9/1/1993,HKF,cal,-232342,-328765,100.606,460.6,212.6,30.8965,67.6627,-20.8507,-5.5761,277.0852,90.7965,0.1041,-1,4,0,-1.0000 K(Pent)2- 1.0000 K+ 2.0000 n-pentanoic-acid -2.0000 H+,,K+ 2C+3 2C-3 6C-2 18H+ 4O-2,organic_aq,
La(Pent)+2,,LaCH3(CH2)3CO2+2,aq,SK95,,9/1/1993,HKF,cal,-250188,-307073,-11.938,196.3,52.3,9.3322,15.0037,-0.1439,-3.3992,132.6336,36.9625,1.2366,2,4,0,-1.0000 La(Pent)+2 1.0000 La+3 1.0000 n-pentanoic-acid -1.0000 H+,,La+3 C+3 C-3 3C-2 9H+ 2O-2,organic_aq,
La(Pent)2+,,La(CH3CH2CH2CH2CO2)2+,aq,SK95,,9/1/1993,HKF,cal,-335325,-442418,31.735,469.8,153.5,22.7893,47.8627,-13.0596,-4.7575,282.1786,92.6705,0.0717,1,4,0,-1.0000 La(Pent)2+ 1.0000 La+3 2.0000 n-pentanoic-acid -2.0000 H+,,La+3 2C+3 2C-3 6C-2 18H+ 4O-2,organic_aq,
Mg(Pent)+,,MgCH3(CH2)3CO2+,aq,SK95,,9/7/1993,HKF,cal,-191528,-246880,3.018,222.7,71.2,11.6846,20.7465,-2.3979,-3.6366,141.3617,42.3371,0.5055,1,4,0,-1.0000 Mg(Pent)+ 1.0000 Mg+2 1.0000 n-pentanoic-acid -1.0000 H+,,Mg+2 C+3 C-3 3C-2 9H+ 2O-2,organic_aq,
Mg(Pent)2,,Mg(CH3CH2CH2CH2CO2)2,aq,SK95,,9/7/1993,HKF,cal,-274046,-382313,37.615,519.1,174.6,25.6513,54.8536,-15.8129,-5.0465,310.1143,102.7059,-0.03,0,4,0,-1.0000 Mg(Pent)2 1.0000 Mg+2 2.0000 n-pentanoic-acid -2.0000 H+,,Mg+2 2C+3 2C-3 6C-2 18H+ 4O-2,organic_aq,
Mn(Pent)+,,MnCH3(CH2)3CO2+,aq,SK95,,9/9/1993,HKF,cal,-138601,-187646,24.015,225.5,76.2,12.2563,22.144,-2.9511,-3.6943,140.0855,42.9054,0.1895,1,4,0,-1.0000 Mn(Pent)+ 1.0000 Mn+2 1.0000 n-pentanoic-acid -1.0000 H+,,Mn+2 C+3 C-3 3C-2 9H+ 2O-2,organic_aq,
Mn(Pent)2,,Mn(CH3CH2CH2CH2CO2)2,aq,SK95,,9/9/1993,HKF,cal,-222006,-322033,65.092,524.5,180.2,26.4073,56.6981,-16.5352,-5.1228,313.3047,103.8147,-0.03,0,4,0,-1.0000 Mn(Pent)2 1.0000 Mn+2 2.0000 n-pentanoic-acid -2.0000 H+,,Mn+2 2C+3 2C-3 6C-2 18H+ 4O-2,organic_aq,
Na(Pent),,NaCH3(CH2)3CO2,aq,SK95,,8/16/1993,HKF,cal,-145259,-192009,51.933,209.9,94,14.6201,27.9193,-5.2291,-3.9331,128.8681,39.7094,-0.03,0,4,0,-1.0000 Na(Pent) 1.0000 Na+ 1.0000 n-pentanoic-acid -1.0000 H+,,Na+ C+3 C-3 3C-2 9H+ 2O-2,organic_aq,
Na(Pent)2-,,Na(CH3CH2CH2CH2CO2)2-,aq,SK95,,8/16/1993,HKF,cal,-227477,-327929,83.886,491.7,200,29.2549,63.6519,-19.2699,-5.4103,297.6442,97.1277,0.3584,-1,4,0,-1.0000 Na(Pent)2- 1.0000 Na+ 2.0000 n-pentanoic-acid -2.0000 H+,,Na+ 2C+3 2C-3 6C-2 18H+ 4O-2,organic_aq,
Ni(Pent)+,,NiCH3(CH2)3CO2+,aq,SK95,,9/7/1993,HKF,cal,-95874,-150126,6.018,208.4,62.9,10.5339,17.9393,-1.3007,-3.5205,132.5696,39.4221,0.4615,1,4,0,-1.0000 Ni(Pent)+ 1.0000 Ni+2 1.0000 n-pentanoic-acid -1.0000 H+,,Ni+2 C+3 C-3 3C-2 9H+ 2O-2,organic_aq,
Ni(Pent)2,,Ni(CH3CH2CH2CH2CO2)2,aq,SK95,,9/7/1993,HKF,cal,-180002,-286892,41.54,491.2,165.4,24.3858,51.7607,-14.5917,-4.9187,293.7512,97.0185,-0.03,0,4,0,-1.0000 Ni(Pent)2 1.0000 Ni+2 2.0000 n-pentanoic-acid -2.0000 H+,,Ni+2 2C+3 2C-3 6C-2 18H+ 4O-2,organic_aq,
Pb(Pent)+,,PbCH3(CH2)3CO2+,aq,SK95,,9/7/1993,HKF,cal,-90793,-133322,53.738,206.9,77.9,12.3324,22.3315,-3.0281,-3.7021,124.5859,38.9638,-0.262,1,4,0,-1.0000 Pb(Pent)+ 1.0000 Pb+2 1.0000 n-pentanoic-acid -1.0000 H+,,Pb+2 C+3 C-3 3C-2 9H+ 2O-2,organic_aq,
Pb(Pent)2,,Pb(CH3CH2CH2CH2CO2)2,aq,SK95,,9/7/1993,HKF,cal,-175016,-265793,103.988,486.8,182,26.6621,57.3222,-16.7845,-5.1486,291.1785,96.1242,-0.03,0,4,0,-1.0000 Pb(Pent)2 1.0000 Pb+2 2.0000 n-pentanoic-acid -2.0000 H+,,Pb+2 2C+3 2C-3 6C-2 18H+ 4O-2,organic_aq,
Sr(Pent)+,,SrCH3(CH2)3CO2+,aq,SK95,,9/7/1993,HKF,cal,-217114,-263755,37.745,212.1,75.9,12.1383,21.8541,-2.8337,-3.6823,130.3108,40.1784,-0.0199,1,4,0,-1.0000 Sr(Pent)+ 1.0000 Sr+2 1.0000 n-pentanoic-acid -1.0000 H+,,Sr+2 C+3 C-3 3C-2 9H+ 2O-2,organic_aq,
Sr(Pent)2,,Sr(CH3CH2CH2CH2CO2)2,aq,SK95,,9/7/1993,HKF,cal,-299073,-395432,83.059,498.4,179.8,26.3546,56.5678,-16.4801,-5.1174,297.9963,98.494,-0.03,0,4,0,-1.0000 Sr(Pent)2 1.0000 Sr+2 2.0000 n-pentanoic-acid -2.0000 H+,,Sr+2 2C+3 2C-3 6C-2 18H+ 4O-2,organic_aq,
U(Pent)+2,,UCH3(CH2)3CO2+2,aq,SK95,,8/31/1993,HKF,cal,-200147,-254046,-3.57,197,52.4,9.3061,14.941,-0.1209,-3.3966,131.9035,37.1,1.1144,2,4,0,-1.0000 U(Pent)+2 1.0000 U+3 1.0000 n-pentanoic-acid -1.0000 H+,,U+3 C+3 C-3 3C-2 9H+ 2O-2,organic_aq,
Yb(Pent)+2,,YbCH3(CH2)3CO2+2,aq,SK95,,9/7/1993,HKF,cal,-239283,-298479,-18.887,198.2,45.7,8.4697,12.9016,0.6745,-3.3123,134.7001,37.3291,1.3464,2,4,0,-1.0000 Yb(Pent)+2 1.0000 Yb+3 1.0000 n-pentanoic-acid -1.0000 H+,,Yb+3 C+3 C-3 3C-2 9H+ 2O-2,organic_aq,
Yb(Pent)2+,,Yb(CH3CH2CH2CH2CO2)2+,aq,SK95,,9/7/1993,HKF,cal,-324503,-434659,22.26,473.4,146.1,21.8358,45.5373,-12.1516,-4.6614,285.566,93.3859,0.216,1,4,0,-1.0000 Yb(Pent)2+ 1.0000 Yb+3 2.0000 n-pentanoic-acid -2.0000 H+,,Yb+3 2C+3 2C-3 6C-2 18H+ 4O-2,organic_aq,
Zn(Pent)+,,ZnCH3(CH2)3CO2+,aq,SK95,,9/7/1993,HKF,cal,-119683,-172896,12.29,220.6,68.2,11.2174,19.6055,-1.9494,-3.5894,138.7888,41.8971,0.3636,1,4,0,-1.0000 Zn(Pent)+ 1.0000 Zn+2 1.0000 n-pentanoic-acid -1.0000 H+,,Zn+2 C+3 C-3 3C-2 9H+ 2O-2,organic_aq,
Zn(Pent)2,,Zn(CH3CH2CH2CH2CO2)2,aq,SK95,,9/7/1993,HKF,cal,-203415,-308690,49.747,514.9,171.2,25.1842,53.7125,-15.3636,-4.9994,307.6444,101.8474,-0.03,0,4,0,-1.0000 Zn(Pent)2 1.0000 Zn+2 2.0000 n-pentanoic-acid -2.0000 H+,,Zn+2 2C+3 2C-3 6C-2 18H+ 4O-2,organic_aq,
Am(For)+2,Am(For)+2,AmCHO2+2,aq,MS99,,1/25/1999,HKF,cal,-230530,-252410,-25.8,,,0.9287,-5.5108,7.909,-2.5511,26.7819,-0.505,1.4477,2,4,0,-1.0000 Am(For)+2 1.0000 Am+3 1.0000 formic-acid -1.0000 H+,,Am+3 C+2 H+ 2O-2,organic_aq,
Am(For)2+,Am(For)2+,Am(CHO2)2+,aq,MS99,,1/25/1999,HKF,cal,-317720,-357420,-4,,,5.2992,5.1607,3.7147,-2.9923,28.9586,2.9204,0.6143,1,4,0,-1.0000 Am(For)2+ 1.0000 Am+3 2.0000 formic-acid -2.0000 H+,,Am+3 2C+2 2H+ 4O-2,organic_aq,
Ba(For)+,,BaCHO2+,aq,SK95,,8/26/1993,HKF,cal,-219775,-228918,34.547,20,21.1,4.6569,3.5906,4.3358,-2.9273,18.1411,1.038,0.0279,1,4,0,-1.0000 Ba(For)+ 1.0000 Ba+2 1.0000 formic-acid -1.0000 H+,,Ba+2 C+2 H+ 2O-2,organic_aq,
Ba(For)2,,Ba(CHO2)2,aq,SK95,,8/26/1993,HKF,cal,-304769,-329933,62.275,41.8,58.6,9.77,16.0719,-0.5623,-3.4433,30.387,5.4799,-0.03,0,4,0,-1.0000 Ba(For)2 1.0000 Ba+2 2.0000 formic-acid -2.0000 H+,,Ba+2 2C+2 2H+ 4O-2,organic_aq,
Ca(For)+,,CaCHO2+,aq,SK95,,8/16/1993,HKF,cal,-217933,-231998,13.005,30.7,15,3.9346,1.8264,5.0305,-2.8544,27.4342,3.2242,0.3539,1,4,0,-1.0000 Ca(For)+ 1.0000 Ca+2 1.0000 formic-acid -1.0000 H+,,Ca+2 C+2 H+ 2O-2,organic_aq,
Ca(For)2,,Ca(CHO2)2,aq,SK95,,8/16/1993,HKF,cal,-302982,-335050,34.084,62.7,51.8,8.8425,13.8094,0.322,-3.3498,42.6594,9.7454,-0.03,0,4,0,-1.0000 Ca(For)2 1.0000 Ca+2 2.0000 formic-acid -2.0000 H+,,Ca+2 2C+2 2H+ 4O-2,organic_aq,
Cd(For)+,,CdCHO2+,aq,SK95,,8/26/1993,HKF,cal,-104932,-121320,7.688,40,17.7,4.3381,2.8097,4.6479,-2.8951,33.5224,5.0712,0.4379,1,4,0,-1.0000 Cd(For)+ 1.0000 Cd+2 1.0000 formic-acid -1.0000 H+,,Cd+2 C+2 H+ 2O-2,organic_aq,
Cd(For)2,,Cd(CHO2)2,aq,SK95,,8/26/1993,HKF,cal,-191523,-226403,27.125,80.4,54.9,9.2604,14.8299,-0.0792,-3.392,53.0278,13.3492,-0.03,0,4,0,-1.0000 Cd(For)2 1.0000 Cd+2 2.0000 formic-acid -2.0000 H+,,Cd+2 2C+2 2H+ 4O-2,organic_aq,
Co(For)+,,CoCHO2+,aq,SK95,,8/26/1993,HKF,cal,-99399,-118148,-5.401,30.1,7.9,3.0614,-0.3037,5.8638,-2.7663,29.6264,3.1004,0.6305,1,4,0,-1.0000 Co(For)+ 1.0000 Co+2 1.0000 formic-acid -1.0000 H+,,Co+2 C+2 H+ 2O-2,organic_aq,
Co(For)2,,Co(CHO2)2,aq,SK95,,8/26/1993,HKF,cal,-184926,-223371,9.997,61.6,43.9,7.7655,11.1773,1.3615,-3.241,41.9649,9.5039,-0.03,0,4,0,-1.0000 Co(For)2 1.0000 Co+2 2.0000 formic-acid -2.0000 H+,,Co+2 2C+2 2H+ 4O-2,organic_aq,
Cu(For)+,,CuCHO2+,aq,SK95,SLOP16.6,6/2/1998,HKF,cal,-70888,-88344,-0.22,34.8,7.7,3.005,-0.443,5.9211,-2.7606,31.6869,4.0629,0.5536,1,4,0,-1.0000 Cu(For)+ 1.0000 Cu+2 1.0000 formic-acid -1.0000 H+,,Cu+2 C+2 H+ 2O-2,organic_aq,
Cu(For)2,,Cu(CHO2)2,aq,SK95,,8/16/1993,HKF,cal,-156551,-193183,16.777,70.8,43.7,7.7315,11.0979,1.3851,-3.2377,47.3676,11.3819,-0.03,0,4,0,-1.0000 Cu(For)2 1.0000 Cu+2 2.0000 formic-acid -2.0000 H+,,Cu+2 2C+2 2H+ 4O-2,organic_aq,
Eu(For)+,,EuCHO2+,aq,SK95,,8/26/1993,HKF,cal,-214872,-227054,28.139,61.2,32.7,6.2755,7.5431,2.7814,-3.0907,43.1702,9.4253,0.1254,1,4,0,-1.0000 Eu(For)+ 1.0000 Eu+2 1.0000 formic-acid -1.0000 H+,,Eu+2 C+2 H+ 2O-2,organic_aq,
Eu(For)+2,,EuCHO2+2,aq,SK95,SLOP16.6,8/26/1993,HKF,cal,-224968,-249814,-29.956,10.6,-10.9,0.7809,-5.8667,8.0384,-2.5364,26.27,-0.8716,1.5067,2,4,0,-1.0000 Eu(For)+2 1.0000 Eu+3 1.0000 formic-acid -1.0000 H+,,Eu+3 C+2 H+ 2O-2,organic_aq,
Eu(For)2,,Eu(CHO2)2,aq,SK95,,8/26/1993,HKF,cal,-300521,-329314,53.889,122.1,71.5,11.5367,20.3852,-2.2565,-3.6216,77.4695,21.8445,-0.03,0,4,0,-1.0000 Eu(For)2 1.0000 Eu+2 2.0000 formic-acid -2.0000 H+,,Eu+2 2C+2 2H+ 4O-2,organic_aq,
Eu(For)2+,,Eu(CHO2)2+,aq,SK95,SLOP16.6,6/2/1998,HKF,cal,-311559,-354626,-9.431,25.7,22.9,5.1383,4.763,3.8812,-2.9758,27.6085,2.205,0.6911,1,4,0,-1.0000 Eu(For)2+ 1.0000 Eu+3 2.0000 formic-acid -2.0000 H+,,Eu+3 2C+2 2H+ 4O-2,organic_aq,
Fe(For)+,,FeCHO2+,aq,SK95,,8/16/1993,HKF,cal,-108225,-125651,-3.492,29.4,10.4,3.3887,0.4923,5.5575,-2.7993,29.008,2.9629,0.6063,1,4,0,-1.0000 Fe(For)+ 1.0000 Fe+2 1.0000 formic-acid -1.0000 H+,,Fe+2 C+2 H+ 2O-2,organic_aq,
Fe(For)2,,Fe(CHO2)2,aq,SK95,,8/16/1993,HKF,cal,-193710,-230658,12.495,60.2,46.7,8.1392,12.0952,0.9892,-3.2789,41.1929,9.2357,-0.03,0,4,0,-1.0000 Fe(For)2 1.0000 Fe+2 2.0000 formic-acid -2.0000 H+,,Fe+2 2C+2 2H+ 4O-2,organic_aq,
Gd(For)+2,,GdCHO2+2,aq,SK95,,8/16/1993,HKF,cal,-246091,-268634,-24.567,12.2,-9.9,0.8917,-5.5954,7.9307,-2.5476,26.4744,-0.5508,1.4287,2,4,0,-1.0000 Gd(For)+2 1.0000 Gd+3 1.0000 formic-acid -1.0000 H+,,Gd+3 C+2 H+ 2O-2,organic_aq,
Gd(For)2+,,Gd(CHO2)2+,aq,SK95,,8/16/1993,HKF,cal,-332531,-372659,-2.084,28.8,24.1,5.2546,5.0511,3.7601,-2.9877,28.4144,2.8309,0.5831,1,4,0,-1.0000 Gd(For)2+ 1.0000 Gd+3 2.0000 formic-acid -2.0000 H+,,Gd+3 2C+2 2H+ 4O-2,organic_aq,
K(For),,KCHO2,aq,SK95,,8/26/1993,HKF,cal,-151413,-161151,48.668,6.8,45.2,7.9397,11.607,1.1839,-3.2587,9.8889,-1.6447,-0.03,0,4,0,-1.0000 K(For) 1.0000 K+ 1.0000 formic-acid -1.0000 H+,,K+ C+2 H+ 2O-2,organic_aq,
K(For)2-,,K(CHO2)2-,aq,SK95,,8/26/1993,HKF,cal,-234866,-264561,63.193,13.9,85.5,13.6868,25.6408,-4.3345,-3.8389,20.4973,-0.2055,0.6721,-1,4,0,-1.0000 K(For)2- 1.0000 K+ 2.0000 formic-acid -2.0000 H+,,K+ 2C+2 2H+ 4O-2,organic_aq,
La(For)+2,,LaCHO2+2,aq,SK95,,8/26/1993,HKF,cal,-251450,-274343,-28.538,9.3,-7.9,1.1858,-4.8808,7.6567,-2.5771,25.2949,-1.1466,1.4867,2,4,0,-1.0000 La(For)+2 1.0000 La+3 1.0000 formic-acid -1.0000 H+,,La+3 C+2 H+ 2O-2,organic_aq,
La(For)2+,,La(CHO2)2+,aq,SK95,,8/26/1993,HKF,cal,-337849,-378757,-7.498,23.1,26.3,5.5879,5.8627,3.4454,-3.0213,25.8186,1.6684,0.6644,1,4,0,-1.0000 La(For)2+ 1.0000 La+3 2.0000 formic-acid -2.0000 H+,,La+3 2C+2 2H+ 4O-2,organic_aq,
Mg(For)+,,MgCHO2+,aq,SK95,,8/26/1993,HKF,cal,-194318,-215678,-13.582,35.7,11.1,3.5392,0.8593,5.414,-2.8144,34.0484,4.2279,0.7584,1,4,0,-1.0000 Mg(For)+ 1.0000 Mg+2 1.0000 formic-acid -1.0000 H+,,Mg+2 C+2 H+ 2O-2,organic_aq,
Mg(For)2,,Mg(CHO2)2,aq,SK95,SLOP16.6,6/2/1998,HKF,cal,-279367,-321275,-0.709,72.4,47.5,8.2496,12.3613,0.8923,-3.2899,48.2938,11.7038,-0.03,0,4,0,-1.0000 Mg(For)2 1.0000 Mg+2 2.0000 formic-acid -2.0000 H+,,Mg+2 2C+2 2H+ 4O-2,organic_aq,
Mn(For)+,,MnCHO2+,aq,SK95,,8/26/1993,HKF,cal,-140681,-155735,7.415,38.4,16.1,4.1094,2.2545,4.859,-2.8721,32.7312,4.7962,0.4379,1,4,0,-1.0000 Mn(For)+ 1.0000 Mn+2 1.0000 formic-acid -1.0000 H+,,Mn+2 C+2 H+ 2O-2,organic_aq,
Mn(For)2,,Mn(CHO2)2,aq,SK95,,8/26/1993,HKF,cal,-226030,-259601,26.769,77.8,53,9.0055,14.206,0.1701,-3.3662,51.4842,12.8126,-0.03,0,4,0,-1.0000 Mn(For)2 1.0000 Mn+2 2.0000 formic-acid -2.0000 H+,,Mn+2 2C+2 2H+ 4O-2,organic_aq,
Na(For),,NaCHO2,aq,SK95,,8/16/1993,HKF,cal,-146521,-159279,35.333,22.8,33.9,6.3891,7.8196,2.6757,-3.1022,19.2249,1.6002,-0.03,0,4,0,-1.0000 Na(For) 1.0000 Na+ 1.0000 formic-acid -1.0000 H+,,Na+ C+2 H+ 2O-2,organic_aq,
Na(For)2-,,Na(CHO2)2-,aq,SK95,,8/16/1993,HKF,cal,-230001,-263725,45.473,45,72.8,12.0449,21.6308,-2.7566,-3.6731,41.0498,6.1257,0.9257,-1,4,0,-1.0000 Na(For)2- 1.0000 Na+ 2.0000 formic-acid -2.0000 H+,,Na+ 2C+2 2H+ 4O-2,organic_aq,
Ni(For)+,,NiCHO2+,aq,SK95,,8/26/1993,HKF,cal,-97313,-117573,-10.582,21.3,2.8,2.3868,-1.9558,6.5236,-2.698,25.2125,1.313,0.7096,1,4,0,-1.0000 Ni(For)+ 1.0000 Ni+2 1.0000 formic-acid -1.0000 H+,,Ni+2 C+2 H+ 2O-2,organic_aq,
Ni(For)2,,Ni(CHO2)2,aq,SK95,SLOP16.6,6/2/1998,HKF,cal,-182853,-223391,3.217,44.4,38.2,6.984,9.2687,2.1133,-3.1621,31.9308,6.0164,-0.03,0,4,0,-1.0000 Ni(For)2 1.0000 Ni+2 2.0000 formic-acid -2.0000 H+,,Ni+2 2C+2 2H+ 4O-2,organic_aq,
Pb(For)+,,PbCHO2+,aq,SK95,,8/16/1993,HKF,cal,-92150,-100688,37.138,19.1,17.7,4.1867,2.4389,4.7962,-2.8797,17.2647,0.8546,-0.01,1,4,0,-1.0000 Pb(For)+ 1.0000 Pb+2 1.0000 formic-acid -1.0000 H+,,Pb+2 C+2 H+ 2O-2,organic_aq,
Pb(For)2,,Pb(CHO2)2,aq,SK95,,8/16/1993,HKF,cal,-177718,-202038,65.665,40,54.9,9.2604,14.8299,-0.0792,-3.392,29.3579,5.1222,-0.03,0,4,0,-1.0000 Pb(For)2 1.0000 Pb+2 2.0000 formic-acid -2.0000 H+,,Pb+2 2C+2 2H+ 4O-2,organic_aq,
Sr(For)+,,SrCHO2+,aq,SK95,,8/26/1993,HKF,cal,-220518,-233167,21.145,25.1,15.7,3.9918,1.9636,4.9821,-2.8601,22.9691,2.0692,0.2299,1,4,0,-1.0000 Sr(For)+ 1.0000 Sr+2 1.0000 formic-acid -1.0000 H+,,Sr+2 C+2 H+ 2O-2,organic_aq,
Sr(For)2,,Sr(CHO2)2,aq,SK95,,8/26/1993,HKF,cal,-305513,-335415,44.736,51.7,52.6,8.9529,14.0817,0.2091,-3.361,36.1759,7.4919,-0.03,0,4,0,-1.0000 Sr(For)2 1.0000 Sr+2 2.0000 formic-acid -2.0000 H+,,Sr+2 2C+2 2H+ 4O-2,organic_aq,
U(For)+2,,UCHO2+2,aq,SK95,,8/26/1993,HKF,cal,-201409,-221316,-20.17,9.9,-7.8,1.1596,-4.9432,7.6782,-2.5745,24.5615,-1.0091,1.3642,2,4,0,-1.0000 U(For)+2 1.0000 U+3 1.0000 formic-acid -1.0000 H+,,U+3 C+2 H+ 2O-2,organic_aq,
U(For)2+,,U(CHO2)2+,aq,SK95,SLOP16.6,6/2/1998,HKF,cal,-288791,-325914,3.911,24.4,26.4,5.5468,5.7644,3.4796,-3.0172,25.007,1.9367,0.4925,1,4,0,-1.0000 U(For)2+ 1.0000 U+3 2.0000 formic-acid -2.0000 H+,,U+3 2C+2 2H+ 4O-2,organic_aq,
Yb(For)+2,,YbCHO2+2,aq,SK95,,8/26/1993,HKF,cal,-240545,-265749,-35.487,11.1,-14.5,0.3247,-6.9803,8.4752,-2.4903,27.3976,-0.7799,1.6005,2,4,0,-1.0000 Yb(For)+2 1.0000 Yb+3 1.0000 formic-acid -1.0000 H+,,Yb+3 C+2 H+ 2O-2,organic_aq,
Yb(For)2+,,Yb(CHO2)2+,aq,SK95,,8/26/1993,HKF,cal,-327027,-370998,-16.973,26.6,18.9,4.6352,3.5352,4.3629,-2.925,29.2285,2.3838,0.8111,1,4,0,-1.0000 Yb(For)2+ 1.0000 Yb+3 2.0000 formic-acid -2.0000 H+,,Yb+3 2C+2 2H+ 4O-2,organic_aq,
Zn(For)+,,ZnCHO2+,aq,SK95,,8/26/1993,HKF,cal,-121477,-140698,-4.31,33.5,8,3.0712,-0.2795,5.8532,-2.7673,31.4547,3.7879,0.6143,1,4,0,-1.0000 Zn(For)+ 1.0000 Zn+2 1.0000 formic-acid -1.0000 H+,,Zn+2 C+2 H+ 2O-2,organic_aq,
Zn(For)2,,Zn(CHO2)2,aq,SK95,,8/26/1993,HKF,cal,-206908,-245726,11.424,68.1,44.1,7.7824,11.2204,1.3417,-3.2428,45.824,10.8453,-0.03,0,4,0,-1.0000 Zn(For)2 1.0000 Zn+2 2.0000 formic-acid -2.0000 H+,,Zn+2 2C+2 2H+ 4O-2,organic_aq,
Am(Glyc)+2,Am(Glyc)+2,AmCH3OCO2+2,aq,MS99,,1/25/1999,HKF,cal,-267840,-307400,-27.8,,,2.8119,-0.9126,6.1017,-2.7412,58.0507,10.2699,1.4769,2,4,0,-1.0000 Am(Glyc)+2 1.0000 Am+3 1.0000 glycolic-acid -1.0000 H+,,Am+3 C+3 C- 3H+ 3O-2,organic_aq,
Am(Glyc)2+,Am(Glyc)2+,Am(CH3OCO2)2+,aq,MS99,,1/25/1999,HKF,cal,-391490,-465260,-3.9,,,9.2598,14.8314,-0.0864,-3.3921,102.9852,28.6502,0.6143,1,4,0,-1.0000 Am(Glyc)2+ 1.0000 Am+3 2.0000 glycolic-acid -2.0000 H+,,Am+3 2C+3 2C- 6H+ 6O-2,organic_aq,
Ba(Glyc)+,,BaCH3OCO2+,aq,SK95,,8/30/1993,HKF,cal,-256564,-282924,34,72.9,34.8,6.5329,8.1729,2.5314,-3.1168,49.2137,11.8129,0.0358,1,4,0,-1.0000 Ba(Glyc)+ 1.0000 Ba+2 1.0000 glycolic-acid -1.0000 H+,,Ba+2 C+3 C- 3H+ 3O-2,organic_aq,
Ba(Glyc)2,,Ba(CH3OCO2)2,aq,SK95,,8/30/1993,HKF,cal,-378689,-436833,66.059,168.1,87.5,13.7306,25.7444,-4.3677,-3.8432,104.4137,31.2096,-0.03,0,4,0,-1.0000 Ba(Glyc)2 1.0000 Ba+2 2.0000 glycolic-acid -2.0000 H+,,Ba+2 2C+3 2C- 6H+ 6O-2,organic_aq,
Ca(Glyc)+,,CaCH3OCO2+,aq,SK95,,8/16/1993,HKF,cal,-255541,-285318,17.505,83.6,28.7,5.7854,6.3436,3.2594,-3.0411,57.8209,13.9991,0.2873,1,4,0,-1.0000 Ca(Glyc)+ 1.0000 Ca+2 1.0000 glycolic-acid -1.0000 H+,,Ca+2 C+3 C- 3H+ 3O-2,organic_aq,
Ca(Glyc)2,,Ca(CH3OCO2)2,aq,SK95,,8/16/1993,HKF,cal,-378403,-441481,44.473,189.1,80.7,12.8031,23.482,-3.484,-3.7496,116.6861,35.4751,-0.03,0,4,0,-1.0000 Ca(Glyc)2 1.0000 Ca+2 2.0000 glycolic-acid -2.0000 H+,,Ca+2 2C+3 2C- 6H+ 6O-2,organic_aq,
Cd(Glyc)+,,CdCH3OCO2+,aq,SK95,,8/30/1993,HKF,cal,-142281,-174381,12.188,92.7,31.4,6.188,7.3293,2.8656,-3.0819,63.8836,15.8461,0.3686,1,4,0,-1.0000 Cd(Glyc)+ 1.0000 Cd+2 1.0000 glycolic-acid -1.0000 H+,,Cd+2 C+3 C- 3H+ 3O-2,organic_aq,
Cd(Glyc)2,,Cd(CH3OCO2)2,aq,SK95,,8/30/1993,HKF,cal,-265388,-331279,37.514,206.7,83.8,13.221,24.5024,-3.8851,-3.7918,127.0546,39.0789,-0.03,0,4,0,-1.0000 Cd(Glyc)2 1.0000 Cd+2 2.0000 glycolic-acid -2.0000 H+,,Cd+2 2C+3 2C- 6H+ 6O-2,organic_aq,
Co(Glyc)+,,CoCH3OCO2+,aq,SK95,,8/30/1993,HKF,cal,-136871,-171331,-0.901,83,21.6,4.9137,4.2158,4.0944,-2.9532,60.0521,13.8754,0.5681,1,4,0,-1.0000 Co(Glyc)+ 1.0000 Co+2 1.0000 glycolic-acid -1.0000 H+,,Co+2 C+3 C- 3H+ 3O-2,organic_aq,
Co(Glyc)2,,Co(CH3OCO2)2,aq,SK95,,8/30/1993,HKF,cal,-260101,-329556,20.386,187.9,72.9,11.726,20.8501,-2.4444,-3.6408,115.9914,35.2337,-0.03,0,4,0,-1.0000 Co(Glyc)2 1.0000 Co+2 2.0000 glycolic-acid -2.0000 H+,,Co+2 2C+3 2C- 6H+ 6O-2,organic_aq,
Cu(Glyc)+,,CuCH3OCO2+,aq,SK95,,8/16/1993,HKF,cal,-109438,-142561,4.28,87.7,21.4,4.8555,4.075,4.147,-2.9474,62.066,14.8378,0.4862,1,4,0,-1.0000 Cu(Glyc)+ 1.0000 Cu+2 1.0000 glycolic-acid -1.0000 H+,,Cu+2 C+3 C- 3H+ 3O-2,organic_aq,
Cu(Glyc)2,,Cu(CH3OCO2)2,aq,SK95,,8/16/1993,HKF,cal,-233022,-300664,27.166,197.1,72.6,11.6921,20.7705,-2.4205,-3.6376,121.3943,37.1116,-0.03,0,4,0,-1.0000 Cu(Glyc)2 1.0000 Cu+2 2.0000 glycolic-acid -2.0000 H+,,Cu+2 2C+3 2C- 6H+ 6O-2,organic_aq,
Eu(Glyc)+,,EuCH3OCO2+,aq,SK95,,8/30/1993,HKF,cal,-252044,-279938,32.639,114.1,46.3,8.1255,12.0562,1.0166,-3.2773,73.5346,20.2002,0.0564,1,4,0,-1.0000 Eu(Glyc)+ 1.0000 Eu+2 1.0000 glycolic-acid -1.0000 H+,,Eu+2 C+3 C- 3H+ 3O-2,organic_aq,
Eu(Glyc)2,,Eu(CH3OCO2)2,aq,SK95,,8/30/1993,HKF,cal,-374046,-433849,64.278,248.5,100.4,15.4973,30.0577,-6.0619,-4.0215,151.4961,47.5743,-0.03,0,4,0,-1.0000 Eu(Glyc)2 1.0000 Eu+2 2.0000 glycolic-acid -2.0000 H+,,Eu+2 2C+3 2C- 6H+ 6O-2,organic_aq,
Fe(Glyc)+,,FeCH3OCO2+,aq,SK95,SLOP16.6,6/2/1998,HKF,cal,-146010,-179712,1.008,82.3,40.5,7.4836,10.4932,1.6217,-3.2127,59.3916,13.7379,0.5394,1,4,0,-1.0000 Fe(Glyc)+ 1.0000 Fe+2 1.0000 glycolic-acid -1.0000 H+,,Fe+2 C+3 C- 3H+ 3O-2,organic_aq,
Fe(Glyc)2,,Fe(CH3OCO2)2,aq,SK95,SLOP16.6,6/2/1998,HKF,cal,-269459,-338010,22.883,186.6,110.3,16.8444,33.3487,-7.3593,-4.1575,115.2196,34.9654,-0.03,0,4,0,-1.0000 Fe(Glyc)2 1.0000 Fe+2 2.0000 glycolic-acid -2.0000 H+,,Fe+2 2C+3 2C- 6H+ 6O-2,organic_aq,
K(Glyc),,KCH3OCO2,aq,SK95,,8/30/1993,HKF,cal,-188721,-214171,53.168,59.7,58.9,9.8131,16.1774,-0.6044,-3.4477,40.8892,9.1302,-0.03,0,4,0,-1.0000 K(Glyc) 1.0000 K+ 1.0000 glycolic-acid -1.0000 H+,,K+ C+3 C- 3H+ 3O-2,organic_aq,
K(Glyc)2-,,K(CH3OCO2)2-,aq,SK95,,8/30/1993,HKF,cal,-309741,-370519,73.335,140.2,114.4,17.5955,35.181,-8.0761,-4.2333,93.1092,25.5242,0.5185,-1,4,0,-1.0000 K(Glyc)2- 1.0000 K+ 2.0000 glycolic-acid -2.0000 H+,,K+ 2C+3 2C- 6H+ 6O-2,organic_aq,
Li(Glyc),,LiCH3OCO2,aq,SK95,,8/30/1993,HKF,cal,-190953,-221668,27,,,8.2991,12.4812,0.8472,-3.2949,57.0031,14.7309,-0.03,0,4,0,-1.0000 Li(Glyc) 1.0000 Li+ 1.0000 glycolic-acid -1.0000 H+,,Li+ C+3 C- 3H+ 3O-2,organic_aq,
Mg(Glyc)+,,MgCH3OCO2+,aq,SK95,,8/30/1993,HKF,cal,-231489,-266450,-2,88.6,24.8,5.3533,5.2917,3.666,-2.9977,63.4339,15.0028,0.5831,1,4,0,-1.0000 Mg(Glyc)+ 1.0000 Mg+2 1.0000 glycolic-acid -1.0000 H+,,Mg+2 C+3 C- 3H+ 3O-2,organic_aq,
Mg(Glyc)2,,Mg(CH3OCO2)2,aq,SK95,,8/30/1993,HKF,cal,-353983,-424040,18.948,198.7,76.4,12.2102,22.0339,-2.9133,-3.6898,122.3206,37.4335,-0.03,0,4,0,-1.0000 Mg(Glyc)2 1.0000 Mg+2 2.0000 glycolic-acid -2.0000 H+,,Mg+2 2C+3 2C- 6H+ 6O-2,organic_aq,
Mn(Glyc)+,,MnCH3OCO2+,aq,SK95,,8/30/1993,HKF,cal,-177828,-208594,11.915,91.3,29.7,5.9609,6.7761,3.0811,-3.059,63.1381,15.5712,0.3735,1,4,0,-1.0000 Mn(Glyc)+ 1.0000 Mn+2 1.0000 glycolic-acid -1.0000 H+,,Mn+2 C+3 C- 3H+ 3O-2,organic_aq,
Mn(Glyc)2,,Mn(CH3OCO2)2,aq,SK95,,8/30/1993,HKF,cal,-300155,-364736,37.157,204.1,81.9,12.9661,23.8786,-3.6359,-3.766,125.5108,38.5424,-0.03,0,4,0,-1.0000 Mn(Glyc)2 1.0000 Mn+2 2.0000 glycolic-acid -2.0000 H+,,Mn+2 2C+3 2C- 6H+ 6O-2,organic_aq,
Na(Glyc),,Na(CH3OCO2),aq,SK95,,8/16/1993,HKF,cal,-183829,-212299,39.833,75.7,47.7,8.2625,12.3962,0.8714,-3.2914,50.2253,12.3751,-0.03,0,4,0,-1.0000 Na(Glyc) 1.0000 Na+ 1.0000 glycolic-acid -1.0000 H+,,Na+ C+3 C- 3H+ 3O-2,organic_aq,
Na(Glyc)2-,,Na(CH3OCO2)2-,aq,SK95,,8/16/1993,HKF,cal,-304876,-369684,56.615,171.3,101.8,15.9533,31.1718,-6.5007,-4.0675,113.6563,31.8554,0.7716,-1,4,0,-1.0000 Na(Glyc)2- 1.0000 Na+ 2.0000 glycolic-acid -2.0000 H+,,Na+ 2C+3 2C- 6H+ 6O-2,organic_aq,
Ni(Glyc)+,,NiCH3OCO2+,aq,SK95,,8/30/1993,HKF,cal,-135153,-171125,-6.082,74.2,16.5,4.2391,2.5699,4.738,-2.8851,55.6378,12.0879,0.6472,1,4,0,-1.0000 Ni(Glyc)+ 1.0000 Ni+2 1.0000 glycolic-acid -1.0000 H+,,Ni+2 C+3 C- 3H+ 3O-2,organic_aq,
Ni(Glyc)2,,Ni(CH3OCO2)2,aq,SK95,,8/30/1993,HKF,cal,-258711,-330154,13.605,170.8,67.2,10.9446,18.9412,-1.6924,-3.5619,105.9573,31.7462,-0.03,0,4,0,-1.0000 Ni(Glyc)2 1.0000 Ni+2 2.0000 glycolic-acid -2.0000 H+,,Ni+2 2C+3 2C- 6H+ 6O-2,organic_aq,
Pb(Glyc)+,,PbCH3OCO2+,aq,SK95,,8/16/1993,HKF,cal,-130018,-154267,41.638,72,47.8,8.2809,12.4416,0.8529,-3.2932,47.6306,11.6296,-0.0788,1,4,0,-1.0000 Pb(Glyc)+ 1.0000 Pb+2 1.0000 glycolic-acid -1.0000 H+,,Pb+2 C+3 C- 3H+ 3O-2,organic_aq,
Pb(Glyc)2,,Pb(CH3OCO2)2,aq,SK95,,8/16/1993,HKF,cal,-253616,-308946,76.1054,166.4,118.5,17.9656,36.0834,-8.4279,-4.2706,103.3846,30.8519,-0.03,0,4,0,-1.0000 Pb(Glyc)2 1.0000 Pb+2 2.0000 glycolic-acid -2.0000 H+,,Pb+2 2C+3 2C- 6H+ 6O-2,organic_aq,
Sr(Glyc)+,,SrCH3OCO2+,aq,SK95,,8/30/1993,HKF,cal,-257717,-286078,25.645,78,29.4,5.8421,6.4821,3.2052,-3.0469,53.342,12.8441,0.1618,1,4,0,-1.0000 Sr(Glyc)+ 1.0000 Sr+2 1.0000 glycolic-acid -1.0000 H+,,Sr+2 C+3 C- 3H+ 3O-2,organic_aq,
Sr(Glyc)2,,Sr(CH3OCO2)2,aq,SK95,,8/30/1993,HKF,cal,-380197,-441109,55.125,178,81.5,12.9135,23.7481,-3.5809,-3.7606,110.2025,33.2217,-0.03,0,4,0,-1.0000 Sr(Glyc)2 1.0000 Sr+2 2.0000 glycolic-acid -2.0000 H+,,Sr+2 2C+3 2C- 6H+ 6O-2,organic_aq,
Zn(Glyc)+,,ZnCH3OCO2+,aq,SK95,SLOP16.6,6/2/1998,HKF,cal,-159617,-194586,0.19,86.4,21.7,4.9216,4.2387,4.0776,-2.9541,61.8303,14.5628,0.5464,1,4,0,-1.0000 Zn(Glyc)+ 1.0000 Zn+2 1.0000 glycolic-acid -1.0000 H+,,Zn+2 C+3 C- 3H+ 3O-2,organic_aq,
Zn(Glyc)2,,Zn(CH3OCO2)2,aq,SK95,,8/30/1993,HKF,cal,-283311,-353139,21.813,194.5,73,11.743,20.893,-2.4643,-3.6426,119.8505,36.5751,-0.03,0,4,0,-1.0000 Zn(Glyc)2 1.0000 Zn+2 2.0000 glycolic-acid -2.0000 H+,,Zn+2 2C+3 2C- 6H+ 6O-2,organic_aq,
Am(Lac)+2,Am(Lac)+2,AmCH3CH2OCO2+2,aq,MS99,,1/25/1999,HKF,cal,-269140,-319200,-30.5,,,5.0696,4.6,3.935,-2.9691,80.3905,17.9069,1.5168,2,4,0,-1.0000 Am(Lac)+2 1.0000 Am+3 1.0000 lactic-acid -1.0000 H+,,Am+3 C+3 C C-3 5H+ 3O-2,organic_aq,
Am(Lac)2+,Am(Lac)2+,Am(CH3CH2OCO2)2+,aq,MS99,,1/25/1999,HKF,cal,-396460,-489730,-4.2,,,14.0044,26.4165,-4.6398,-3.871,155.4532,46.8867,0.6143,1,4,0,-1.0000 Am(Lac)2+ 1.0000 Am+3 2.0000 lactic-acid -2.0000 H+,,Am+3 2C+3 2C 2C-3 10H+ 6O-2,organic_aq,
Ba(Lac)+,,BaCH3CH2OCO2+,aq,SK95,,8/30/1993,HKF,cal,-257433,-291416,41,110.4,51.2,8.7414,13.5626,0.4195,-3.3396,70.2142,19.4498,-0.0697,1,4,0,-1.0000 Ba(Lac)+ 1.0000 Ba+2 1.0000 lactic-acid -1.0000 H+,,Ba+2 C+3 C C-3 5H+ 3O-2,organic_aq,
Ba(Lac)2,,Ba(CH3CH2OCO2)2,aq,SK95,,8/30/1993,HKF,cal,-380522,-453654,80.919,257.6,122.2,18.4752,37.3316,-8.9265,-4.3222,156.8818,49.4461,-0.03,0,4,0,-1.0000 Ba(Lac)2 1.0000 Ba+2 2.0000 lactic-acid -2.0000 H+,,Ba+2 2C+3 2C 2C-3 10H+ 6O-2,organic_aq,
Ca(Lac)+,,CaCH3CH2OCO2+,aq,SK95,,8/16/1993,HKF,cal,-256587,-294436,23,121.1,45.1,8.0009,11.7524,1.1355,-3.2647,79.0115,21.6361,0.2025,1,4,0,-1.0000 Ca(Lac)+ 1.0000 Ca+2 1.0000 lactic-acid -1.0000 H+,,Ca+2 C+3 C C-3 5H+ 3O-2,organic_aq,
Ca(Lac)2,,Ca(CH3CH2OCO2)2,aq,SK95,,8/16/1993,HKF,cal,-380563,-459217,57.364,278.6,115.4,17.5477,35.0629,-8.0266,-4.2284,169.154,53.7117,-0.03,0,4,0,-1.0000 Ca(Lac)2 1.0000 Ca+2 2.0000 lactic-acid -2.0000 H+,,Ca+2 2C+3 2C 2C-3 10H+ 6O-2,organic_aq,
Cd(Lac)+,,CdCH3CH2OCO2+,aq,SK95,,8/30/1993,HKF,cal,-143409,-183519,17.888,130.2,47.8,8.4019,12.7361,0.739,-3.3054,85.0322,23.4831,0.2792,1,4,0,-1.0000 Cd(Lac)+ 1.0000 Cd+2 1.0000 lactic-acid -1.0000 H+,,Cd+2 C+3 C C-3 5H+ 3O-2,organic_aq,
Cd(Lac)2,,Cd(CH3CH2OCO2)2,aq,SK95,,8/30/1993,HKF,cal,-267699,-349085,50.673,296.3,118.5,17.9656,36.0834,-8.4279,-4.2706,179.5224,57.3155,-0.03,0,4,0,-1.0000 Cd(Lac)2 1.0000 Cd+2 2.0000 lactic-acid -2.0000 H+,,Cd+2 2C+3 2C 2C-3 10H+ 6O-2,organic_aq,
Co(Lac)+,,CoCH3CH2OCO2+,aq,SK95,,8/30/1993,HKF,cal,-137385,-179856,4.799,120.5,38,7.1281,9.6212,1.9722,-3.1766,81.2111,21.5123,0.4799,1,4,0,-1.0000 Co(Lac)+ 1.0000 Co+2 1.0000 lactic-acid -1.0000 H+,,Co+2 C+3 C C-3 5H+ 3O-2,organic_aq,
Co(Lac)2,,Co(CH3CH2OCO2)2,aq,SK95,,8/30/1993,HKF,cal,-261457,-346408,33.545,277.4,107.5,16.4707,32.437,-7.003,-4.1198,168.4594,53.4702,-0.03,0,4,0,-1.0000 Co(Lac)2 1.0000 Co+2 2.0000 lactic-acid -2.0000 H+,,Co+2 2C+3 2C 2C-3 10H+ 6O-2,organic_aq,
Cu(Lac)+,,CuCH3CH2OCO2+,aq,SK95,,8/16/1993,HKF,cal,-110347,-151481,9.98,125.2,37.8,7.0703,9.4856,2.0147,-3.171,83.2379,22.4748,0.3993,1,4,0,-1.0000 Cu(Lac)+ 1.0000 Cu+2 1.0000 lactic-acid -1.0000 H+,,Cu+2 C+3 C C-3 5H+ 3O-2,organic_aq,
Cu(Lac)2,,Cu(CH3CH2OCO2)2,aq,SK95,,8/16/1993,HKF,cal,-235047,-318184,40.325,286.6,107.3,16.4367,32.3514,-6.9634,-4.1163,173.8623,55.3481,-0.03,0,4,0,-1.0000 Cu(Lac)2 1.0000 Cu+2 2.0000 lactic-acid -2.0000 H+,,Cu+2 2C+3 2C 2C-3 10H+ 6O-2,organic_aq,
Eu(Lac)+,,Eu(CH3CH2OCO2)+,aq,SK95,,8/30/1993,HKF,cal,-252899,-288803,38.339,151.6,62.7,10.3407,17.4658,-1.1113,-3.5009,94.7163,27.8372,-0.0294,1,4,0,-1.0000 Eu(Lac)+ 1.0000 Eu+2 1.0000 lactic-acid -1.0000 H+,,Eu+2 C+3 C C-3 5H+ 3O-2,organic_aq,
Eu(Lac)2,,Eu(CH3CH2OCO2)2,aq,SK95,,8/30/1993,HKF,cal,-376425,-451723,77.437,338,135.1,20.2419,41.6449,-10.6207,-4.5005,203.9641,65.8108,-0.03,0,4,0,-1.0000 Eu(Lac)2 1.0000 Eu+2 2.0000 lactic-acid -2.0000 H+,,Eu+2 2C+3 2C 2C-3 10H+ 6O-2,organic_aq,
Fe(Lac)+,,FeCH3CH2OCO2+,aq,SK95,SLOP16.6,6/2/1998,HKF,cal,-147289,-189013,6.708,119.8,40.5,7.4532,10.4168,1.6567,-3.2095,80.5362,21.3748,0.4496,1,4,0,-1.0000 Fe(Lac)+ 1.0000 Fe+2 1.0000 lactic-acid -1.0000 H+,,Fe+2 C+3 C C-3 5H+ 3O-2,organic_aq,
Fe(Lac)2,,Fe(CH3CH2OCO2)2,aq,SK95,SLOP16.6,6/2/1998,HKF,cal,-272042,-356112,36.043,276.1,110.3,16.8444,33.3487,-7.3593,-4.1575,167.6874,53.202,-0.03,0,4,0,-1.0000 Fe(Lac)2 1.0000 Fe+2 2.0000 lactic-acid -2.0000 H+,,Fe+2 2C+3 2C 2C-3 10H+ 6O-2,organic_aq,
K(Lac),,KCH3CH2OCO2,aq,SK95,,8/30/1993,HKF,cal,-190081,-223541,58.868,97.2,75.3,12.0572,21.661,-2.7676,-3.6744,62.8615,16.7671,-0.03,0,4,0,-1.0000 K(Lac) 1.0000 K+ 1.0000 lactic-acid -1.0000 H+,,K+ C+3 C C-3 5H+ 3O-2,organic_aq,
K(Lac)2-,,K(CH3CH2OCO2)2-,aq,SK95,,8/30/1993,HKF,cal,-312475,-388842,86.182,229.7,149.1,22.2742,46.6039,-12.5625,-4.7055,143.7822,43.7607,0.3236,-1,4,0,-1.0000 K(Lac)2- 1.0000 K+ 2.0000 lactic-acid -2.0000 H+,,K+ 2C+3 2C 2C-3 10H+ 6O-2,organic_aq,
La(Lac)+2,,LaCH3CH2OCO2+2,aq,SK95,SLOP98.8,8/30/1993,HKF,cal,-291087,-337701,-18.338,,,5.2529,5.0431,3.7711,-2.9874,76.8931,17.2652,1.3375,2,4,0,-1.0000 La(Lac)+2 1.0000 La+3 1.0000 lactic-acid -1.0000 H+,,La+3 C+3 C C-3 5H+ 3O-2,organic_aq,
Li(Lac),,LiCH3CH2OCO2,aq,SK95,SLOP98.8,8/30/1993,HKF,cal,-192736,-232028,30.798,,,10.5433,17.9646,-1.316,-3.5216,78.9753,22.3678,-0.03,0,4,0,-1.0000 Li(Lac) 1.0000 Li+ 1.0000 lactic-acid -1.0000 H+,,Li+ C+3 C C-3 5H+ 3O-2,organic_aq,
Lu(Lac)+2,,LuCH3CH2OCO2+2,aq,SK95,,8/30/1993,HKF,cal,-287182,-338081,-34.08,,,4.3587,2.8618,4.6243,-2.8972,85.9749,19.6485,1.579,2,4,0,-1.0000 Lu(Lac)+2 1.0000 Lu+3 1.0000 lactic-acid -1.0000 H+,,Lu+3 C+3 C C-3 5H+ 3O-2,organic_aq,
Mg(Lac)+,,MgCH3CH2OCO2+,aq,SK95,,8/30/1993,HKF,cal,-232904,-274593,8,126,41.2,7.5465,10.6466,1.5614,-3.219,84.0159,22.6398,0.4322,1,4,0,-1.0000 Mg(Lac)+ 1.0000 Mg+2 1.0000 lactic-acid -1.0000 H+,,Mg+2 C+3 C C-3 5H+ 3O-2,organic_aq,
Mg(Lac)2,,Mg(CH3CH2OCO2)2,aq,SK95,,8/30/1993,HKF,cal,-356826,-440700,37.734,288.2,111.1,16.9548,33.6148,-7.4563,-4.1685,174.7884,55.6701,-0.03,0,4,0,-1.0000 Mg(Lac)2 1.0000 Mg+2 2.0000 lactic-acid -2.0000 H+,,Mg+2 2C+3 2C 2C-3 10H+ 6O-2,organic_aq,
Mn(Lac)+,,MnCH3CH2OCO2+,aq,SK95,,8/30/1993,HKF,cal,-178981,-217756,17.615,128.8,46.1,8.1746,12.1772,0.9667,-3.2823,84.2783,23.2081,0.2832,1,4,0,-1.0000 Mn(Lac)+ 1.0000 Mn+2 1.0000 lactic-acid -1.0000 H+,,Mn+2 C+3 C C-3 5H+ 3O-2,organic_aq,
Mn(Lac)2,,Mn(CH3CH2OCO2)2,aq,SK95,,8/30/1993,HKF,cal,-302971,-383047,50.317,293.6,116.6,17.7108,35.4655,-8.1945,-4.245,177.9788,56.7789,-0.03,0,4,0,-1.0000 Mn(Lac)2 1.0000 Mn+2 2.0000 lactic-acid -2.0000 H+,,Mn+2 2C+3 2C 2C-3 10H+ 6O-2,organic_aq,
Na(Lac),,NaCH3CH2OCO2,aq,SK95,,8/16/1993,HKF,cal,-185189,-221669,45.533,113.1,64,10.5067,17.8733,-1.276,-3.5178,72.1974,20.0121,-0.03,0,4,0,-1.0000 Na(Lac) 1.0000 Na+ 1.0000 lactic-acid -1.0000 H+,,Na+ C+3 C C-3 5H+ 3O-2,organic_aq,
Na(Lac)2-,,Na(CH3CH2OCO2)2-,aq,SK95,,8/16/1993,HKF,cal,-307610,-388006,69.462,260.8,136.5,20.6323,42.5939,-10.9852,-4.5397,164.3333,50.0919,0.5771,-1,4,0,-1.0000 Na(Lac)2- 1.0000 Na+ 2.0000 lactic-acid -2.0000 H+,,Na+ 2C+3 2C 2C-3 10H+ 6O-2,organic_aq,
Ni(Lac)+,,NiCH3CH2OCO2+,aq,SK95,SLOP16.6,6/2/1998,HKF,cal,-135599,-179621,-0.382,111.7,32.9,6.4541,7.98,2.6079,-3.1088,76.8142,19.7248,0.5608,1,4,0,-1.0000 Ni(Lac)+ 1.0000 Ni+2 1.0000 lactic-acid -1.0000 H+,,Ni+2 C+3 C C-3 5H+ 3O-2,organic_aq,
Ni(Lac)2,,Ni(CH3CH2OCO2)2,aq,SK95,,8/30/1993,HKF,cal,-259957,-346896,26.765,260.3,101.8,15.6892,30.5284,-6.2512,-4.0409,158.4254,49.9827,-0.03,0,4,0,-1.0000 Ni(Lac)2 1.0000 Ni+2 2.0000 lactic-acid -2.0000 H+,,Ni+2 2C+3 2C 2C-3 10H+ 6O-2,organic_aq,
Pb(Lac)+,,PbCH3CH2OCO2+,aq,SK95,,8/16/1993,HKF,cal,-131350,-163610,47.338,109.5,47.8,8.2516,12.3686,0.8843,-3.2902,68.8031,19.2665,-0.1656,1,4,0,-1.0000 Pb(Lac)+ 1.0000 Pb+2 1.0000 lactic-acid -1.0000 H+,,Pb+2 C+3 C C-3 5H+ 3O-2,organic_aq,
Pb(Lac)2,,Pb(CH3CH2OCO2)2,aq,SK95,,8/16/1993,HKF,cal,-256295,-327120,89.213,255.9,118.5,17.9656,36.0834,-8.4279,-4.2706,155.8527,49.0884,-0.03,0,4,0,-1.0000 Pb(Lac)2 1.0000 Pb+2 2.0000 lactic-acid -2.0000 H+,,Pb+2 2C+3 2C 2C-3 10H+ 6O-2,organic_aq,
Sr(Lac)+,,SrCH3CH2OCO2+,aq,SK95,,8/30/1993,HKF,cal,-258627,-295697,29,115.4,45.8,8.0696,11.9219,1.0649,-3.2718,74.8585,20.4811,0.1124,1,4,0,-1.0000 Sr(Lac)+ 1.0000 Sr+2 1.0000 lactic-acid -1.0000 H+,,Sr+2 C+3 C C-3 5H+ 3O-2,organic_aq,
Sr(Lac)2,,Sr(CH3CH2OCO2)2,aq,SK95,,8/30/1993,HKF,cal,-382098,-459421,65.215,267.5,116.2,17.6581,35.3352,-8.139,-4.2397,162.6705,51.4582,-0.03,0,4,0,-1.0000 Sr(Lac)2 1.0000 Sr+2 2.0000 lactic-acid -2.0000 H+,,Sr+2 2C+3 2C 2C-3 10H+ 6O-2,organic_aq,
Zn(Lac)+,,ZnCH3CH2OCO2+,aq,SK95,,8/30/1993,HKF,cal,-160731,-200064,18,123.9,38.1,7.0755,9.4969,2.0126,-3.1715,81.34,22.1998,0.2792,1,4,0,-1.0000 Zn(Lac)+ 1.0000 Zn+2 1.0000 lactic-acid -1.0000 H+,,Zn+2 C+3 C C-3 5H+ 3O-2,organic_aq,
Zn(Lac)2,,Zn(CH3CH2OCO2)2,aq,SK95,,8/30/1993,HKF,cal,-285376,-364728,55,284,107.7,16.4877,32.4799,-7.0229,-4.1216,172.3186,54.8116,-0.03,0,4,0,-1.0000 Zn(Lac)2 1.0000 Zn+2 2.0000 lactic-acid -2.0000 H+,,Zn+2 2C+3 2C 2C-3 10H+ 6O-2,organic_aq,
Pd(SO4)2-2,Pd(SO4)2-2,Pd(SO4)2-2,aq,SS98a.3,,4/14/1995,HKF,cal,-319640,-388900,19.2,-34.4,27.4,6.502,8.0916,2.5759,-3.1134,12.9271,-10.0418,2.9221,-2,4,0,-1.0000 Pd(SO4)2-2 1.0000 Pd+2 2.0000 SO4-2,,Pd+2 2S+6 8O-2,inorganic_aq,
Pd(SO4)3-4,Pd(SO4)3-4,Pd(SO4)3-4,aq,SS98a.3,,7/28/1994,HKF,cal,-499900,-603950,39.4,-48.2,50.8,10.7074,18.3646,-1.4712,-3.5381,32.1909,-12.8528,5.891,-4,4,0,-1.0000 Pd(SO4)3-4 1.0000 Pd+2 3.0000 SO4-2,,Pd+2 3S+6 12O-2,inorganic_aq,
Pt(SO4)2-2,Pt(SO4)2-2,Pt(SO4)2-2,aq,SS98a.3,,4/14/1995,HKF,cal,-300670,-371080,16.4,-35.8,25.7,6.277,7.5454,2.7833,-3.0908,12.5104,-10.3208,2.9641,-2,4,0,-1.0000 Pt(SO4)2-2 1.0000 Pt+2 2.0000 SO4-2,,Pt+2 2S+6 8O-2,inorganic_aq,
Pt(SO4)3-4,Pt(SO4)3-4,Pt(SO4)3-4,aq,SS98a.3,,4/14/1995,HKF,cal,-480380,-588630,36.3,-50.2,49.3,10.5204,17.906,-1.2876,-3.5191,31.4399,-13.2501,5.9335,-4,4,0,-1.0000 Pt(SO4)3-4 1.0000 Pt+2 3.0000 SO4-2,,Pt+2 3S+6 12O-2,inorganic_aq,
Rh(SO4)2-,Rh(SO4)2-,Rh(SO4)2-,aq,SS98a,,3/30/1995,HKF,cal,-306100,-375600,1.4,-59,10.5,3.7426,1.356,5.219,-2.835,-13.5564,-15.0447,1.6098,-1,4,0,-1.0000 Rh(SO4)2- 1.0000 Rh+3 2.0000 SO4-2,,Rh+3 2S+6 8O-2,inorganic_aq,
Rh(SO4)2-2,Rh(SO4)2-2,Rh(SO4)2-2,aq,SS98a,,3/30/1995,HKF,cal,-334100,-405300,11.2,-38.2,27.5,6.5508,8.2134,2.5221,-3.1184,11.8357,-10.8057,3.0422,-2,4,0,-1.0000 Rh(SO4)2-2 1.0000 Rh+2 2.0000 SO4-2,,Rh+2 2S+6 8O-2,inorganic_aq,
Rh(SO4)3-3,Rh(SO4)3-3,Rh(SO4)3-3,aq,SS98a,,3/30/1995,HKF,cal,-483700,-583100,37.9,-73.3,37.5,8.3237,12.5416,0.8232,-3.2974,2.2248,-17.9739,4.2376,-3,4,0,-1.0000 Rh(SO4)3-3 1.0000 Rh+3 3.0000 SO4-2,,Rh+3 3S+6 12O-2,inorganic_aq,
Rh(SO4)3-4,Rh(SO4)3-4,Rh(SO4)3-4,aq,SS98a,,3/30/1995,HKF,cal,-514100,-620300,30.8,-52.5,46.6,10.1823,17.0821,-0.9968,-3.4851,30.8559,-13.7349,6.0215,-4,4,0,-1.0000 Rh(SO4)3-4 1.0000 Rh+2 3.0000 SO4-2,,Rh+2 3S+6 12O-2,inorganic_aq,
Ru(SO4)2-,Ru(SO4)2-,Ru(SO4)2-,aq,SS98a,,3/30/1995,HKF,cal,-317900,-386900,2.2,-57.5,13.6,4.1644,2.385,4.8162,-2.8775,-12.8031,-14.7391,1.5962,-1,4,0,-1.0000 Ru(SO4)2- 1.0000 Ru+3 2.0000 SO4-2,,Ru+3 2S+6 8O-2,inorganic_aq,
Ru(SO4)2-2,Ru(SO4)2-2,Ru(SO4)2-2,aq,SS98a,,3/30/1995,HKF,cal,-325400,-395900,12.9,-37.4,23.5,6.0041,6.8814,3.0404,-3.0634,12.0868,-10.6447,3.0192,-2,4,0,-1.0000 Ru(SO4)2-2 1.0000 Ru+2 2.0000 SO4-2,,Ru+2 2S+6 8O-2,inorganic_aq,
Ru(SO4)3-3,Ru(SO4)3-3,Ru(SO4)3-3,aq,SS98a,,3/30/1995,HKF,cal,-495200,-594200,38.7,-71.8,40.1,8.6782,13.4099,0.4753,-3.3333,2.9774,-17.6683,4.2239,-3,4,0,-1.0000 Ru(SO4)3-3 1.0000 Ru+3 3.0000 SO4-2,,Ru+3 3S+6 12O-2,inorganic_aq,
Ru(SO4)3-4,Ru(SO4)3-4,Ru(SO4)3-4,aq,SS98a,,3/30/1995,HKF,cal,-504800,-610200,32.7,-51.7,47.5,10.2946,17.3557,-1.0726,-3.4964,31.0613,-13.5739,5.9936,-4,4,0,-1.0000 Ru(SO4)3-4 1.0000 Ru+2 3.0000 SO4-2,,Ru+2 3S+6 12O-2,inorganic_aq,
aegerine,Agt,NaFe(SiO3)2,cr,HDNB78,,5/5/1978,CGL,cal,,,36.7,,64.37,46.16,0.01931,-946000,0,0,0,0,950,,,-1.0000 aegerine 1.0000 Fe+3 1.0000 Na+ 2.0000 SiO2 -4.0000 H+ 2.0000 H2O,,6O-2 Na+ 2Si+4 Fe+3,inorganic_cr,
aegerine,Agt,NaFe(SiO3)2,cr2,HDNB78,OBIGT.1,5/5/1978,CGL,cal,-82.386,,34.6051,,64.37,52.42,0.01001,-768000,0,0,0,0,1050,,,-1.0000 aegerine 1.0000 Fe+3 1.0000 Na+ 2.0000 SiO2 -4.0000 H+ 2.0000 H2O,,6O-2 Na+ 2Si+4 Fe+3,inorganic_cr,
aegerine,Agt,NaFe(SiO3)2,cr3,HDNB78,OBIGT.1,5/5/1978,CGL,cal,478.346,,36.6502,,64.37,50.27,0.01089,-768000,0,0,0,0,1400,,,-1.0000 aegerine 1.0000 Fe+3 1.0000 Na+ 2.0000 SiO2 -4.0000 H+ 2.0000 H2O,,6O-2 Na+ 2Si+4 Fe+3,inorganic_cr,
almandine,Alm,Fe3Al2Si3O12,cr,HDNB78,RH95.3,7/6/2020,CGL,cal,-1181142,-1258293,81.88,82.05,115.28,97.52,0.03364,-1873000,0,0,0,0,848,,,-1.0000 almandine 3.0000 Fe+2 2.0000 Al+3 3.0000 SiO2 -12.0000 H+ 6.0000 H2O,,3Fe+2 2Al+3 3Si+4 12O-2,inorganic_cr,
almandine,Alm,Fe3Al2Si3O12,cr2,HDNB78,OBIGT.1,7/6/2020,CGL,cal,-1181153.741,,78.21,,115.28,107.09,0.01486,-1063000,0,0,0,0,1600,,,-1.0000 almandine 3.0000 Fe+2 2.0000 Al+3 3.0000 SiO2 -12.0000 H+ 6.0000 H2O,,3Fe+2 2Al+3 3Si+4 12O-2,inorganic_cr,
bromellite,Brm,BeO,cr,HDNB78,RH95.6,7/6/2020,CGL_Ttr,cal,-138647,-145650,3.29,6.11,8.309,8.45,0.004,-317000,0,0,0,0,1200,,,-1.0000 bromellite 1.0000 Be+2 -2.0000 H+ 1.0000 H2O,,Be+2 O-2,inorganic_cr,
celadonite,Cln,K(MgAl)Si4O10(OH)2,cr,HDNB78,,5/5/1978,CGL,cal,,,74.9,,157.1,80.25,0.0253,-1854000,0,0,0,0,1000,,,-1.0000 celadonite 1.0000 Al+3 1.0000 K+ 1.0000 Mg+2 4.0000 SiO2 -6.0000 H+ 4.0000 H2O,,12O-2 2H+ Al+3 Mg+2 4Si+4 K+,inorganic_cr,
chabazite,Cbz,Ca(Al2Si4)O12*6H2O,cr,HDNB78,,5/5/1978,CGL,cal,,,152.9,,247.76,146,0.04447,-1643000,0,0,0,0,1000,,,-1.0000 chabazite 2.0000 Al+3 1.0000 Ca+2 4.0000 SiO2 -8.0000 H+ 10.0000 H2O,,18O-2 12H+ 2Al+3 4Si+4 Ca+2,inorganic_cr,
chloritoid,Cld,FeAl2SiO5(OH)2,cr,HDNB78,,5/5/1978,CGL,cal,,,42.1,,69.8,60.63,0.01713,-1363000,0,0,0,0,1000,,,-1.0000 chloritoid 2.0000 Al+3 1.0000 Fe+2 1.0000 SiO2 -8.0000 H+ 5.0000 H2O,,7O-2 2H+ 2Al+3 Si+4 Fe+2,inorganic_cr,
cummingtonite,Cum,Mg7Si8O22(OH)2,cr,HDNB78,,8/16/2015,CGL,cal,,,127.5,,271.9,185.24,0.05861,-4166000,0,0,0,0,800,,,-1.0000 cummingtonite 7.0000 Mg+2 8.0000 SiO2 -14.0000 H+ 8.0000 H2O,,24O-2 2H+ 8Si+4 7Mg+2,inorganic_cr,
dickite,Dck,Al2Si2O5(OH)4,cr,HDNB78,RH95.3,7/6/2020,CGL,cal,-907266,-984345,47.11,57.26,99.3,72.77,0.0292,-2152000,0,0,0,0,1000,,,-1.0000 dickite 2.0000 Al+3 2.0000 SiO2 -6.0000 H+ 5.0000 H2O,,9O-2 4H+ 2Al+3 2Si+4,inorganic_cr,
edenite,Ed,Na(Ca2Mg5)(AlSi7)O22(OH2),cr,HDNB78,,5/5/1978,CGL,cal,,,161,,271,199.71,0.04878,-4601000,0,0,0,0,848,,,-1.0000 edenite 1.0000 Al+3 2.0000 Ca+2 5.0000 Mg+2 1.0000 Na+ 7.0000 SiO2 -18.0000 H+ -0.5000 O2(g) 10.0000 H2O,,23O-2 2H+ Na+ Al+3 5Mg+2 7Si+4 2Ca+2,inorganic_cr,
edenite,Ed,Na(Ca2Mg5)(AlSi7)O22(OH2),cr2,HDNB78,OBIGT.1,5/5/1978,CGL,cal,-3.895,,159.7767,,271,202.9,0.04252,-4331000,0,0,0,0,1000,,,-1.0000 edenite 1.0000 Al+3 2.0000 Ca+2 5.0000 Mg+2 1.0000 Na+ 7.0000 SiO2 -18.0000 H+ -0.5000 O2(g) 10.0000 H2O,,23O-2 2H+ Na+ Al+3 5Mg+2 7Si+4 2Ca+2,inorganic_cr,
ferroedenite,Fe-Ed,Na(Ca2Fe5)(AlSi7)O22(OH)2,cr,HDNB78,,5/5/1978,CGL,cal,,,193.7,,280.9,209.42,0.05044,-4236000,0,0,0,0,848,,,-1.0000 ferroedenite 1.0000 Al+3 2.0000 Ca+2 5.0000 Fe+2 1.0000 Na+ 7.0000 SiO2 -18.0000 H+ 10.0000 H2O,,24O-2 2H+ Na+ Al+3 7Si+4 5Fe+2 2Ca+2,inorganic_cr,
ferroedenite,Fe-Ed,Na(Ca2Fe5)(AlSi7)O22(OH)2,cr2,HDNB78,OBIGT.1,5/5/1978,CGL,cal,-3.895,,192.4767,,280.9,212.61,0.04418,-3966000,0,0,0,0,1000,,,-1.0000 ferroedenite 1.0000 Al+3 2.0000 Ca+2 5.0000 Fe+2 1.0000 Na+ 7.0000 SiO2 -18.0000 H+ 10.0000 H2O,,24O-2 2H+ Na+ Al+3 7Si+4 5Fe+2 2Ca+2,inorganic_cr,
ferrogedrite,Fe-Ged,(Fe5Al2)(Al2Si6)O22(OH)2,cr,HDNB78,,5/5/1978,CGL,cal,,,153.5,,265.9,196.27,0.05839,-3901000,0,0,0,0,903,,,-1.0000 ferrogedrite 4.0000 Al+3 5.0000 Fe+2 6.0000 SiO2 -22.0000 H+ 12.0000 H2O,,24O-2 2H+ 4Al+3 6Si+4 5Fe+2,inorganic_cr,
ferrogedrite,Fe-Ged,(Fe5Al2)(Al2Si6)O22(OH)2,cr2,HDNB78,OBIGT.1,5/5/1978,CGL,cal,-1524.649,,143.598,,265.9,204.7,0.04891,-2645000,0,0,0,0,1258,,,-1.0000 ferrogedrite 4.0000 Al+3 5.0000 Fe+2 6.0000 SiO2 -22.0000 H+ 12.0000 H2O,,24O-2 2H+ 4Al+3 6Si+4 5Fe+2,inorganic_cr,
ferrogedrite,Fe-Ged,(Fe5Al2)(Al2Si6)O22(OH)2,cr3,HDNB78,OBIGT.1,5/5/1978,CGL,cal,-2049.966,,142.1727,,265.9,205.69,0.04891,-2645000,0,0,0,0,1500,,,-1.0000 ferrogedrite 4.0000 Al+3 5.0000 Fe+2 6.0000 SiO2 -22.0000 H+ 12.0000 H2O,,24O-2 2H+ 4Al+3 6Si+4 5Fe+2,inorganic_cr,
ferropargasite,Fe-Prg,Na(Ca2Fe4Al)(Al2Si6)O22(OH)2,cr,HDNB78,,5/5/1978,CGL,cal,-2526187,-2686900,185.5,,279.89,213.57,0.04299,-4729000,0,0,0,0,1000,,,-1.0000 ferropargasite 3.0000 Al+3 2.0000 Ca+2 4.0000 Fe+2 1.0000 Na+ 6.0000 SiO2 -22.0000 H+ 12.0000 H2O,,24O-2 2H+ Na+ 3Al+3 6Si+4 4Fe+2 2Ca+2,inorganic_cr,
fluoredenite,Fl-Ed,Na(Ca2Mg5)(AlSi7)O22(F)2,cr,HDNB78,,5/5/1978,CGL,cal,,,146.7,,272.5,195.23,0.04674,-4492000,0,0,0,0,848,,,-1.0000 fluoredenite 1.0000 Al+3 2.0000 Ca+2 2.0000 F- 5.0000 Mg+2 1.0000 Na+ 7.0000 SiO2 -16.0000 H+ 8.0000 H2O,,22O-2 Na+ Al+3 5Mg+2 7Si+4 2F- 2Ca+2,inorganic_cr,
fluoredenite,Fl-Ed,Na(Ca2Mg5)(AlSi7)O22(F)2,cr2,HDNB78,OBIGT.1,5/5/1978,CGL,cal,-3.895,,145.4767,,272.5,198.42,0.04048,-4222000,0,0,0,0,1000,,,-1.0000 fluoredenite 1.0000 Al+3 2.0000 Ca+2 2.0000 F- 5.0000 Mg+2 1.0000 Na+ 7.0000 SiO2 -16.0000 H+ 8.0000 H2O,,22O-2 Na+ Al+3 5Mg+2 7Si+4 2F- 2Ca+2,inorganic_cr,
fluorphlogopite,F-Phl,KMg3(AlSi3)O10(F)2,cr,HDNB78,RH95.4,7/6/2020,CGL,cal,-1437787,-1519001,80.38,,146.37,96.13,0.02674,-2041000,0,0,0,0,1000,,,-1.0000 fluorphlogopite 1.0000 Al+3 2.0000 F- 1.0000 K+ 3.0000 Mg+2 3.0000 SiO2 -8.0000 H+ 4.0000 H2O,,10O-2 Al+3 3Si+4 3Mg+2 2F- K+,inorganic_cr,
fluortremolite,F-Tr,(Ca2Mg5)Si8O22(F)2,cr,HDNB78,,5/5/1978,CGL,cal,,,129.4,,270.45,183.74,0.05525,-4373000,0,0,0,0,800,,,-1.0000 fluortremolite 2.0000 Ca+2 2.0000 F- 5.0000 Mg+2 8.0000 SiO2 -12.0000 H+ 6.0000 H2O,,22O-2 8Si+4 5Mg+2 2F- 2Ca+2,inorganic_cr,
glaucophane,Gln,Na2(Mg3Al2)Si8O22(OH)2,cr,HDNB78,RH95.3,7/6/2020,CGL,cal,-2684226,-2859465,129.35,154.27,269.7,190.26,0.05936,-5001000,0,0,0,0,800,,,-1.0000 glaucophane 2.0000 Al+3 3.0000 Mg+2 2.0000 Na+ 8.0000 SiO2 -14.0000 H+ 8.0000 H2O,,24O-2 2H+ 2Na+ 2Al+3 3Mg+2 8Si+4,inorganic_cr,
grunerite,Gru,Fe7Si8O22(OH)2,cr,HDNB78,RH95.3,7/6/2020,CGL,cal,-2142639,-2299952,173.28,162.78,256.67,198.83,0.06093,-3955000,0,0,0,0,800,,,-1.0000 grunerite 7.0000 Fe+2 8.0000 SiO2 -14.0000 H+ 8.0000 H2O,,24O-2 2H+ 8Si+4 7Fe+2,inorganic_cr,
halloysite,Hal,Al2Si2O5(OH)4,cr,HDNB78,RH95.3,11/10/2020,CGL,cal,-903609,-980282,48.52,58.87,99.3,72.77,0.0292,-2152000,0,0,0,0,1000,,,-1.0000 halloysite 2.0000 Al+3 2.0000 SiO2 -6.0000 H+ 5.0000 H2O,,9O-2 4H+ 2Al+3 2Si+4,inorganic_cr,
hastingsite,Hs,Na(Ca2Fe4Fe)(Al2Si6)O22(OH)2,cr,HDNB78,,5/5/1978,CGL,cal,,,189.2,,280.3,211.57,0.05088,-4488000,0,0,0,0,950,,,-1.0000 hastingsite 2.0000 Al+3 2.0000 Ca+2 4.0000 Fe+2 1.0000 Fe+3 1.0000 Na+ 6.0000 SiO2 -22.0000 H+ 12.0000 H2O,,24O-2 2H+ Na+ 2Al+3 6Si+4 4Fe+2 Fe+3 2Ca+2,inorganic_cr,
hastingsite,Hs,Na(Ca2Fe4Fe)(Al2Si6)O22(OH)2,cr2,HDNB78,OBIGT.1,5/5/1978,CGL,cal,-79.315,,187.1167,,280.3,217.82,0.04158,-4310000,0,0,0,0,1050,,,-1.0000 hastingsite 2.0000 Al+3 2.0000 Ca+2 4.0000 Fe+2 1.0000 Fe+3 1.0000 Na+ 6.0000 SiO2 -22.0000 H+ 12.0000 H2O,,24O-2 2H+ Na+ 2Al+3 6Si+4 4Fe+2 Fe+3 2Ca+2,inorganic_cr,
hastingsite,Hs,Na(Ca2Fe4Fe)(Al2Si6)O22(OH)2,cr3,HDNB78,OBIGT.1,5/5/1978,CGL,cal,477.644,,189.1492,,280.3,215.68,0.04246,-4310000,0,0,0,0,1500,,,-1.0000 hastingsite 2.0000 Al+3 2.0000 Ca+2 4.0000 Fe+2 1.0000 Fe+3 1.0000 Na+ 6.0000 SiO2 -22.0000 H+ 12.0000 H2O,,24O-2 2H+ Na+ 2Al+3 6Si+4 4Fe+2 Fe+3 2Ca+2,inorganic_cr,
heulandite,Hul,Ca(Al2Si7)O18*6H2O,cr,HDNB78,,5/5/1978,CGL,cal,,,182.4,,316.37,179.66,0.06907,-2453000,0,0,0,0,848,,,-1.0000 heulandite 2.0000 Al+3 1.0000 Ca+2 7.0000 SiO2 -8.0000 H+ 10.0000 H2O,,24O-2 12H+ 2Al+3 7Si+4 Ca+2,inorganic_cr,
heulandite,Hul,Ca(Al2Si7)O18*6H2O,cr2,HDNB78,OBIGT.1,5/5/1978,CGL,cal,-11.741,,178.73,,316.37,189.23,0.05029,-1643000,0,0,0,0,1000,,,-1.0000 heulandite 2.0000 Al+3 1.0000 Ca+2 7.0000 SiO2 -8.0000 H+ 10.0000 H2O,,24O-2 12H+ 2Al+3 7Si+4 Ca+2,inorganic_cr,
larnite,Lrn,Ca2SiO4,cr,HDNB78,RH95.5,7/6/2020,CGL,cal,-523709,-551315,30.5,,51.6,34.87,0.00974,-626000,0,0,0,0,970,,,-1.0000 larnite 2.0000 Ca+2 1.0000 SiO2 -4.0000 H+ 2.0000 H2O,,2Ca+2 Si+4 4O-2,inorganic_cr,
larnite,Lrn,Ca2SiO4,cr2,HDNB78,OBIGT.1,7/6/2020,CGL,cal,-523329.235,,30.1022,,51.6,32.16,0.01102,0,0,0,0,0,1710,,,-1.0000 larnite 2.0000 Ca+2 1.0000 SiO2 -4.0000 H+ 2.0000 H2O,,2Ca+2 Si+4 4O-2,inorganic_cr,
larnite,Lrn,Ca2SiO4,cr3,HDNB78,OBIGT.1,7/6/2020,CGL,cal,-524553.027,,18.2296,,51.6,49,0,0,0,0,0,0,2000,,,-1.0000 larnite 2.0000 Ca+2 1.0000 SiO2 -4.0000 H+ 2.0000 H2O,,2Ca+2 Si+4 4O-2,inorganic_cr,
laurite,laur,RuS2,cr,SS98a.1,,6/10/1992,CGL,cal,-45030,-47680,13.2,15.85,25.56,17.012,0.001618,-146200,0,0,0,0,1500,,,-1.0000 laurite 1.0000 Ru+2 2.0000 SO4-2 2.0000 H+ -3.5000 O2(g) -1.0000 H2O,,Ru+2 2S-,inorganic_cr,
leonhardite,Lnr,Ca2(Al4Si8)O24*7H2O,cr,HDNB78,,5/5/1978,CGL,cal,,,220.4,,407.86,235,0.08894,-3286000,0,0,0,0,1000,,,-1.0000 leonhardite 4.0000 Al+3 2.0000 Ca+2 8.0000 SiO2 -16.0000 H+ 15.0000 H2O,,31O-2 14H+ 4Al+3 8Si+4 2Ca+2,inorganic_cr,
litharge,,PbO,cr,SSWS97.1,SLOP98.1,4/11/1995,CGL,cal,-45220,-52540,15.85,,23.91,12.193,0.002455,-176560,0,0,0,0,2000,,,-1.0000 litharge 1.0000 Pb+2 -2.0000 H+ 1.0000 H2O,,Pb+2 O-2,inorganic_cr,
magnesiohastingsite,Mg-Hs,Na(Ca2Mg4Fe)(Al2Si6)O22(OH)2,cr,HDNB78,,5/5/1978,CGL,cal,,,163.8,,273.8,203.8,0.04955,-4780000,0,0,0,0,950,,,-1.0000 magnesiohastingsite 2.0000 Al+3 2.0000 Ca+2 1.0000 Fe+3 4.0000 Mg+2 1.0000 Na+ 6.0000 SiO2 -22.0000 H+ 12.0000 H2 6.0000 O2(g),,Na+ 4Mg+2 24O-2 2H+ 2Al+3 6Si+4 Fe+3 2Ca+2,inorganic_cr,
magnesiohastingsite,Mg-Hs,Na(Ca2Mg4Fe)(Al2Si6)O22(OH)2,cr2,HDNB78,OBIGT.1,5/5/1978,CGL,cal,-247.815,,161.0793,,273.8,210.6,0.04025,-4602000,0,0,0,0,1050,,,-1.0000 magnesiohastingsite 2.0000 Al+3 2.0000 Ca+2 1.0000 Fe+3 4.0000 Mg+2 1.0000 Na+ 6.0000 SiO2 -22.0000 H+ 12.0000 H2 6.0000 O2(g),,Na+ 4Mg+2 24O-2 2H+ 2Al+3 6Si+4 Fe+3 2Ca+2,inorganic_cr,
magnesiohastingsite,Mg-Hs,Na(Ca2Mg4Fe)(Al2Si6)O22(OH)2,cr3,HDNB78,OBIGT.1,5/5/1978,CGL,cal,516.199,,163.8042,,273.8,207.91,0.04113,-4602000,0,0,0,0,1500,,,-1.0000 magnesiohastingsite 2.0000 Al+3 2.0000 Ca+2 1.0000 Fe+3 4.0000 Mg+2 1.0000 Na+ 6.0000 SiO2 -22.0000 H+ 12.0000 H2 6.0000 O2(g),,Na+ 4Mg+2 24O-2 2H+ 2Al+3 6Si+4 Fe+3 2Ca+2,inorganic_cr,
magnesioriebeckite,Mg-Rbk,Na2(Mg3Fe2)Si8O22(OH)2,cr,HDNB78,,5/5/1978,CGL,cal,,,138,,271.3,186.26,0.07514,-4518000,0,0,0,0,950,,,-1.0000 magnesioriebeckite 2.0000 Fe+3 3.0000 Mg+2 2.0000 Na+ 8.0000 SiO2 -14.0000 H+ 8.0000 H2O,,24O-2 2H+ 2Na+ 8Si+4 3Mg+2 2Fe+3,inorganic_cr,
magnesioriebeckite,Mg-Rbk,Na2(Mg3Fe2)Si8O22(OH)2,cr2,HDNB78,OBIGT.1,5/5/1978,CGL,cal,-160.892,,133.8269,,271.3,198.77,0.05654,-4163000,0,0,0,0,1050,,,-1.0000 magnesioriebeckite 2.0000 Fe+3 3.0000 Mg+2 2.0000 Na+ 8.0000 SiO2 -14.0000 H+ 8.0000 H2O,,24O-2 2H+ 2Na+ 8Si+4 3Mg+2 2Fe+3,inorganic_cr,
magnesioriebeckite,Mg-Rbk,Na2(Mg3Fe2)Si8O22(OH)2,cr3,HDNB78,OBIGT.1,5/5/1978,CGL,cal,956.799,,137.9045,,271.3,194.48,0.0583,-4163000,0,0,0,0,1500,,,-1.0000 magnesioriebeckite 2.0000 Fe+3 3.0000 Mg+2 2.0000 Na+ 8.0000 SiO2 -14.0000 H+ 8.0000 H2O,,24O-2 2H+ 2Na+ 8Si+4 3Mg+2 2Fe+3,inorganic_cr,
natrolite,Ntr,Na2(Al2Si3)O10*2H2O,cr,HDNB78,,5/5/1978,CGL,cal,,,101.6,,169.72,95.76,0.04008,-1506000,0,0,0,0,848,,,-1.0000 natrolite 2.0000 Al+3 2.0000 Na+ 3.0000 SiO2 -8.0000 H+ 6.0000 H2O,,12O-2 4H+ 2Na+ 2Al+3 3Si+4,inorganic_cr,
natrolite,Ntr,Na2(Al2Si3)O10*2H2O,cr2,HDNB78,OBIGT.1,5/5/1978,CGL,cal,3.895,,102.8233,,169.72,92.57,0.04634,-1776000,0,0,0,0,1000,,,-1.0000 natrolite 2.0000 Al+3 2.0000 Na+ 3.0000 SiO2 -8.0000 H+ 6.0000 H2O,,12O-2 4H+ 2Na+ 2Al+3 3Si+4,inorganic_cr,
palladium,Pd,Pd,cr,SS98a.1,,4/14/1992,CGL,cal,0,0,9.04,6.06,8.861,5.73,0.001418,-8500,0,0,0,0,1800,,,-1.0000 palladium 1.0000 Pd+2 -2.0000 H+ -0.5000 O2(g) 1.0000 H2O,,Pd,inorganic_cr,
platinum,Pt,Pt,cr,SS98a.1,,4/14/1992,CGL,cal,0,0,9.95,6.18,9.09,5.831,0.001255,-1900,0,0,0,0,2000,,,-1.0000 platinum 1.0000 Pt+2 -2.0000 H+ -0.5000 O2(g) 1.0000 H2O,,Pt,inorganic_cr,
pyrope,Prp,Mg3Al2Si3O12,cr,HDNB78,RH95.3,7/6/2020,CGL,cal,-1418380,-1502151,63.64,77.86,113.27,91.69,0.03264,-2092000,0,0,0,0,848,,,-1.0000 pyrope 3.0000 Mg+2 2.0000 Al+3 3.0000 SiO2 -12.0000 H+ 6.0000 H2O,,3Mg+2 2Al+3 3Si+4 12O-2,inorganic_cr,
pyrope,Prp,Mg3Al2Si3O12,cr2,HDNB78,OBIGT.1,7/6/2020,CGL,cal,-1418391.741,,59.97,,113.27,101.26,0.01386,-1282000,0,0,0,0,1800,,,-1.0000 pyrope 3.0000 Mg+2 2.0000 Al+3 3.0000 SiO2 -12.0000 H+ 6.0000 H2O,,3Mg+2 2Al+3 3Si+4 12O-2,inorganic_cr,
quicksilver,Hg,Hg,cr,HDNB78,,5/5/1978,CGL,cal,0,0,18.17,,14.822,6.44,0,19000,0,0,0,0,629,,,-1.0000 quicksilver 1.0000 Hg+2 -2.0000 H+ -0.5000 O2(g) 1.0000 H2O,,Hg,inorganic_cr,
quicksilver,Hg,Hg,cr2,HDNB78,OBIGT.1,5/5/1978,CGL,cal,7605.527,14659.869,41.8304,,14.822,4.97,0,0,0,0,0,0,3000,,,-1.0000 quicksilver 1.0000 Hg+2 -2.0000 H+ -0.5000 O2(g) 1.0000 H2O,,Hg,inorganic_cr,
rhodium,Rh,Rh,cr,SS98a.1,,4/14/1992,CGL,cal,0,0,7.53,5.92,8.281,5.73,0.001895,-33300,0,0,0,0,1800,,,-1.0000 rhodium 1.0000 Rh+2 -2.0000 H+ -0.5000 O2(g) 1.0000 H2O,,Rh,inorganic_cr,
richterite,Rct,Na2(CaMg5)Si8O22(OH)2,cr,HDNB78,,5/5/1978,CGL,cal,,,137.6,,272.8,194.8,0.0611,-4615000,0,0,0,0,800,,,-1.0000 richterite 1.0000 Ca+2 5.0000 Mg+2 2.0000 Na+ 8.0000 SiO2 -14.0000 H+ 8.0000 H2O,,24O-2 2H+ 2Na+ 8Si+4 5Mg+2 Ca+2,inorganic_cr,
riebeckite,Rbk,Na2(Fe3Fe2)Si8O22(OH)2,cr,HDNB78,,5/5/1978,CGL,cal,,,156.6,,274.9,192.09,0.07614,-4299000,0,0,0,0,950,,,-1.0000 riebeckite 3.0000 Fe+2 2.0000 Fe+3 2.0000 Na+ 8.0000 SiO2 -14.0000 H+ 8.0000 H2O,,24O-2 2H+ 2Na+ 8Si+4 3Fe+2 2Fe+3,inorganic_cr,
riebeckite,Rbk,Na2(Fe3Fe2)Si8O22(OH)2,cr2,HDNB78,OBIGT.1,5/5/1978,CGL,cal,-160.892,,152.4269,,274.9,204.6,0.05754,-3944000,0,0,0,0,1050,,,-1.0000 riebeckite 3.0000 Fe+2 2.0000 Fe+3 2.0000 Na+ 8.0000 SiO2 -14.0000 H+ 8.0000 H2O,,24O-2 2H+ 2Na+ 8Si+4 3Fe+2 2Fe+3,inorganic_cr,
riebeckite,Rbk,Na2(Fe3Fe2)Si8O22(OH)2,cr3,HDNB78,OBIGT.1,5/5/1978,CGL,cal,956.799,,156.5045,,274.9,200.31,0.0593,-3944000,0,0,0,0,1500,,,-1.0000 riebeckite 3.0000 Fe+2 2.0000 Fe+3 2.0000 Na+ 8.0000 SiO2 -14.0000 H+ 8.0000 H2O,,24O-2 2H+ 2Na+ 8Si+4 3Fe+2 2Fe+3,inorganic_cr,
ruthenium,Ru,Ru,cr,SS98a.1,,4/14/1992,CGL,cal,0,0,6.82,5.76,8.175,5,0.001696,22300,0,0,0,0,1400,,,-1.0000 ruthenium 1.0000 Ru+2 -2.0000 H+ -0.5000 O2(g) 1.0000 H2O,,Ru,inorganic_cr,
spessartine,Sps,Mn3Al2Si3O12,cr,HDNB78,,5/5/1978,CGL,cal,,,74.5,,117.9,94.48,0.03324,-1912000,0,0,0,0,848,,,-1.0000 spessartine 3.0000 Mn+2 2.0000 Al+3 3.0000 SiO2 -12.0000 H+ 6.0000 H2O,,3Mn+2 2Al+3 3Si+4 12O-2,inorganic_cr,
spessartine,Sps,Mn3Al2Si3O12,cr2,HDNB78,OBIGT.1,5/5/1978,CGL,cal,-11.741,,70.83,,117.9,104.05,0.01446,-1102000,0,0,0,0,1800,,,-1.0000 spessartine 3.0000 Mn+2 2.0000 Al+3 3.0000 SiO2 -12.0000 H+ 6.0000 H2O,,3Mn+2 2Al+3 3Si+4 12O-2,inorganic_cr,
staurolite,St,Fe2Al9Si4O23(OH),cr,HDNB78,,5/5/1978,CGL,cal,,,117.1,,224.4,207.12,0.03694,-5722000,0,0,0,0,1000,,,-1.0000 staurolite 9.0000 Al+3 2.0000 Fe+2 4.0000 SiO2 -31.0000 H+ 16.0000 H2O,,24O-2 H+ 9Al+3 4Si+4 2Fe+2,inorganic_cr,
stilbite,Stb,NaCa2(Al5Si13)O36*14H2O,cr,HDNB78,,5/5/1978,CGL,cal,,,399.3,,649.91,390.55,0.13768,-4984000,0,0,0,0,848,,,-1.0000 stilbite 5.0000 Al+3 2.0000 Ca+2 1.0000 Na+ 13.0000 SiO2 -20.0000 H+ 24.0000 H2O,,50O-2 28H+ Na+ 5Al+3 13Si+4 2Ca+2,inorganic_cr,
stilbite,Stb,NaCa2(Al5Si13)O36*14H2O,cr2,HDNB78,OBIGT.1,5/5/1978,CGL,cal,-11.741,,395.63,,649.91,400.12,0.1189,-4174000,0,0,0,0,1000,,,-1.0000 stilbite 5.0000 Al+3 2.0000 Ca+2 1.0000 Na+ 13.0000 SiO2 -20.0000 H+ 24.0000 H2O,,50O-2 28H+ Na+ 5Al+3 13Si+4 2Ca+2,inorganic_cr,
Ag(HS)2-,Ag(HS)2-,Ag(HS)2-,aq,SSH97.1,,10/9/1997,HKF,cal,0,-8200,44.68,38.1,60.5,10.3654,17.5311,-1.1475,-3.5037,37.2753,4.7273,0.9527,-1,4,0,-1.0000 Ag(HS)2- 1.0000 Ag+ 2.0000 HS-,,Ag+ 2H+ 2S-2,inorganic_aq,
AgF,AgF,AgF,aq,SSH97,,10/9/1997,HKF,cal,-49459,-54722,16.74,10.86,6.04,2.5788,-1.4818,6.3255,-2.7177,12.1829,-0.8218,-0.038,0,4,0,-1.0000 AgF 1.0000 Ag+ 1.0000 F-,,Ag+ F-,inorganic_aq,
Au(HS)2-,Au(HS)2-,Au(HS)2-,aq,SSH97.1,,10/9/1997,HKF,cal,2429,-2509,56.77,6.06,75.39,12.342,22.3572,-3.0443,-3.7032,16.8038,-1.8007,0.7693,-1,4,0,-1.0000 Au(HS)2- 1.0000 Au+ 2.0000 HS-,,Au+ 2H+ 2S-2,inorganic_aq,
AuCl,AuCl,AuCl,aq,SSH97.3,,10/2/1997,HKF,cal,-3184,-2140,41.47,-9.83,38.61,7.0357,9.4008,2.0481,-3.1676,0.0551,-5.0371,-0.038,0,4,0,-1.0000 AuCl 1.0000 Au+ 1.0000 Cl-,,Au+ Cl-,inorganic_aq,
AuCl2-,AuCl2-,AuCl2-,aq,SSH97.3,,10/2/1997,HKF,cal,-36781,-44725,53.6,-24.52,69.26,11.5192,20.3482,-2.2547,-3.6201,-0.6764,-8.03,0.8173,-1,4,0,-1.0000 AuCl2- 1.0000 Au+ 2.0000 Cl-,,Au+ 2Cl-,inorganic_aq,
AuCl3-2,AuCl3-2,AuCl3-2,aq,SSH97,,10/2/1997,HKF,cal,-67811,-86023,61.39,-43.48,103.42,16.6878,32.9687,-7.2151,-4.1419,1.7155,-11.891,2.2827,-2,4,0,-1.0000 AuCl3-2 1.0000 Au+ 3.0000 Cl-,,Au+ 3Cl-,inorganic_aq,
FeCl+2,FeCl+2,FeCl+2,aq,SSH97,,10/2/1997,HKF,cal,-37518,-50820,-42.74,3.37,-22.34,-0.7164,-9.5277,9.4878,-2.3851,23.8149,-2.3482,1.7013,2,4,0,-1.0000 FeCl+2 1.0000 Fe+3 1.0000 Cl-,,Fe+3 Cl-,inorganic_aq,
Fr+,Fr+,Fr+,aq,SSWS97,,11/11/1997,HKF,cal,-70500,-62500,35.1,-6.5,21.5,4.7139,3.7284,4.2849,-2.933,2.5442,-4.3586,0.0203,1,4,0,,basis,Fr+,inorganic_aq,
H3AsO4,H3AsO4,H3AsO4,aq,SSWS97.3,,11/11/1997,HKF,cal,-183100,-215700,44,25.8,45.9,7.9357,11.5925,1.199,-3.2581,18.2805,2.2209,-0.3263,0,4,0,-1.0000 H3AsO4 1.0000 H2AsO4- 1.0000 H+,,As+5 3H+ 4O-2,inorganic_aq,
HgCl+,HgCl+,HgCl+,aq,SSH97,,10/7/1997,HKF,cal,-2155,-7374,11.67,39.07,4.41,2.4941,-1.6886,6.4067,-2.7091,32.5048,4.9238,0.3735,1,4,0,-1.0000 HgCl+ 1.0000 Hg+2 1.0000 Cl-,,Hg+2 Cl-,inorganic_aq,
HgCl2,HgCl2,HgCl2,aq,SSH97,,10/7/1997,HKF,cal,-42838,-56787,24.64,73.1,31.15,6.015,6.9084,3.0277,-3.0645,48.6478,11.856,-0.038,0,4,0,-1.0000 HgCl2 1.0000 Hg+2 2.0000 Cl-,,Hg+2 2Cl-,inorganic_aq,
HgCl3-,HgCl3-,HgCl3-,aq,SSH97,,10/7/1997,HKF,cal,-74504,-99299,30.51,104.29,60.95,10.5003,17.8603,-1.2769,-3.5173,78.0458,18.2101,1.1676,-1,4,0,-1.0000 HgCl3- 1.0000 Hg+2 3.0000 Cl-,,Hg+2 3Cl-,inorganic_aq,
HgCl4-2,HgCl4-2,HgCl4-2,aq,SSH97,,10/7/1997,HKF,cal,-106988,-145023,28.36,132.65,94.15,15.5903,30.2888,-6.1618,-4.0311,109.561,23.986,2.7846,-2,4,0,-1.0000 HgCl4-2 1.0000 Hg+2 4.0000 Cl-,,Hg+2 4Cl-,inorganic_aq,
HgF+,HgF+,HgF+,aq,SSH97,,10/9/1997,HKF,cal,-30204,-39512,-4.48,43.34,-14.79,-0.0492,-7.8986,8.8475,-2.4524,37.2987,5.7934,0.6223,1,4,0,-1.0000 HgF+ 1.0000 Hg+2 1.0000 F-,,Hg+2 F-,inorganic_aq,
InCl+2,InCl+2,InCl+2,aq,SSH97,,10/7/1997,HKF,cal,-59226,-66209,-38.8,1.57,-21.67,-0.6441,-9.3513,9.4185,-2.3924,22.2354,-2.7149,1.6444,2,4,0,-1.0000 InCl+2 1.0000 In+3 1.0000 Cl-,,In+3 Cl-,inorganic_aq,
InF+2,InF+2,InF+2,aq,SSH97,,10/9/1997,HKF,cal,-97016,-98718,-23.53,5.84,-40.87,-3.3507,-15.96,12.016,-2.1192,22.5771,-1.8453,1.4099,2,4,0,-1.0000 InF+2 1.0000 In+3 1.0000 F-,,In+3 F-,inorganic_aq,
PdCl+,PdCl+,PdCl+,aq,SS98a.3,,8/16/2015,HKF,cal,3310,-3820,-3.9,21,5.1,2.6729,-1.2577,6.2503,-2.7269,24.1532,1.2501,0.6143,1,4,0,-1.0000 PdCl+ 1.0000 Pd+2 1.0000 Cl-,,Pd+2 Cl-,inorganic_aq,
PdCl2,PdCl2,PdCl2,aq,SS98a.3,,8/16/2015,HKF,cal,-34080,-51390,4.2,37.8,32.4,6.1933,7.3404,2.8664,-3.0824,28.0429,4.665,-0.03,0,4,0,-1.0000 PdCl2 1.0000 Pd+2 2.0000 Cl-,,Pd+2 2Cl-,inorganic_aq,
PdCl3-,PdCl3-,PdCl3-,aq,SS98a.3,,8/16/2015,HKF,cal,-68390,-98890,2.5,44.6,62.9,10.9057,18.8497,-1.6645,-3.5581,46.9452,6.0491,1.5895,-1,4,0,-1.0000 PdCl3- 1.0000 Pd+2 3.0000 Cl-,,Pd+2 3Cl-,inorganic_aq,
PdCl4-2,PdCl4-2,PdCl4-2,aq,SS98a.3,,8/16/2015,HKF,cal,-102130,-149470,-11.7,41.4,96.8,16.1552,31.6662,-6.698,-4.088,61.6845,5.4024,3.3914,-2,4,0,-1.0000 PdCl4-2 1.0000 Pd+2 4.0000 Cl-,,Pd+2 4Cl-,inorganic_aq,
PdSO4,Pd(SO4),Pd(SO4),aq,SS98a.3,,4/14/1992,HKF,cal,-139000,-173450,-0.9,-20.1,4,2.3022,-2.1585,6.5951,-2.6897,-5.8662,-7.1207,-0.03,0,4,0,-1.0000 PdSO4 1.0000 Pd+2 1.0000 SO4-2,,Pd+2 S+6 4O-2,inorganic_aq,
PtCl+,PtCl+,PtCl+,aq,SS98a.3,,4/14/1995,HKF,cal,18380,10030,-7,21.7,1.1,2.3363,-2.0793,6.5718,-2.6929,22.821,0.6543,0.6557,1,4,0,-1.0000 PtCl+ 1.0000 Cl- 1.0000 Pt+2,,Pt+2 Cl-,inorganic_aq,
PtCl2,PtCl2,PtCl2,aq,SS98a.3,,4/14/1995,HKF,cal,-22290,-41110,0.1,39.2,27.3,5.8026,6.3859,3.2424,-3.0429,24.6982,3.5025,-0.03,0,4,0,-1.0000 PtCl2 2.0000 Cl- 1.0000 Pt+2,,Pt+2 2Cl-,inorganic_aq,
PtCl3-,PtCl3-,PtCl3-,aq,SS98a.3,,4/14/1995,HKF,cal,-57760,-90150,-3.1,45.6,57.4,10.4995,17.8547,-1.2658,-3.517,42.0877,4.0842,1.6759,-1,4,0,-1.0000 PtCl3- 3.0000 Cl- 1.0000 Pt+2,,Pt+2 3Cl-,inorganic_aq,
PtCl4-2,PtCl4-2,PtCl4-2,aq,SS98a.3,,4/14/1995,HKF,cal,-91210,-141160,-19.8,40.9,91.8,15.7103,30.5792,-6.27,-4.043,54.1382,2.3994,3.51,-2,4,0,-1.0000 PtCl4-2 4.0000 Cl- 1.0000 Pt+2,,Pt+2 4Cl-,inorganic_aq,
ReO4-,ReO4-,ReO4-,aq,SSWS97,,11/7/1997,HKF,cal,-166000,-188200,48.1,-2.4,47.8,8.6103,20.0581,-16.7541,-3.6081,18.93,-7.08,0.9004,-1,4,0,,basis,Re+7 4O-2,inorganic_aq,
RhCl+,RhCl+,RhCl+,aq,SS98a,,4/14/1995,HKF,cal,-3380,-12670,-12.7,12.7,-2.1,1.7239,-3.5699,7.1476,-2.6313,20.4179,-0.4456,0.7384,1,4,0,-1.0000 RhCl+ 1.0000 Cl- 1.0000 Rh+2,,Rh+2 Cl-,inorganic_aq,
RhCl+2,RhCl+2,RhCl+2,aq,SS98a,,7/14/1994,HKF,cal,18330,2802,-49.1,11.2,-21.7,-0.6015,-9.2461,9.3741,-2.3967,29.2962,-0.7512,1.7975,2,4,0,-1.0000 RhCl+2 1.0000 Cl- 1.0000 Rh+3,,Rh+3 Cl-,inorganic_aq,
RhCl2,RhCl2,RhCl2,aq,SS98a,,7/14/1994,HKF,cal,-33970,-54250,-7.3,21.6,24.4,5.0891,4.6423,3.9309,-2.9708,18.5235,1.3563,-0.03,0,4,0,-1.0000 RhCl2 2.0000 Cl- 1.0000 Rh+2,,Rh+2 2Cl-,inorganic_aq,
RhCl2+,RhCl2+,RhCl2+,aq,SS98a,,7/14/1994,HKF,cal,-14780,-39850,-38.9,20.8,-2.5,2.4942,-1.6943,6.4221,-2.7089,28.8698,1.2113,1.1383,1,4,0,-1.0000 RhCl2+ 2.0000 Cl- 1.0000 Rh+3,,Rh+3 2Cl-,inorganic_aq,
RhCl3,RhCl3,RhCl3,aq,SS98a,,7/14/1994,HKF,cal,-46190,-84690,-41.7,-1.3,29.5,5.7968,6.3699,3.2526,-3.0422,5.1305,-3.2986,-0.03,0,4,0,-1.0000 RhCl3 3.0000 Cl- 1.0000 Rh+3,,Rh+3 3Cl-,inorganic_aq,
RhCl3-,RhCl3-,RhCl3-,aq,SS98a,,7/14/1994,HKF,cal,-63530,-98200,-13.3,17.1,53.9,9.7552,16.0358,-0.5477,-3.4418,33.0316,0.4568,1.8257,-1,4,0,-1.0000 RhCl3- 3.0000 Cl- 1.0000 Rh+2,,Rh+2 3Cl-,inorganic_aq,
RhCl4-,RhCl4-,RhCl4-,aq,SS98a,,7/14/1994,HKF,cal,-77500,-134200,-60.5,-55.2,59.6,10.7848,18.5549,-1.5489,-3.546,-2.799,-14.2811,2.539,-1,4,0,-1.0000 RhCl4- 4.0000 Cl- 1.0000 Rh+3,,Rh+3 4Cl-,inorganic_aq,
RhCl4-2,RhCl4-2,RhCl4-2,aq,SS98a,,4/14/1995,HKF,cal,-93250,-146780,-34.3,-0.54,86.77,14.9002,28.6019,-5.4941,-3.9613,40.2495,-3.1444,3.7338,-2,4,0,-1.0000 RhCl4-2 4.0000 Cl- 1.0000 Rh+2,,Rh+2 4Cl-,inorganic_aq,
RhSO4,Rh(SO4),Rh(SO4),aq,SS98a,,3/30/1995,HKF,cal,-153500,-189800,-8.5,-23.8,-1.7,1.5195,-4.064,7.3315,-2.6109,-8.0406,-7.8764,-0.03,0,4,0,-1.0000 RhSO4 1.0000 Rh+2 1.0000 SO4-2,,Rh+2 S+6 4O-2,inorganic_aq,
RhSO4+,Rh(SO4)+,Rh(SO4)+,aq,SS98a,,3/30/1995,HKF,cal,-127500,-167000,-35.1,-44.6,-16.5,-0.1264,-8.0823,8.9091,-2.4448,-9.9273,-12.1154,1.089,1,4,0,-1.0000 RhSO4+ 1.0000 Rh+3 1.0000 SO4-2,,Rh+3 S+6 4O-2,inorganic_aq,
RuCl+,RuCl+,RuCl+,aq,SS98a,,7/14/1994,HKF,cal,5210,-3320,-10.8,14.5,-0.6,1.9308,-3.0699,6.9624,-2.652,21.2945,-0.0789,0.7191,1,4,0,-1.0000 RuCl+ 1.0000 Cl- 1.0000 Ru+2,,Ru+2 Cl-,inorganic_aq,
RuCl+2,RuCl+2,RuCl+2,aq,SS98a,,7/25/1994,HKF,cal,7100,-7900,-48.1,28.1,-17.2,0.0193,-7.7277,8.773,-2.4594,39.0719,2.6862,1.7851,2,4,0,-1.0000 RuCl+2 1.0000 Cl- 1.0000 Ru+3,,Ru+3 Cl-,inorganic_aq,
RuCl2,RuCl2,RuCl2,aq,SS98a,,7/14/1994,HKF,cal,-25060,-44400,-4.8,25.1,26.1,5.327,5.2234,3.7011,-2.9948,20.5817,2.0717,-0.03,0,4,0,-1.0000 RuCl2 2.0000 Cl- 1.0000 Ru+2,,Ru+2 2Cl-,inorganic_aq,
RuCl2+,RuCl2+,RuCl2+,aq,SS98a,,7/14/1994,HKF,cal,-26440,-50940,-37.7,53.8,7.6,3.185,-0.0035,5.7492,-2.7788,48.0114,7.9181,1.1216,1,4,0,-1.0000 RuCl2+ 2.0000 Cl- 1.0000 Ru+3,,Ru+3 2Cl-,inorganic_aq,
RuCl3,RuCl3,RuCl3,aq,SS98a,,4/13/1995,HKF,cal,-58560,-96380,-40.2,54.4,35.2,6.5729,8.2678,2.4997,-3.1207,37.745,8.0372,-0.03,0,4,0,-1.0000 RuCl3 3.0000 Cl- 1.0000 Ru+3,,Ru+3 3Cl-,inorganic_aq,
RuCl3-,RuCl3-,RuCl3-,aq,SS98a,,4/13/1995,HKF,cal,-54380,-87830,-9.9,23.1,55.8,10.004,16.6444,-0.7897,-3.467,36.0681,1.6659,1.7777,-1,4,0,-1.0000 RuCl3- 3.0000 Cl- 1.0000 Ru+2,,Ru+2 3Cl-,inorganic_aq,
RuCl4-,RuCl4-,RuCl4-,aq,SS98a,,4/13/1995,HKF,cal,-89730,-145570,-58.4,29.8,66,11.6414,20.6412,-2.3578,-3.6322,46.8262,3.0435,2.5152,-1,4,0,-1.0000 RuCl4- 4.0000 Cl- 1.0000 Ru+3,,Ru+3 4Cl-,inorganic_aq,
RuCl4-2,RuCl4-2,RuCl4-2,aq,SS98a,,7/14/1994,HKF,cal,-83900,-135800,-29.4,8.5,88.9,15.171,29.259,-5.7435,-3.9885,44.8996,-1.2964,3.6615,-2,4,0,-1.0000 RuCl4-2 4.0000 Cl- 1.0000 Ru+2,,Ru+2 4Cl-,inorganic_aq,
RuCl5-2,RuCl5-2,RuCl5-2,aq,SS98a,,4/10/1992,HKF,cal,-120700,-207000,-118.1,23.3,95.3,16.5035,32.5134,-7.0243,-4.123,65.4216,1.7014,5.007,-2,4,0,-1.0000 RuCl5-2 5.0000 Cl- 1.0000 Ru+3,,Ru+3 5Cl-,inorganic_aq,
RuCl6-3,RuCl6-3,RuCl6-3,aq,SS98a,,4/10/1992,HKF,cal,-151540,-270805,-186.57,-42.9,135,22.814,47.9227,-13.0823,-4.76,51.4456,-11.7651,7.6413,-3,4,0,-1.0000 RuCl6-3 6.0000 Cl- 1.0000 Ru+3,,Ru+3 6Cl-,inorganic_aq,
RuSO4,Ru(SO4),Ru(SO4),aq,SS98a,,3/30/1995,HKF,cal,-145200,-180800,-6.9,-23,-0.49,1.6881,-3.6571,7.1816,-2.6277,-7.5775,-7.7155,-0.03,0,4,0,-1.0000 RuSO4 1.0000 Ru+2 1.0000 SO4-2,,Ru+2 S+6 4O-2,inorganic_aq,
RuSO4+,Ru(SO4)+,Ru(SO4)+,aq,SS98a,,3/30/1995,HKF,cal,-139200,-178300,-34.3,-43.1,-12.98,0.3617,-6.89,8.4395,-2.4941,-9.1937,-11.8099,1.0732,4,4,0,-1.0000 RuSO4+ 1.0000 Ru+3 1.0000 SO4-2,,Ru+3 S+6 4O-2,inorganic_aq,
TcO4-,TcO4-,TcO4-,aq,SSWS97,,11/7/1997,HKF,cal,-151100,-173200,47.5,-2.3,47.8,8.6135,18.7256,-13.3543,-3.553,18.95,-5.95,0.9101,-1,4,0,,basis,Tc+7 4O2-2,inorganic_aq,
TlCl,TlCl,TlCl,aq,SSH97,,10/2/1997,HKF,cal,-39815,-37819,48.69,-20.63,46.52,8.1182,12.044,1.0092,-3.2768,-6.2744,-7.237,-0.038,0,4,0,-1.0000 TlCl 1.0000 Tl+ 1.0000 Cl-,,Tl+ Cl-,inorganic_aq,
TlCl+2,TlCl+2,TlCl+2,aq,SSH97,,10/2/1997,HKF,cal,9375,671,-18.52,-8.56,-18.32,-0.2904,-8.4877,9.079,-2.4281,13.4748,-4.7774,1.3375,2,4,0,-1.0000 TlCl+2 1.0000 Tl+3 1.0000 Cl-,,Tl+3 Cl-,inorganic_aq,
TlF,TlF,TlF,aq,SSH97,,10/9/1997,HKF,cal,-75216,-77118,33.18,-16.36,27.32,5.4909,5.6287,3.5307,-3.0116,-3.7726,-6.3675,-0.038,0,4,0,-1.0000 TlF 1.0000 Tl+ 1.0000 F-,,Tl+ F-,inorganic_aq,
VOOH+,VOOH+,VOOH+,aq,SSWS97,,11/13/1997,HKF,cal,-155700,-177600,-17.7,29.2,-26.4,-1.5696,-11.6082,10.2984,-2.299,30.8543,2.9134,0.8222,1,4,0,-1.0000 VOOH+ -1.0000 H+ 1.0000 VO+2 1.0000 H2O,,V+4 H+ 2O-2,inorganic_aq,
CeClO4+2,,CeClO4+2,aq,HSS95,,1/21/1998,HKF,cal,-166246,-210026,-36.06,,,3.5099,0.7863,5.4456,-2.8114,42.4445,4.4497,1.6005,2,4,0,-1.0000 CeClO4+2 1.0000 Ce+3 1.0000 ClO4-,,Ce+3 Cl+7 4O-2,inorganic_aq,
CeIO3+2,,CeIO3+2,aq,HSS95,,1/21/1998,HKF,cal,-194792,-225358,-28.97,,,0.9706,-5.4027,7.8548,-2.5556,29.8495,0.4044,1.4967,2,4,0,-1.0000 CeIO3+2 1.0000 Ce+3 1.0000 IO3-,,Ce+3 I+5 3O-2,inorganic_aq,
HClO2,HClO2,HClO2,aq,SSWS97,,11/13/1997,HKF,cal,1400,-12400,45,27.5,44,7.6706,10.9455,1.4527,-3.2314,19.1373,2.5672,-0.3415,0,4,0,-1.0000 HClO2 1.0000 H+ 1.0000 ClO2-,,H+ Cl+3 2O-2,inorganic_aq,
HS2O3-,HS2O3-,HS2O3-,aq,SSWS97,,11/13/1997,HKF,cal,-127200,-153900,30.5,3.5,29.5,6.1964,7.351,2.8549,-3.0828,18.9745,-2.3216,1.1676,-1,4,0,-1.0000 HS2O3- 1.0000 H+ 1.0000 S2O3-2,aux,2S+2 H+ 3O-2,inorganic_aq,
AMP-2,AMP2-,C10H12N5O7P-2,aq,LH06a,,3/8/2017,HKF,cal,-247417,-389148,52.89,61.68,161.03,2.3198,108.81,-18.734,-1.7194,130.2,-19.82,3.1,-2,4,0,-1.0000 AMP-2 5.0000 acetic-acid 1.0000 HPO4-2 5.0000 NH4+ -12.0000 H2O -5.0000 H+ 2.5000 O2(g),aux,,organic_aq,
HAMP-,HAMP-,C10H13N5O7P-,aq,LH06a,,3/8/2017,HKF,cal,-255617,-388308,83.21,114.39,187.55,2.4065,126.25,-19.139,-2.4403,188,-22.3,3.1,-1,4,0,-1.0000 HAMP- 1.0000 AMP-2 1.0000 H+,,,organic_aq,
H2AMP,+H2AMP-,C10H14N5O7P,aq,LH06a,,3/8/2017,HKF,cal,-260817,-392608,86.23,120.01,187.02,2.3993,124.81,-19.105,-2.3806,181.6,-19.1,2.5,0,4,0,-1.0000 H2AMP 1.0000 AMP-2 2.0000 H+,,,organic_aq,
CMP-2,CMP2-,C9H12N3O8P-2,aq,LH06a,,3/8/2017,HKF,cal,-331097,-467460,48.24,37.71,142.39,2.2606,96.923,-18.459,-1.2278,101.1,-16.4,3.3,-2,4,0,-1.0000 CMP-2 4.5000 acetic-acid 1.0000 HPO4-2 3.0000 NH4+ -8.0000 H2O -3.0000 H+ 1.5000 O2(g),aux,,organic_aq,
HCMP-,HCMP-,C9H13N3O8P1-,aq,LH06a,,3/8/2017,HKF,cal,-340147,-466110,83.09,90.6,168.91,2.3474,114.36,-18.863,-1.9487,158.8,-18.76,3.3,-1,4,0,-1.0000 HCMP- 1.0000 CMP-2 1.0000 H+,,,organic_aq,
H2CMP,+H2CMP-,C9H14N3O8P,aq,LH06a,,3/8/2017,HKF,cal,-345337,-470410,86.11,96.06,168.37,2.3411,113.1,-18.834,-1.8965,154.1,-16.01,2.8,0,4,0,-1.0000 H2CMP 1.0000 CMP-2 2.0000 H+,,,organic_aq,
GMP-2,GMP2-,C10H12N5O8P-2,aq,LH06a,,3/8/2017,HKF,cal,-306486,-455676,52.39,65.81,159.8,2.3194,108.74,-18.733,-1.7163,140.8,-21.21,3.5,-2,4,0,-1.0000 GMP-2 5.0000 acetic-acid 1.0000 HPO4-2 5.0000 NH4+ -12.0000 H2O -5.0000 H+ 3.0000 O2(g),aux,,organic_aq,
HGMP-,HGMP-,C10H13N5O8P-,aq,LH06a,,3/8/2017,HKF,cal,-315586,-454226,87.77,118.45,186.32,2.4062,126.18,-19.137,-2.4372,198.5,-23.7,3.5,-1,4,0,-1.0000 HGMP- 1.0000 GMP-2 1.0000 H+,,,organic_aq,
H2GMP,+H2GMP-,C10H14N5O8P,aq,LH06a,,3/8/2017,HKF,cal,-320786,-458526,90.79,123.82,185.79,2.399,124.73,-19.104,-2.3774,192.3,-20.7,2.9,0,4,0,-1.0000 H2GMP 1.0000 GMP-2 2.0000 H+,,,organic_aq,
TMP-2,TMP2-,C10H13N2O9P-2,aq,LH06a,,3/8/2017,HKF,cal,-384001,-525514,49.58,51.85,155.97,2.3042,105.68,-18.662,-1.5896,111,-14.76,3.2,-2,4,0,-1.0000 TMP-2 5.0000 acetic-acid 1.0000 HPO4-2 2.0000 NH4+ -7.0000 H2O -2.0000 H+ 1.0000 O2(g),aux,,organic_aq,
HTMP-,HTMP-,C10H14N2O9P-,aq,LH06a,,3/8/2017,HKF,cal,-393021,-524279,83.97,104.8,182.49,2.3909,123.11,-19.066,-2.3105,168.7,-17.1,3.2,-1,4,0,-1.0000 HTMP- 1.0000 TMP-2 1.0000 H+,,,organic_aq,
H2TMP,+H2TMP-,C10H15N2O9P,aq,LH06a,,3/8/2017,HKF,cal,-398221,-528579,86.99,110.62,181.97,2.3838,121.67,-19.033,-2.251,162.3,-13.76,2.6,0,4,0,-1.0000 H2TMP 1.0000 TMP-2 2.0000 H+,,,organic_aq,
UMP-2,UMP2-,C9H11N2O9P-2,aq,LH06a,,3/8/2017,HKF,cal,-382420,-515132,46.49,36.19,141.33,2.2572,96.226,-18.442,-1.199,101.1,-17.15,3.3,-2,4,0,-1.0000 UMP-2 4.5000 acetic-acid 1.0000 HPO4-2 2.0000 NH4+ -7.0000 H2O -2.0000 H+ 1.5000 O2(g),aux,,organic_aq,
HUMP-,HUMP-,C9H12N2O9P-,aq,LH06a,,3/8/2017,HKF,cal,-391470,-514012,80.6,89.05,167.85,2.3439,113.66,-18.847,-1.9199,158.8,-19.52,3.3,-1,4,0,-1.0000 HUMP- 1.0000 UMP-2 1.0000 H+,,,organic_aq,
H2UMP,+H2UMP-,C9H13N2O9P,aq,LH06a,,3/8/2017,HKF,cal,-396670,-518312,83.62,94.7,167.31,2.3367,112.22,-18.813,-1.8601,152.5,-16.32,2.7,0,4,0,-1.0000 H2UMP 1.0000 UMP-2 2.0000 H+,,,organic_aq,
dAMP-2,dAMP2-,C10H12N5O6P-2,aq,LH06a,,3/8/2017,HKF,cal,-212111,-347206,50.63,53.02,160.05,2.3166,108.17,-18.72,-1.6929,121.5,-19.8,3.1,-2,4,0,-1.0000 dAMP-2 5.0000 acetic-acid 1.0000 HPO4-2 5.0000 NH4+ -12.0000 H2O -5.0000 H+ 2.0000 O2(g),aux,,organic_aq,
dHAMP-,dHAMP-,C10H13N5O6P-,aq,LH06a,,3/8/2017,HKF,cal,-221205,-346166,84.61,105.7,186.57,2.4033,125.61,-19.124,-2.4138,179.3,-22.32,3.1,-1,4,0,-1.0000 dHAMP- 1.0000 dAMP-2 1.0000 H+,,,organic_aq,
dH2AMP,d+H2AMP-,C10H14N5O6P,aq,LH06a,,3/8/2017,HKF,cal,-226401,-350466,87.62,111.28,186.05,2.3962,124.17,-19.091,-2.3543,172.9,-19.12,2.5,0,4,0,-1.0000 dH2AMP 1.0000 dAMP-2 2.0000 H+,,,organic_aq,
dCMP-2,dCMP2-,C9H12N3O7P-2,aq,LH06a,,3/8/2017,HKF,cal,-297270,-425354,52.5,28.13,144.34,2.2679,98.389,-18.493,-1.2884,94.34,-17.34,3.4,-2,4,0,-1.0000 dCMP-2 4.5000 acetic-acid 1.0000 HPO4-2 3.0000 NH4+ -8.0000 H2O -3.0000 H+ 1.0000 O2(g),aux,,organic_aq,
dHCMP-,dHCMP-,C9H13N3O7P-,aq,LH06a,,11/13/2007,HKF,cal,-306660,-424314,86.48,80.1,170.8,2.3547,115.83,-18.987,-2.0093,152,-19.74,3.4,-1,4,0,-1.0000 dHCMP- 1.0000 dCMP-2 1.0000 H+,,,organic_aq,
dH2CMP,d+H2CMP-,C9H14N3O7P,aq,LH06a,,3/8/2017,HKF,cal,-311860,-428614,89.5,86.59,170.32,2.3475,114.38,-18.864,-1.9495,145.7,-16.54,2.8,0,4,0,-1.0000 dH2CMP 1.0000 dCMP-2 2.0000 H+,,,organic_aq,
dGMP-2,dGMP2-,C10H12N5O7P-2,aq,LH06a,,3/8/2017,HKF,cal,-272457,-417092,43.15,56.41,158.23,2.3143,107.71,-18.709,-1.6736,131.4,-21.21,3.5,-2,4,0,-1.0000 dGMP-2 5.0000 acetic-acid 1.0000 HPO4-2 5.0000 NH4+ -12.0000 H2O -5.0000 H+ 2.5000 O2(g),aux,,organic_aq,
dHGMP-,dHGMP-,C10H13N5O7P-,aq,LH06a,,3/8/2017,HKF,cal,-281547,-416052,77.13,109.06,184.75,2.401,125.15,-19.113,-2.3945,189.1,-23.7,3.5,-1,4,0,-1.0000 dHGMP- 1.0000 dGMP-2 1.0000 H+,,,organic_aq,
dH2GMP,d+H2GMP-,C10H14N5O7P,aq,LH06a,,3/8/2017,HKF,cal,-286747,-420352,80.14,114.46,184.22,2.3938,123.7,-19.08,-2.3347,182.9,-20.67,2.9,0,4,0,-1.0000 dH2GMP 1.0000 dGMP-2 2.0000 H+,,,organic_aq,
dTMP-2,dTMP2-,C10H13N2O8P-2,aq,LH06a,,3/8/2017,HKF,cal,-350474,-483408,53.83,43.05,156.72,2.3066,106.17,-18.673,-1.61,102.2,-14.76,3.2,-2,4,0,-1.0000 dTMP-2 5.0000 acetic-acid 1.0000 HPO4-2 2.0000 NH4+ -7.0000 H2O -2.0000 H+ 0.5000 O2(g),aux,,organic_aq,
dHTMP-,dHTMP-,C10H14N2O8P-,aq,LH06a,,3/8/2017,HKF,cal,-359564,-482368,87.81,96,183.24,2.3934,123.61,-19.078,-2.3309,159.9,-17.1,3.2,-1,4,0,-1.0000 dHTMP- 1.0000 dTMP-2 1.0000 H+,,,organic_aq,
dH2TMP,d+H2TMP-,C10H15N2O8P,aq,LH06a,,3/8/2017,HKF,cal,-364764,-486668,90.83,101.82,183.72,2.3862,122.17,-19.044,-2.2714,153.5,-13.76,2.6,0,4,0,-1.0000 dH2TMP 1.0000 dTMP-2 2.0000 H+,,,organic_aq,
dUMP-2,dUMP2-,C9H11N2O8P-2,aq,LH06a,,11/13/2007,HKF,cal,-348893,-473026,50.75,27.36,140.78,2.2549,95.772,-18.432,-1.118,92.27,-17.15,3.3,-2,4,0,-1.0000 dUMP-2 4.5000 acetic-acid 1.0000 HPO4-2 2.0000 NH4+ -7.0000 H2O -2.0000 H+ 1.0000 O2(g),aux,,organic_aq,
dHUMP-,dHUMP-,C9H12N2O8P-,aq,LH06a,,11/13/2007,HKF,cal,-357983,-471986,84.73,78.34,167.16,2.3417,113.21,-18.836,-1.9011,145,-19.55,3.3,-1,4,0,-1.0000 dHUMP- 1.0000 dUMP-2 1.0000 H+,,,organic_aq,
dH2UMP,d+H2UMP-,C9H13N2O8P,aq,LH06a,,3/8/2017,HKF,cal,-363183,-476286,87.74,85.83,166.62,2.3345,111.76,-18.803,-1.8413,143.7,-16.35,2.7,0,4,0,-1.0000 dH2UMP 1.0000 dUMP-2 2.0000 H+,,,organic_aq,
ADP-3,ADP3-,C10H12N5O10P2-3,aq,LH06a,,3/8/2017,HKF,cal,-452649,-624106,52.17,41.54,191.72,2.4286,130.68,-19.242,-2.6233,128.7,-24.87,4,-3,4,0,-1.0000 ADP-3 1.0000 AMP-2 1.0000 HPO4-2 -1.0000 H2O 1.0000 H+,aux,,organic_aq,
HADP-2,HADP2-,C10H13N5O10P2-2,aq,LH06a,,3/8/2017,HKF,cal,-462549,-623266,88.2,107.59,202.95,2.4633,137.657,-19.403,-2.9117,186.2,-21.65,3.8,-2,4,0,-1.0000 HADP-2 1.0000 ADP-3 1.0000 H+,,,organic_aq,
H2ADP-,+H2ADP2-,C10H14N5O10P2-,aq,LH06a,,3/8/2017,HKF,cal,-468249,-627666,92.56,136.4,202.41,2.4533,135.665,-19.357,-2.8294,193.1,-14.87,2.9,-1,4,0,-1.0000 H2ADP- 1.0000 ADP-3 2.0000 H+,,,organic_aq,
H3ADP,#NAME?,C10H15N5O10P2,aq,LH06a,,3/8/2017,HKF,cal,-470749,-625106,109.53,169.36,207.55,2.4543,135.848,-19.361,-2.837,204,-11.89,1.2,0,4,0,-1.0000 H3ADP 1.0000 ADP-3 3.0000 H+,,,organic_aq,
CDP-3,CDP3-,C9H12N3O11P2-3,aq,LH06a,,3/8/2017,HKF,cal,-536329,-702338,47.8,18.49,173.36,2.3692,118.752,-18.965,-2.1302,99.37,-21.42,4.1,-3,4,0,-1.0000 CDP-3 1.0000 CMP-2 1.0000 HPO4-2 -1.0000 H2O 1.0000 H+,aux,,organic_aq,
HCDP-2,HCDP2-,C9H13N3O11P2-2,aq,LH06a,,3/8/2017,HKF,cal,-546119,-700998,85.13,83.59,184.3,2.4041,125.762,-19.128,-2.42,157.1,-18.25,4,-2,4,0,-1.0000 HCDP-2 1.0000 CDP-3 1.0000 H+,,,organic_aq,
H2CDP-,+H2CDP2-,C9H14N3O11P2-,aq,LH06a,,3/8/2017,HKF,cal,-551819,-705398,89.49,112.41,183.77,2.3942,123.77,-19.081,-2.3376,164,-11.48,3.1,-1,4,0,-1.0000 H2CDP- 1.0000 CDP-3 2.0000 H+,,,organic_aq,
H3CDP,+H3CDP1-,C9H15N3O11P2,aq,LH06a,,3/8/2017,HKF,cal,-554319,-702838,106.64,145.32,188.96,2.3951,123.96,-19.086,-2.3255,175,-8.545,1.4,0,4,0,-1.0000 H3CDP 1.0000 CDP-3 3.0000 H+,,,organic_aq,
GDP-3,GDP3-,C10H12N5O11P2-3,aq,LH06a,,3/8/2017,HKF,cal,-511718,-690384,52.51,45.87,190.49,2.4273,130.437,-19.236,-2.6133,137.7,-25.78,4.3,-3,4,0,-1.0000 GDP-3 1.0000 GMP-2 1.0000 HPO4-2 -1.0000 H2O 1.0000 H+,aux,,organic_aq,
HGDP-2,HGDP2-,C10H13N5O11P2-2,aq,LH06a,,3/8/2017,HKF,cal,-521518,-688904,90.34,111.91,201.71,2.4619,137.394,-19.397,-2.9009,195,-22.49,4.1,-2,4,0,-1.0000 HGDP-2 1.0000 GDP-3 1.0000 H+,,,organic_aq,
H2GDP-,+H2GDP2-,C10H14N5O11P2-,aq,LH06a,,3/8/2017,HKF,cal,-527218,-693304,94.7,140.73,201.18,2.452,135.402,-19.351,-2.8185,201.8,-15.7,3.2,-1,4,0,-1.0000 H2GDP- 1.0000 GDP-3 2.0000 H+,,,organic_aq,
H3GDP,+H3GDP1-,C10H15N5O11P2,aq,LH06a,,3/8/2017,HKF,cal,-529718,-690744,111.68,173.68,206.33,2.4525,135.5,-19.353,-2.8226,212,-12.6,1.4,0,4,0,-1.0000 H3GDP 1.0000 GDP-3 3.0000 H+,,,organic_aq,
TDP-3,TDP3-,C10H13N2O12P2-3,aq,LH06a,,3/8/2017,HKF,cal,-589233,-760392,49.13,31.84,186.68,2.4128,127.511,-19.168,-2.4923,109.2,-19.67,4.1,-3,4,0,-1.0000 TDP-3 1.0000 TMP-2 1.0000 HPO4-2 -1.0000 H2O 1.0000 H+,aux,,organic_aq,
HTDP-2,HTDP2-,C10H14N2O12P2-2,aq,LH06a,,3/8/2017,HKF,cal,-599033,-759182,86.06,97.83,197.9,2.4477,134.521,-19.331,-2.7821,167,-16.54,3.9,-2,4,0,-1.0000 HTDP-2 1.0000 TDP-3 1.0000 H+,,,organic_aq,
H2TDP-,+H2TDP2-,C10H15N2O12P2-,aq,LH06a,,3/8/2017,HKF,cal,-604733,-763582,90.42,126.65,197.37,2.4377,132.528,-19.284,-2.6997,173.9,-9.78,3,-1,4,0,-1.0000 H2TDP- 1.0000 TDP-3 2.0000 H+,,,organic_aq,
H3TDP,+H3TDP1-,C10H16N2O12P2,aq,LH06a,,3/8/2017,HKF,cal,-607233,-761022,107.39,159.63,202.5,2.4382,132.62,-19.287,-2.7035,184,-6.602,1.2,0,4,0,-1.0000 H3TDP 1.0000 TDP-3 3.0000 H+,,,organic_aq,
UDP-3,UDP3-,C9H11N2O12P2-3,aq,LH06a,,3/8/2017,HKF,cal,-587652,-750010,46.04,16.08,172.03,2.3658,118.055,-18.949,-2.1014,99.37,-22.16,4.2,-3,4,0,-1.0000 UDP-3 1.0000 UMP-2 1.0000 HPO4-2 -1.0000 H2O 1.0000 H+,aux,,organic_aq,
HUDP-2,HUDP2-,C9H12N2O12P2-2,aq,LH06a,,3/8/2017,HKF,cal,-597432,-748930,82.47,82.09,183.24,2.4006,125.065,-19.111,-2.3912,157.1,-18.99,4,-2,4,0,-1.0000 HUDP-2 1.0000 UDP-3 1.0000 H+,,,organic_aq,
H2UDP-,+H2UDP2-,C9H13N2O12P2-,aq,LH06a,,3/8/2017,HKF,cal,-603132,-753330,86.83,110.91,182.71,2.3907,123.073,-19.065,-2.3088,164,-12.22,3.1,-1,4,0,-1.0000 H2UDP- 1.0000 UDP-3 2.0000 H+,,,organic_aq,
H3UDP,+H3UDP1-,C9H14N2O12P2,aq,LH06a,,3/8/2017,HKF,cal,-605632,-750770,103.8,143.87,187.85,2.3912,123.171,-19.067,-2.3129,174.2,-9.078,1.3,0,4,0,-1.0000 H3UDP 1.0000 UDP-3 3.0000 H+,,,organic_aq,
dADP-3,dADP3-,C10H12N5O9P2-3,aq,LH06a,,3/8/2017,HKF,cal,-417343,-582164,49.91,32.91,190.75,2.4254,130.043,-19.227,-2.597,120,-24.87,4,-3,4,0,-1.0000 dADP-3 1.0000 dAMP-2 1.0000 HPO4-2 -1.0000 H2O 1.0000 H+,aux,,organic_aq,
dHADP-2,dHADP2-,C10H13N5O9P2-2,aq,LH06a,,3/8/2017,HKF,cal,-427243,-581324,85.94,98.91,201.98,2.4601,137.019,-19.389,-2.8854,177.5,-21.65,3.8,-2,4,0,-1.0000 dHADP-2 1.0000 dADP-3 1.0000 H+,,,organic_aq,
dH2ADP-,+dH2ADP2-,C10H14N5O9P2-,aq,LH06a,,3/8/2017,HKF,cal,-432943,-585742,90.3,127.72,201.44,2.4502,135.027,-19.342,-2.803,184.4,-14.87,2.9,-1,4,0,-1.0000 dH2ADP- 1.0000 dADP-3 2.0000 H+,,,organic_aq,
dH3ADP,+dH3ADP1-,C10H15N5O9P2,aq,LH06a,,3/8/2017,HKF,cal,-435443,-583164,107.27,160.66,206.58,2.4511,135.21,-19.347,-2.8106,195.2,-11.89,1.2,0,4,0,-1.0000 dH3ADP 1.0000 dADP-3 3.0000 H+,,,organic_aq,
dCDP-3,dCDP3-,C9H12N3O10P2-3,aq,LH06a,,3/8/2017,HKF,cal,-502802,-660232,52.05,10.69,175.45,2.3761,120.127,-18.997,-2.187,91.57,-21.42,4.1,-3,4,0,-1.0000 dCDP-3 1.0000 dCMP-2 1.0000 HPO4-2 -1.0000 H2O 1.0000 H+,aux,,organic_aq,
dHCDP-2,dHCDP2-,C9H13N3O10P2-2,aq,LH06a,,3/8/2017,HKF,cal,-512592,-658892,89.39,74.99,186.25,2.4105,127.044,-19.157,-2.473,148.5,-18.25,4,-2,4,0,-1.0000 dHCDP-2 1.0000 dCDP-3 1.0000 H+,,,organic_aq,
dH2CDP-,+dH2CDP2-,C9H14N3O10P2-,aq,LH06a,,3/8/2017,HKF,cal,-518292,-663292,93.75,103.81,185.72,2.4006,125.052,-19.111,-2.3906,155.4,-11.48,3.1,-1,4,0,-1.0000 dH2CDP- 1.0000 dCDP-3 2.0000 H+,,,organic_aq,
dH3CDP,+dH3CDP1-,C9H15N3O10P2,aq,LH06a,,3/8/2017,HKF,cal,-520792,-660732,110.72,135.91,190.73,2.401,125.15,-19.113,-2.3947,165.6,-8.545,1.4,0,4,0,-1.0000 dH3CDP 1.0000 dCDP-3 3.0000 H+,,,organic_aq,
dGDP-3,dGDP3-,C10H12N5O10P2-3,aq,LH06a,,3/8/2017,HKF,cal,-477689,-651800,43.27,36.48,188.92,2.4222,129.405,-19.212,-2.5706,128.3,-25.78,4.3,-3,4,0,-1.0000 dGDP-3 1.0000 dGMP-2 1.0000 HPO4-2 -1.0000 H2O 1.0000 H+,aux,,organic_aq,
dHGDP-2,dHGDP2-,C10H13N5O10P2-2,aq,LH06a,,3/8/2017,HKF,cal,-487489,-650320,81.11,102.51,200.14,2.4568,136.362,-19.373,-2.8582,185.6,-22.49,4.1,-2,4,0,-1.0000 dHGDP-2 1.0000 dGDP-3 1.0000 H+,,,organic_aq,
dH2GDP-,+dH2GDP2-,C10H14N5O10P2-,aq,LH06a,,3/8/2017,HKF,cal,-493189,-654720,85.47,131.33,199.61,2.4469,134.369,-19.327,-2.7758,192.4,-15.7,3.2,-1,4,0,-1.0000 dH2GDP- 1.0000 dGDP-3 2.0000 H+,,,organic_aq,
dH3GDP,#NAME?,C10H15N5O10P2,aq,LH06a,,3/8/2017,HKF,cal,-495689,-652160,102.44,164.28,204.76,2.4474,134.467,-19.329,-2.7799,202.6,-12.6,1.4,0,4,0,-1.0000 dH3GDP 1.0000 dGDP-3 3.0000 H+,,,organic_aq,
dTDP-3,dTDP3-,C10H13N2O11P2-3,aq,LH06a,,3/8/2017,HKF,cal,-555706,-718286,53.39,22.98,187.42,2.4152,127.998,-19.179,-2.5124,100.4,-19.67,4.1,-3,4,0,-1.0000 dTDP-3 1.0000 dTMP-2 1.0000 HPO4-2 -1.0000 H2O 1.0000 H+,aux,,organic_aq,
dHTDP-2,dHTDP2-,C10H14N2O11P2-2,aq,LH06a,,3/8/2017,HKF,cal,-565506,-717076,90.31,88.99,198.65,2.4501,135.014,-19.342,-2.8025,158.1,-16.54,3.9,-2,4,0,-1.0000 dHTDP-2 1.0000 dTDP-3 1.0000 H+,,,organic_aq,
dH2TDP-,+dH2TDP2-,C10H15N2O11P2-,aq,LH06a,,3/8/2017,HKF,cal,-571206,-721476,94.67,117.81,198.12,2.4402,133.021,-19.296,-2.7201,165,-9.78,3,-1,4,0,-1.0000 dH2TDP- 1.0000 dTDP-3 2.0000 H+,,,organic_aq,
dH3TDP,+dH3TDP1-,C10H16N2O11P2,aq,LH06a,,3/8/2017,HKF,cal,-573706,-718916,111.65,150.79,203.25,2.4406,133.113,-19.298,-2.7239,175.1,-6.602,1.2,0,4,0,-1.0000 dH3TDP 1.0000 dTDP-3 3.0000 H+,,,organic_aq,
dUDP-3,dUDP-3,C9H11N2O11P2-3,aq,LH06a,,3/8/2017,HKF,cal,-554125,-707904,50.3,7.25,171.34,2.3635,117.602,-18.938,-2.0827,90.54,-22.16,4.2,-3,4,0,-1.0000 dUDP-3 1.0000 dUMP-2 1.0000 HPO4-2 -1.0000 H2O 1.0000 H+,aux,,organic_aq,
dHUDP-2,dHUDP2-,C9H12N2O11P2-2,aq,LH06a,,3/8/2017,HKF,cal,-563905,-706824,86.73,73.26,182.55,2.3984,124.611,-19.101,-2.3724,148.3,-18.99,4,-2,4,0,-1.0000 dHUDP-2 1.0000 dUDP-3 1.0000 H+,,,organic_aq,
dH2UDP-,+dH2UDP2-,C9H13N2O11P2-,aq,LH06a,,3/8/2017,HKF,cal,-569605,-711224,91.09,102.08,182.02,2.3885,122.619,-19.055,-2.2901,155.2,-12.22,3.1,-1,4,0,-1.0000 dH2UDP- 1.0000 dUDP-3 2.0000 H+,,,organic_aq,
dH3UDP,+dH3UDP1-,C9H14N2O11P2,aq,LH06a,,3/8/2017,HKF,cal,-572105,-708664,108.06,135.04,187.16,2.3889,122.717,-19.057,-2.2941,165.3,-9.078,1.3,0,4,0,-1.0000 dH3UDP 1.0000 dUDP-3 3.0000 H+,,,organic_aq,
ATP-4,ATP4-,C10H12N5O13P3-4,aq,LH06a,,3/8/2017,HKF,cal,-657038,-859264,47.96,21.34,196.77,2.454,135.79,-19.36,-2.8345,128.4,-30.27,5,-4,4,0,-1.0000 ATP-4 1.0000 ADP-3 1.0000 HPO4-2 -1.0000 H2O 1.0000 H+,aux,,organic_aq,
HATP-3,HATP3-,C10H13N5O13P3-3,aq,LH06a,,3/8/2017,HKF,cal,-667538,-857864,87.87,92.83,212.26,2.5037,145.79,-19.592,-3.2479,199.2,-30.37,4.9,-3,4,0,-1.0000 HATP-3 1.0000 ATP-4 1.0000 H+,,,organic_aq,
H2ATP-2,+H2ATP3-,C10H14N5O13P3-2,aq,LH06a,,3/8/2017,HKF,cal,-673738,-861764,95.59,133.39,211.73,2.5002,145.08,-19.576,-3.2186,239.3,-31.04,4.7,-2,4,0,-1.0000 H2ATP-2 1.0000 ATP-4 2.0000 H+,,,organic_aq,
H3ATP-,+H3ATP2-,C10H15N5O13P3-,aq,LH06a,,3/8/2017,HKF,cal,-676438,-860264,109.67,194.02,222.95,2.535,152.09,-19.738,-3.5083,296.4,-30.22,4.5,-1,4,0,-1.0000 H3ATP- 1.0000 ATP-4 3.0000 H+,,,organic_aq,
H4ATP,+H4ATP-,C10H16N5O13P3,aq,LH06a,,3/8/2017,HKF,cal,-678500,-858553,122.33,250.04,228.09,2.5509,155.28,-19.812,-3.6404,351.9,-30.4,4.4,0,4,0,-1.0000 H4ATP 1.0000 ATP-4 4.0000 H+,,,organic_aq,
CTP-4,CTP4-,C9H12N3O14P3-4,aq,LH06a,,3/8/2017,HKF,cal,-740718,-937496,43.58,-2.79,178.13,2.3948,123.89,-19.084,-2.3427,99.59,-27.07,5.2,-4,4,0,-1.0000 CTP-4 1.0000 CDP-3 1.0000 HPO4-2 -1.0000 H2O 1.0000 H+,aux,,organic_aq,
HCTP-3,HCTP3-,C9H13N3O14P3-3,aq,LH06a,,3/8/2017,HKF,cal,-751148,-935746,84.44,67.84,193.62,2.4446,133.9,-19.316,-2.7564,171,-27.91,5.1,-3,4,0,-1.0000 HCTP-3 1.0000 CTP-4 1.0000 H+,,,organic_aq,
H2CTP-2,+H2CTP3-,C9H14N3O14P3-2,aq,LH06a,,3/8/2017,HKF,cal,-757348,-939646,92.15,108.54,193.09,2.441,133.18,-19.3,-2.7268,211.1,-28.49,4.9,-2,4,0,-1.0000 H2CTP-2 1.0000 CTP-4 2.0000 H+,,,organic_aq,
H3CTP-,+H3CTP2-,C9H15N3O14P3-,aq,LH06a,,3/8/2017,HKF,cal,-760048,-938146,106.24,169.34,204.31,2.4759,140.2,-19.462,-3.0169,268.1,-27.53,4.7,-1,4,0,-1.0000 H3CTP- 1.0000 CTP-4 3.0000 H+,,,organic_aq,
H4CTP,+H4CTP-,C9H16N3O14P3,aq,LH06a,,3/8/2017,HKF,cal,-762090,-936314,119.23,225,209.45,2.4918,143.39,-19.536,-3.1489,323.3,-27.75,4.6,0,4,0,-1.0000 H4CTP 1.0000 CTP-4 4.0000 H+,,,organic_aq,
GTP-4,GTP4-,C10H12N5O14P3-4,aq,LH06a,,3/8/2017,HKF,cal,-716107,-925542,48.3,25.36,195.54,2.4522,135.43,-19.352,-2.8198,136.1,-30.73,5.3,-4,4,0,-1.0000 GTP-4 1.0000 GDP-3 1.0000 HPO4-2 -1.0000 H2O 1.0000 H+,aux,,organic_aq,
HGTP-3,HGTP3-,C10H13N5O14P3-3,aq,LH06a,,3/8/2017,HKF,cal,-726537,-923792,89.15,95.5,211.03,2.5028,145.62,-19.588,-3.2409,209.2,-32.18,5.3,-3,4,0,-1.0000 HGTP-3 1.0000 GTP-4 1.0000 H+,,,organic_aq,
H2GTP-2,+H2GTP3-,C10H14N5O14P3-2,aq,LH06a,,3/8/2017,HKF,cal,-732737,-927692,96.86,135.94,210.5,2.4993,144.91,-19.572,-3.2115,249.3,-32.92,5.1,-2,4,0,-1.0000 H2GTP-2 1.0000 GTP-4 2.0000 H+,,,organic_aq,
H3GTP-,+H3GTP2-,C10H15N5O14P3-,aq,LH06a,,3/8/2017,HKF,cal,-735437,-926192,110.95,196.82,221.72,2.5346,152.01,-19.736,-3.5051,307.2,-32.33,4.9,-1,4,0,-1.0000 H3GTP- 1.0000 GTP-4 3.0000 H+,,,organic_aq,
H4GTP,+H4GTP-,C10H16N5O14P3,aq,LH06a,,3/8/2017,HKF,cal,-737480,-924362,123.94,252.16,226.86,2.5505,155.2,-19.81,-3.6372,361,-32.04,4.8,0,4,0,-1.0000 H4GTP 1.0000 GTP-4 4.0000 H+,,,organic_aq,
TTP-4,TTP4-,C10H13N2O15P3-4,aq,LH06a,,3/8/2017,HKF,cal,-793622,-995550,44.92,11.48,191.72,2.4384,132.65,-19.287,-2.7048,109.4,-25.31,5.1,-4,4,0,-1.0000 TTP-4 1.0000 TDP-3 1.0000 HPO4-2 -1.0000 H2O 1.0000 H+,aux,,organic_aq,
HTTP-3,HTTP3-,C10H14N2O15P3-3,aq,LH06a,,3/8/2017,HKF,cal,-803972,-993530,86.4,81.89,207.21,2.489,142.84,-19.524,-3.1259,182.4,-26.6,5.1,-3,4,0,-1.0000 HTTP-3 1.0000 TTP-4 1.0000 H+,,,organic_aq,
H2TTP-2,+H2TTP3-,C10H15N2O15P3-2,aq,LH06a,,3/8/2017,HKF,cal,-810172,-997430,94.12,122.61,206.68,2.4854,142.12,-19.507,-3.0962,222.5,-27.18,4.9,-2,4,0,-1.0000 H2TTP-2 1.0000 TTP-4 2.0000 H+,,,organic_aq,
H3TTP-,+H3TTP2-,C10H16N2O15P3-,aq,LH06a,,3/8/2017,HKF,cal,-812872,-995930,108.21,183.15,218.18,2.5221,149.5,-19.678,-3.4012,281.1,-26.69,4.8,-1,4,0,-1.0000 H3TTP- 1.0000 TTP-4 3.0000 H+,,,organic_aq,
H4TTP,+H4TTP-,C10H17N2O15P3,aq,LH06a,,3/8/2017,HKF,cal,-815000,-994118,121.42,237.83,223.04,2.5372,152.52,-19.748,-3.526,334.4,-26.45,4.7,0,4,0,-1.0000 H4TTP 1.0000 TTP-4 4.0000 H+,,,organic_aq,
UTP-4,UTP4-,C9H11N2O15P3-4,aq,LH06a,,3/8/2017,HKF,cal,-792041,-985168,41.83,-4.51,177.08,2.3909,123.11,-19.066,-2.3104,98.4,-27.33,5.2,-4,4,0,-1.0000 UTP-4 1.0000 UDP-3 1.0000 HPO4-2 -1.0000 H2O 1.0000 H+,aux,,organic_aq,
HUTP-3,HUTP3-,C9H12N2O15P3-3,aq,LH06a,,3/8/2017,HKF,cal,-802441,-983278,83.05,65.83,192.57,2.4416,133.3,-19.302,-2.7314,171.4,-28.66,5.2,-3,4,0,-1.0000 HUTP-3 1.0000 UTP-4 1.0000 H+,,,organic_aq,
H2UTP-2,+H2UTP3-,C9H13N2O15P3-2,aq,LH06a,,3/8/2017,HKF,cal,-808641,-987178,90.77,106.77,192.03,2.4385,132.67,-19.288,-2.7056,212.3,-29.52,5,-2,4,0,-1.0000 H2UTP-2 1.0000 UTP-4 2.0000 H+,,,organic_aq,
H3UTP-,+H3UTP2-,C9H14N2O15P3-,aq,LH06a,,3/8/2017,HKF,cal,-811341,-985678,104.85,167.22,203.25,2.4742,139.86,-19.455,-3.003,270.9,-29.07,4.9,-1,4,0,-1.0000 H3UTP- 1.0000 UTP-4 3.0000 H+,,,organic_aq,
H4UTP,+H4UTP-,C9H15N2O15P3,aq,LH06a,,3/8/2017,HKF,cal,-813380,-983806,117.97,222.65,208.39,2.4901,143.06,-19.529,-3.1351,324.6,-28.65,4.8,0,4,0,-1.0000 H4UTP 1.0000 UTP-4 4.0000 H+,,,organic_aq,
dATP-4,dATP4-,C10H12N5O12P3-4,aq,LH06a,,3/8/2017,HKF,cal,-621732,-817322,45.7,12.6,195.8,2.4508,135.15,-19.345,-2.8081,119.7,-30.27,5,-4,4,0,-1.0000 dATP-4 1.0000 dADP-3 1.0000 HPO4-2 -1.0000 H2O 1.0000 H+,aux,,organic_aq,
dHATP-3,dHATP3-,C10H13N5O12P3-3,aq,LH06a,,3/8/2017,HKF,cal,-632233,-815922,85.61,84.15,211.29,2.5014,145.335,-19.581,-3.2292,190.5,-30.37,4.9,-3,4,0,-1.0000 dHATP-3 1.0000 dATP-4 1.0000 H+,,,organic_aq,
dH2ATP-2,d+H2ATP3-,C10H14N5O12P3-2,aq,LH06a,,3/8/2017,HKF,cal,-638432,-819822,93.33,124.71,210.76,2.4988,144.803,-19.569,-3.2071,230.6,-31.04,4.7,-2,4,0,-1.0000 dH2ATP-2 1.0000 dATP-4 2.0000 H+,,,organic_aq,
dH3ATP-,d+H3ATP2-,C10H15N5O12P3-,aq,LH06a,,3/8/2017,HKF,cal,-641132,-818322,107.42,185.29,221.98,2.5346,151.996,-19.736,-3.5045,287.7,-30.22,4.5,-1,4,0,-1.0000 dH3ATP- 1.0000 dATP-4 3.0000 H+,,,organic_aq,
dH4ATP,d+H4ATP-,C10H16N5O12P3,aq,LH06a,,3/8/2017,HKF,cal,-643200,-816614,120.08,241.34,227.12,2.5505,155.198,-19.81,-3.6369,343.2,-30.4,4.4,0,4,0,-1.0000 dH4ATP 1.0000 dATP-4 4.0000 H+,,,organic_aq,
dCTP-4,dCTP4-,C9H12N3O13P3-4,aq,LH06a,,3/8/2017,HKF,cal,-707191,-895390,47.84,-12,180.08,2.4012,125.175,-19.114,-2.3957,90.63,-27.07,5.2,-4,4,0,-1.0000 dCTP-4 1.0000 dCDP-3 1.0000 HPO4-2 -1.0000 H2O 1.0000 H+,aux,,organic_aq,
dHCTP-3,dHCTP3-,C9H13N3O13P3-3,aq,LH06a,,3/8/2017,HKF,cal,-717621,-893640,88.69,58.82,195.57,2.4518,135.36,-19.35,-2.8168,162,-27.91,5.1,-3,4,0,-1.0000 dHCTP-3 1.0000 dCTP-4 1.0000 H+,,,organic_aq,
dH2CTP-2,d+H2CTP3-,C9H14N3O13P3-2,aq,LH06a,,3/8/2017,HKF,cal,-723821,-897540,96.41,99.57,195.04,2.4492,134.834,-19.338,-2.795,202.1,-28.49,4.9,-2,4,0,-1.0000 dH2CTP-2 1.0000 dCTP-4 2.0000 H+,,,organic_aq,
dH3CTP-,d+H3CTP2-,C9H15N3O13P3-,aq,LH06a,,3/8/2017,HKF,cal,-726521,-896040,110.49,160.34,206.26,2.485,142.028,-19.505,-3.0924,259.1,-27.53,4.7,-1,4,0,-1.0000 dH3CTP- 1.0000 dCTP-4 3.0000 H+,,,organic_aq,
dH4CTP,d+H4CTP-,C9H16N3O13P3,aq,LH06a,,3/8/2017,HKF,cal,-728570,-894253,123.36,216,211.4,2.5009,145.223,-19.579,-3.2245,314.3,-27.75,4.6,0,4,0,-1.0000 dH4CTP 1.0000 dCTP-4 4.0000 H+,,,organic_aq,
dGTP-4,dGTP4-,C10H12N5O13P3-4,aq,LH06a,,3/8/2017,HKF,cal,-682078,-886958,39.06,16.2,193.97,2.4475,134.492,-19.33,-2.7809,127.9,-30.73,5.3,-4,4,0,-1.0000 dGTP-4 1.0000 dGDP-3 1.0000 HPO4-2 -1.0000 H2O 1.0000 H+,aux,,organic_aq,
dHGTP-3,dHGTP3-,C10H13N5O13P3-3,aq,LH06a,,3/8/2017,HKF,cal,-692508,-885208,79.91,87.27,209.46,2.4982,144.678,-19.566,-3.202,201,-32.18,5.3,-3,4,0,-1.0000 dHGTP-3 1.0000 dGTP-4 1.0000 H+,,,organic_aq,
dH2GTP-2,d+H2GTP3-,C10H14N5O13P3-2,aq,LH06a,,3/8/2017,HKF,cal,-698708,-889108,87.63,127.74,208.93,2.4955,144.145,-19.554,-3.18,241.1,-32.92,5,-2,4,0,-1.0000 dH2GTP-2 1.0000 dGTP-4 2.0000 H+,,,organic_aq,
dH3GTP-,d+H3GTP2-,C10H15N5O13P3-,aq,LH06a,,3/8/2017,HKF,cal,-701408,-887608,101.71,188.66,220.15,2.5313,151.345,-19.721,-3.4776,299,-32.33,4.9,-1,4,0,-1.0000 dH3GTP- 1.0000 dGTP-4 3.0000 H+,,,organic_aq,
dH4GTP,d+H4GTP-,C10H16N5O13P3,aq,LH06a,,3/8/2017,HKF,cal,-703450,-885778,114.7,243.96,225.29,2.5472,154.54,-19.795,-3.6097,352.8,-32.04,4.8,0,4,0,-1.0000 dH4GTP 1.0000 dGTP-4 4.0000 H+,,,organic_aq,
dTTP-4,dTTP4-,C10H13N2O14P3-4,aq,LH06a,,3/8/2017,HKF,cal,-760095,-953444,49.17,2.64,192.47,2.4408,133.144,-19.299,-2.7252,100.5,-25.31,5.1,-4,4,0,-1.0000 dTTP-4 1.0000 dTDP-3 1.0000 HPO4-2 -1.0000 H2O 1.0000 H+,aux,,organic_aq,
dHTTP-3,dHTTP3-,C10H14N2O14P3-3,aq,LH06a,,3/8/2017,HKF,cal,-770445,-951424,90.66,72.98,207.96,2.4915,143.33,-19.535,-3.1463,173.5,-26.6,5.1,-3,4,0,-1.0000 dHTTP-3 1.0000 dTTP-4 1.0000 H+,,,organic_aq,
dH2TTP-2,d+H2TTP3-,C10H15N2O14P3-2,aq,LH06a,,3/8/2017,HKF,cal,-776645,-955324,98.38,113.73,207.43,2.4888,142.797,-19.523,-3.1242,213.6,-27.18,4.9,-2,4,0,-1.0000 dH2TTP-2 1.0000 dTTP-4 2.0000 H+,,,organic_aq,
dH3TTP-,d+H3TTP2-,C10H16N2O14P3-,aq,LH06a,,3/8/2017,HKF,cal,-779345,-953824,112.46,174.23,218.65,2.5246,149.991,-19.689,-3.4216,272.2,-26.69,4.8,-1,4,0,-1.0000 dH3TTP- 1.0000 dTTP-4 3.0000 H+,,,organic_aq,
dH4TTP,d+H4TTP-,C10H17N2O14P3,aq,LH06a,,3/8/2017,HKF,cal,-781370,-954020,118.6,228.93,223.79,2.5405,153.186,-19.764,-3.5537,325.5,-26.45,4.7,0,4,0,-1.0000 dH4TTP 1.0000 dTTP-4 4.0000 H+,,,organic_aq,
dUTP-4,dUTP4-,C9H11N2O14P3-4,aq,LH06a,,3/8/2017,HKF,cal,-758514,-943062,46.09,-12.88,176.39,2.3886,122.656,-19.055,-2.2916,89.57,-27.33,5.2,-4,4,0,-1.0000 dUTP-4 1.0000 dUDP-3 1.0000 HPO4-2 -1.0000 H2O 1.0000 H+,aux,,organic_aq,
dHUTP-3,dHUTP3-,C9H12N2O14P3-3,aq,LH06a,,3/8/2017,HKF,cal,-768914,-941172,87.31,57.01,191.87,2.4393,132.841,-19.292,-2.7127,162.6,-28.66,5.2,-3,4,0,-1.0000 dHUTP-3 1.0000 dUTP-4 1.0000 H+,,,organic_aq,
dH2UTP-2,d+H2UTP3-,C9H13N2O14P3-2,aq,LH06a,,3/8/2017,HKF,cal,-775114,-945072,95.02,97.96,191.34,2.4367,132.309,-19.279,-2.6907,203.5,-29.52,5,-2,4,0,-1.0000 dH2UTP-2 1.0000 dUTP-4 2.0000 H+,,,organic_aq,
dH3UTP-,d+H3UTP2-,C9H14N2O14P3-,aq,LH06a,,3/8/2017,HKF,cal,-777814,-943572,109.11,158.49,202.56,2.472,139.411,-19.444,-2.9842,262.1,-29.07,4.9,-1,4,0,-1.0000 dH3UTP- 1.0000 dUTP-4 3.0000 H+,,,organic_aq,
dH4UTP,d+H4UTP-,C9H15N2O14P3,aq,LH06a,,3/8/2017,HKF,cal,-779850,-940671,125.67,213.85,207.7,2.4888,142.79,-19.522,-3.1239,315.8,-28.65,4.8,0,4,0,-1.0000 dH4UTP 1.0000 dUTP-4 4.0000 H+,,,organic_aq,
MgAMP,MgAMP,MgC10H12N5O7P,aq,LH06b,,3/8/2017,HKF,cal,-359730,-497815,41.68,115.39,158.14,2.3212,109.1071,-18.7412,-1.7315,191.66,-18.26,4.3,0,4,0,-1.0000 MgAMP 1.0000 AMP-2 1.0000 Mg+2,,,organic_aq,
MgADP-,MgADP-,MgC10H12N5O10P2-,aq,LH06b,,3/8/2017,HKF,cal,-567524,-730932,55.74,139.99,189.17,2.4109,127.142,-19.1595,-2.4771,175.24,-3.9,3.11,-1,4,0,-1.0000 MgADP- 1.0000 ADP-3 1.0000 Mg+2,,,organic_aq,
MgHADP,MgHADP,MgC10H13N5O10P2,aq,LH06b,,3/8/2017,HKF,cal,-574465,-731642,76.53,161.47,199.93,2.4625,137.4969,-19.3997,-2.9051,244.57,-19.38,4.78,0,4,0,-1.0000 MgHADP 1.0000 ADP-3 1.0000 H+ 1.0000 Mg+2,,,organic_aq,
Mg2ADP+,Mg2ADP+,Mg2C10H12N5O10P2+,aq,LH06b,,3/8/2017,HKF,cal,-678301,-839030,41.3,159.44,174.77,2.3411,113.1049,-18.834,-1.897,166.84,-1.4,0.5,1,4,0,-1.0000 Mg2ADP+ 1.0000 ADP-3 2.0000 Mg+2,,,organic_aq,
MgATP-2,MgATP-2,MgC10H12N5O13P3-2,aq,LH06b,,3/8/2017,HKF,cal,-773609,-966279,56.6,150.14,193.48,2.4503,135.0839,-19.3437,-2.8054,256.02,-26.1,5.74,-2,4,0,-1.0000 MgATP-2 1.0000 ATP-4 1.0000 Mg+2,,,organic_aq,
MgHATP-,MgHATP-,MgC10H13N5O13P3-,aq,LH06b,,3/8/2017,HKF,cal,-780994,-965191,85.01,210.8,208.97,2.5012,145.2701,-19.58,-3.2266,315.61,-25.57,5.74,-1,4,0,-1.0000 MgHATP- 1.0000 ATP-4 1.0000 H+ 1.0000 Mg+2,,,organic_aq,
MgH2ATP,MgH2ATP,MgC10H14N5O13P3,aq,LH06b,,3/8/2017,HKF,cal,-786200,-970480,84.73,267.21,208.63,2.4935,143.766,-19.5451,-3.1642,362.6,-24.12,5.02,0,4,0,-1.0000 MgH2ATP 1.0000 ATP-4 2.0000 H+ 1.0000 Mg+2,,,organic_aq,
Mg2ATP,Mg2ATP,Mg2C10H12N5O13P3,aq,LH06b,,3/8/2017,HKF,cal,-884603,-1072753,48.33,204.13,191.55,2.4505,135.0889,-19.3439,-2.8057,310.3,-23.11,6.45,0,4,0,-1.0000 Mg2ATP 1.0000 ATP-4 2.0000 Mg+2,,,organic_aq,
H2NicMP(red),,C11H17N2O8P,aq,LH06b,,3/8/2017,HKF,cal,-329625,-462127,87.88,86.83,198.9,2.4409,133.1706,-19.299,-2.7263,144.86,-16.01,2.87,0,4,0,-1.0000 H2NicMP(red) 5.5000 acetic-acid 1.0000 HPO4-2 2.0000 NH4+ -7.0000 H2O,aux,,organic_aq,
HNicMP(red)-,HNicMP(red)-,C11H16N2O8P-,aq,LH06b,,3/8/2017,HKF,cal,-324424,-457827,84.87,81.36,199.4,2.4472,134.4331,-19.3279,-2.7784,149.55,-18.76,3.35,-1,4,0,-1.0000 HNicMP(red)- 1.0000 H2NicMP(red) -1.0000 H+,,,organic_aq,
NicMP(red)-2,NicMP(red)2-,C11H15N2O8P-2,aq,LH06b,,3/8/2017,HKF,cal,-316226,-458666,54.54,28.47,172.9,2.3604,116.9948,-18.924,-2.0576,91.85,-16.4,3.35,-2,4,0,-1.0000 NicMP(red)-2 1.0000 H2NicMP(red) -2.0000 H+,,,organic_aq,
H2NicMP(ox)+,,C11H16N2O8P+,aq,LH06b,,3/8/2017,HKF,cal,-334995,-455067,98.35,79.33,199,2.4413,133.2429,-19.3009,-2.7292,143.21,-18.88,2.87,1,4,0,-1.0000 H2NicMP(ox)+ 1.0000 H2NicMP(red) -1.0000 H2O 1.0000 H+ 0.5000 O2(g),aux,,organic_aq,
HNicMP(ox),HNicMP(ox),C11H15N2O8P,aq,LH06b,,3/8/2017,HKF,cal,-329794,-450767,95.32,73.88,190,2.4476,134.5054,-19.3301,-2.7815,147.9,-21.63,3.35,0,4,0,-1.0000 HNicMP(ox) 1.0000 H2NicMP(ox)+ -1.0000 H+,,,organic_aq,
NicMP(ox)-,NicMP(ox)-,C11H14N2O8P-,aq,LH06b,,3/8/2017,HKF,cal,-321594,-451606,65.01,20.98,173,2.3608,117.0671,-18.9259,-2.0606,90.2,-19.27,3.35,-1,4,0,-1.0000 NicMP(ox)- 1.0000 H2NicMP(ox)+ -2.0000 H+,,,organic_aq,
H2NAD(red),H2NAD(red),C21H29N7O14P2,aq,LH06b,,3/8/2017,HKF,cal,-529739,-780727,163,218.5,346.4,-2.4077,248.0631,-40.2557,-1.9178,325.29,-29.71,5.02,0,4,0,-1.0000 H2NAD(red) 10.5000 acetic-acid 2.0000 HPO4-2 7.0000 NH4+ -20.0000 H2O -3.0000 H+ 2.5000 O2(g),aux,,organic_aq,
HNAD(red)-,HNAD(red)-,C21H28N7O14P2-,aq,LH06b,,3/8/2017,HKF,cal,-527641,-782627,149.59,197.11,341,-2.576,247.6556,-40.1028,-1.9009,326.48,-34.06,6.69,-1,4,0,-1.0000 HNAD(red)- 1.0000 H2NAD(red) -1.0000 H+,,,organic_aq,
NAD(red)-2,NAD(red)-2,C21H27N7O14P2-2,aq,LH06b,,3/8/2017,HKF,cal,-524441,-783126,137.19,177.2,335.8,-2.609,247.5731,-40.0669,-1.8975,331.26,-38.1,8.37,-2,4,0,-1.0000 NAD(red)-2 1.0000 H2NAD(red) -2.0000 H+,,,organic_aq,
H2NAD(ox)+,H2NAD(ox)+,C21H28N7O14P2+,aq,LH06b,,3/8/2017,HKF,cal,-535110,-773666,173.49,210.99,346.5,-2.4073,248.1355,-40.2581,-1.9208,323.61,-32.58,5.02,1,4,0,-1.0000 H2NAD(ox)+ 1.0000 H2NAD(red) -1.0000 H2O 1.0000 H+ 0.5000 O2(g),aux,,organic_aq,
HNAD(ox),HNAD(ox),C21H27N7O14P2,aq,LH06b,,3/8/2017,HKF,cal,-533009,-775566,159.99,189.7,341.1,-2.5755,247.7278,-40.1052,-1.9039,324.81,-36.95,6.69,0,4,0,-1.0000 HNAD(ox) 1.0000 H2NAD(ox)+ -1.0000 H+,,,organic_aq,
NAD(ox)-,NAD(ox)-,C21H26N7O14P2-,aq,LH06b,,3/8/2017,HKF,cal,-529811,-776066,147.61,169.69,335.9,-2.6085,247.6456,-40.0693,-1.9005,329.59,-40.97,8.37,-1,4,0,-1.0000 NAD(ox)- 1.0000 H2NAD(ox)+ -2.0000 H+,,,organic_aq,
ribose-5-phosphate,R5P,C5H11O8P,aq,LH06b,,3/8/2017,HKF,cal,-391033,-487032,62.5,90.61,120.1,6.7071,69.0989,-22.0043,-0.0776,118.09,-16.24,-0.6,0,4,0,-1.0000 ribose-5-phosphate 1.0000 ribose 1.0000 HPO4-2 -1.0000 H2O 2.0000 H+,aux,,organic_aq,
ribose-5-phosphate-1,R5P-1,C5H10O8P-,aq,LH06b,,3/8/2017,HKF,cal,-388074,-488932,46.08,60.11,110.3,4.9219,64.7401,-20.2911,0.1026,114.17,-22.47,0.91,-1,4,0,-1.0000 ribose-5-phosphate-1 1.0000 ribose-5-phosphate -1.0000 H+,,,organic_aq,
ribose-5-phosphate-2,R5P-2,C5H9O8P-2,aq,LH06a,,3/8/2017,HKF,cal,-378243,-487925,16.49,7.5,83.78,2.0659,57.7664,-17.55,0.3909,102.87,-32.91,2.96,-2,4,0,-1.0000 ribose-5-phosphate-2 1.0000 ribose-5-phosphate -2.0000 H+,,,organic_aq,
H4NADP(red),H4NADP(red),C21H30N7O17P3,aq,LH06b,,3/8/2017,HKF,cal,-741035,-1020626,165.99,241.16,378.35,-23.9546,324.5229,-24.3054,-7.4223,308.75,-13.13,4.3,0,4,0,-1.0000 H4NADP(red) 1.0000 H2NAD(red) 1.0000 HPO4-2 -1.0000 H2O 2.0000 H+,aux,,organic_aq,
H3NADP(red)-,H3NADP(red)-,C21H29N7O17P3-,aq,LH06b,,3/8/2017,HKF,cal,-738934,-1022526,152.61,219.65,372.96,-24.1228,324.1152,-24.1525,-7.4056,309.89,-17.49,5.74,-1,4,0,-1.0000 H3NADP(red)- 1.0000 H4NADP(red) -1.0000 H+,,,organic_aq,
H2NADP(red)-2,H2NADP(red)-2,C21H28N7O17P3-2,aq,LH06b,,3/8/2017,HKF,cal,-735734,-1023026,140.2,199.86,367.72,-24.1558,324.033,-24.1164,-7.402,314.56,-21.52,7.65,-2,4,0,-1.0000 H2NADP(red)-2 1.0000 H4NADP(red) -2.0000 H+,,,organic_aq,
HNADP(red)-3,HNADP(red)-3,C21H27N7O17P3-3,aq,LH06b,,3/8/2017,HKF,cal,-732775,-1024926,123.9,169.41,350.51,-25.941,319.674,-22.4032,-7.2218,310.61,-27.75,9.08,-3,4,0,-1.0000 HNADP(red)-3 1.0000 H4NADP(red) -3.0000 H+,,,organic_aq,
NADP(red)-4,NADP(red)-4,C21H26N7O17P3-4,aq,LH06b,,3/8/2017,HKF,cal,-722945,-1023922,94.31,118.31,323.81,-28.7971,312.7003,-19.6622,-6.9336,299.31,-38.19,11.23,-4,4,0,-1.0000 NADP(red)-4 1.0000 H4NADP(red) -4.0000 H+,,,organic_aq,
H4NADP(ox)+,H4NADP(ox)+,C21H29N7O17P3+,aq,LH06b,,3/8/2017,HKF,cal,-747684,-1012369,184.8,234.92,378.46,-23.9541,324.5951,-24.3074,-7.4254,307.1,-16,4.3,1,4,0,-1.0000 H4NADP(ox)+ 1.0000 H2NAD(ox)+ 1.0000 HPO4-2 -1.0000 H2O 2.0000 H+,aux,,organic_aq,
H3NADP(ox),H3NADP(ox),C21H28N7O17P3,aq,LH06b,,3/8/2017,HKF,cal,-745586,-1014269,171.39,213.53,373.07,-24.1226,324.1876,-24.1546,-7.4085,308.25,-20.36,5.74,0,4,0,-1.0000 H3NADP(ox) 1.0000 H4NADP(ox)+ -1.0000 H+,,,organic_aq,
H2NADP(ox)-,H2NADP(ox)-,C21H27N7O17P3-,aq,LH06b,,3/8/2017,HKF,cal,-742385,-1014768,158.99,193.74,367.83,-24.1554,324.1052,-24.1183,-7.4051,312.88,-24.38,7.65,-1,4,0,-1.0000 H2NADP(ox)- 1.0000 H4NADP(ox)+ -2.0000 H+,,,organic_aq,
HNADP(ox)-2,HNADP(ox)-2,C21H26N7O17P3-2,aq,LH06b,,3/8/2017,HKF,cal,-739424,-1016668,142.71,163.29,350.62,-25.9405,319.7464,-22.4052,-7.2249,308.96,-30.64,9.08,-2,4,0,-1.0000 HNADP(ox)-2 1.0000 H4NADP(ox)+ -3.0000 H+,,,organic_aq,
NADP(ox)-3,NADP(ox)-3,C21H25N7O17P3-3,aq,LH06b,,3/8/2017,HKF,cal,-729596,-1015662,113.1,112.19,323.92,-28.7966,312.7727,-19.6642,-6.9367,297.97,-41.06,11.23,-3,4,0,-1.0000 NADP(ox)-3 1.0000 H4NADP(ox)+ -4.0000 H+,,,organic_aq,
arginine,Arg,C6H14N4O2,aq,AH97b,DLH06.1,8/25/2006,HKF,cal,-57360,-143060,80.06,67.4,123.9,28.83,8.21,7.2,-5.95,94.8,-12.5,0.22,0,4,0,-1.0000 arginine 3.0000 glycine 1.0000 NH4+ -2.0000 H2O -1.0000 H+ -1.0000 O2(g),aux,,organic_aq,
argininium,Arg+,C6H15N4O2+,aq,Kit15,,9/7/2023,HKF,cal,-69630,-153860,84.98,77.6,122.5,31.72,0.22,5.46,-5.15,103.8,-9.6,0.73,1,4,0,-1.0000 argininium 3.0000 glycine 1.0000 NH4+ -2.0000 H2O -1.0000 O2(g),,,organic_aq,
argininate,Arg-,C6H13N4O2-,aq,Kit15,,9/7/2023,HKF,cal,-41070,-142650,26.82,81.1,143,31.28,13.76,32.12,-9.94,141.9,-19.6,2.3,-1,4,0,-1.0000 argininate 3.0000 glycine 1.0000 NH4+ -2.0000 H2O -2.0000 H+ -1.0000 O2(g),,,organic_aq,
aspartate,Asp-,C4H6NO4-,aq,Kit15,,9/7/2023,HKF,cal,-167380,-225180,41.9,2.7,64.8,16.96,5.77,10.11,-6.37,56.3,-15.3,2.47,-1,4,0,-1.0000 aspartate 2.0000 glycine -1.0000 NH4+,,,organic_aq,
cysteine,Cys,C3H7NO2S,aq,AH97b,DLH06.1,8/25/2006,HKF,cal,-80330,-124070,46.32,47.1,73.5,18.14,2.4,9.31,-4.97,59.8,-5.6,0.15,0,4,0,-1.0000 cysteine 1.5000 glycine -0.5000 NH4+ -0.5000 H2O 1.5000 H+ -0.2500 O2(g) 1.0000 HS-,,,organic_aq,
cysteinate,Cys-,C3H6NO2S-,aq,AH97b,DLH06.1,11/28/2006,HKF,cal,-68920,-115440,37.01,19.1,60.6,14.44,5.08,12.24,-3.68,61,-9.5,2.59,-1,4,0,-1.0000 cysteinate 1.5000 glycine -0.5000 NH4+ -0.5000 H2O 0.5000 H+ -0.2500 O2(g) 1.0000 HS-,,,organic_aq,
glutamate,Glu-,C5H8NO4-,aq,Kit15,,9/11/2023,HKF,cal,-167250,-233860,44.97,7.6,80,20.49,6.96,10.86,-7.02,47.6,-7.8,2.65,-1,4,0,-1.0000 glutamate 2.5000 glycine -1.5000 NH4+ 0.5000 H2O 0.5000 H+ -0.7500 O2(g),,,organic_aq,
histidine,His,C6H9N3O2,aq,AH97b,DLH06.1,8/25/2006,HKF,cal,-48420,-108200,66,56.2,99.3,24.32,4.8,7.52,-6.05,81.6,-11.3,0.27,0,4,0,-1.0000 histidine 3.0000 glycine -3.0000 H2O -0.5000 O2(g),,,organic_aq,
histidinium,His+,C6H10N3O2+,aq,Kit15,,9/7/2023,HKF,cal,-56570,-115300,69.5,59.1,97,26.64,-3.4,-0.88,-3.07,88,-12,0.5,1,4,0,-1.0000 histidinium 3.0000 glycine -3.0000 H2O 1.0000 H+ -0.5000 O2(g),,,organic_aq,
lysine,Lys,C6H14N2O2,aq,AH97b,DLH06.1,8/25/2006,HKF,cal,-80680,-159330,57.91,63.8,108.6,24.56,8.3,24.43,-9.53,86.6,-10.9,0.07,0,4,0,-1.0000 lysine 3.0000 glycine -1.0000 NH4+ 1.0000 H2O 1.0000 H+ -2.5000 O2(g),,,organic_aq,
lysinium,Lys+,C6H15N2O2+,aq,Kit15,,9/7/2023,HKF,cal,-93080,-168720,68,67.9,107.5,28.62,-1.51,4.47,-3.99,95.2,-8,1.21,1,4,0,-1.0000 lysinium 3.0000 glycine -1.0000 NH4+ 1.0000 H2O 2.0000 H+ -2.5000 O2(g),,,organic_aq,
lysinate,Lys-,C6H13N2O2-,aq,Kit15,,9/7/2023,HKF,cal,-65810,-148950,42.87,72.8,112.2,28.29,10.53,2.97,-7.61,133.7,-18,2.67,-1,4,0,-1.0000 lysinate 3.0000 glycine -1.0000 NH4+ 1.0000 H2O -2.5000 O2(g),,,organic_aq,
proline,Pro,C5H9NO2,aq,AH97b,DLH06.1,8/25/2006,HKF,cal,-73560,-124100,49.83,43,82.6,19.39,4.87,11.88,-5.68,63.6,-9.5,0.14,0,4,0,-1.0000 proline 2.5000 glycine -1.5000 NH4+ 0.5000 H2O 1.5000 H+ -1.7500 O2(g),,,organic_aq,
tyrosinate,Tyr-,C9H10NO3-,aq,Kit15,,9/11/2023,HKF,cal,-79400,-148090,50.19,51.2,111.8,26.34,10.49,16.42,-7.59,109,-16,2.78,-1,4,0,-1.0000 tyrosinate 4.5000 glycine -3.5000 NH4+ -0.5000 H2O 2.5000 H+ -2.7500 O2(g),,,organic_aq,
xylose,xylose,C5H10O5,aq,AP01,SLOP07.2,11/13/2007,HKF,cal,-179252,-249771,48.7,65.97,95.7,22.5,5.016,7.715,-4.681,107.74,-19.896,0.1672,0,4,0,-1.0000 xylose 2.5000 acetic-acid,,,organic_aq,
arabinose,arabinose,C5H10O5,aq,AP01,SLOP07.2,11/13/2007,HKF,cal,-177279,-249305,43.64,67.16,93.3,22.48,4.92,6.903,-5.398,110.75,-20.78,0.1672,0,4,0,-1.0000 arabinose 2.5000 acetic-acid,,,organic_aq,
lyxose,lyxose,C5H10O5,aq,AP01,SLOP07.2,11/13/2007,HKF,cal,-178929,-249998,47.05,67.4,94.2,22.64,5.493,4.419,-5.064,110.97,-20.78,0.1672,0,4,0,-1.0000 lyxose 2.5000 acetic-acid,,,organic_aq,
xylulose,xylulose,C5H10O5,aq,AP01,SLOP07.2,11/13/2007,HKF,cal,-178215,-245928,58.11,76.24,94.7,22.33,5.971,7.715,-5.493,119.81,-20.78,0.1672,0,4,0,-1.0000 xylulose 2.5000 acetic-acid,,,organic_aq,
ribulose,ribulose,C5H10O5,aq,AP01,SLOP07.2,11/13/2007,HKF,cal,-175776,-244344,55.25,76.24,94.7,22.33,5.971,7.715,-5.493,119.81,-20.78,0.1672,0,4,0,-1.0000 ribulose 2.5000 acetic-acid,,,organic_aq,
glucose,glucose,C6H12O6,aq,AP01,SLOP07.2,11/13/2007,HKF,cal,-218759,-301469,64.85,86.76,112.2,26.3,6.831,10.485,-6.306,115.89,-12.826,0.215,0,4,0,-1.0000 glucose 3.0000 acetic-acid,,,organic_aq,
mannose,mannose,C6H12O6,aq,AP01,SLOP07.2,11/13/2007,HKF,cal,-217586,-300626,63.75,81.26,111.9,26.56,5.446,6.712,-5.064,111.78,-14.14,0.215,0,4,0,-1.0000 mannose 3.0000 acetic-acid,,,organic_aq,
galactose,galactose,C6H12O6,aq,AP01,SLOP07.2,11/13/2007,HKF,cal,-217094,-299800,64.87,90.58,110.7,27.25,4.825,2.508,-5.279,128.07,-17.77,0.215,0,4,0,-1.0000 galactose 3.0000 acetic-acid,,,organic_aq,
fructose,fructose,C6H12O6,aq,AP01,SLOP07.2,11/13/2007,HKF,cal,-218666,-300798,66.78,84.13,111,26.23,7.5,9.554,-6.998,127.95,-20.756,0.215,0,4,0,-1.0000 fructose 3.0000 acetic-acid,,,organic_aq,
sorbose,sorbose,C6H12O6,aq,AP01,SLOP07.2,11/13/2007,HKF,cal,-217816,-301734,60.81,84.13,111,26.23,7.5,9.554,-6.998,127.95,-20.756,0.215,0,4,0,-1.0000 sorbose 3.0000 acetic-acid,,,organic_aq,
cis-aconitic-acid,,C6H6O6,aq,CS16,,12/21/2016,HKF,cal,-236200,-291400,63.9,64,108.7,16.5766,30.8449,-2.4072,-4.0541,59.7379,1.3622,-0.164,0,4,0,-1.0000 cis-aconitic-acid 3.0000 acetic-acid -3.0000 H2O 1.5000 O2(g),aux,,organic_aq,
H2-cis-aconitate,,C6H5O6-,aq,CS16,,12/21/2016,HKF,cal,-233600,-290480,58.2,37.6,98.2,15.4873,28.376,-1.8452,-3.9521,51.8298,-3.6503,0.7477,-1,4,0,-1.0000 H2-cis-aconitate 1.0000 cis-aconitic-acid -1.0000 H+,,,organic_aq,
H-cis-aconitate-2,,C6H4O6-2,aq,CS16,,12/21/2016,HKF,cal,-227700,-289900,40.4,-1.7,86.8,14.6306,26.4342,-1.4046,-3.8718,30.3757,-4.1266,2.601,-2,4,0,-1.0000 H-cis-aconitate-2 1.0000 cis-aconitic-acid -2.0000 H+,,,organic_aq,
cis-aconitate-3,,C6H3O6-3,aq,CS16,,12/21/2016,HKF,cal,-218970,-290700,8.4,-52.6,69.8,13.0954,22.9544,-0.6139,-3.7279,-0.2807,-4.7435,4.6843,-3,4,0,-1.0000 cis-aconitate-3 1.0000 cis-aconitic-acid -3.0000 H+,,,organic_aq,
isocitric-acid,,C6H8O7,aq,CS16,,12/21/2016,HKF,cal,-295880,-363960,76.4,74.5,114.3,17.3743,32.653,-2.817,-4.1289,68.8768,2.3996,-0.082,0,4,0,-1.0000 isocitric-acid 3.0000 acetic-acid -2.0000 H2O 1.5000 O2(g),aux,,organic_aq,
H2-isocitrate,,C6H7O7-,aq,CS16,,12/21/2016,HKF,cal,-291390,-362960,64.7,48.1,103.8,16.2126,30.0199,-2.2197,-4.02,61.1741,-3.523,0.6493,-1,4,0,-1.0000 H2-isocitrate 1.0000 isocitric-acid -1.0000 H+,,,organic_aq,
H-isocitrate-2,,C6H6O7-2,aq,CS16,,12/21/2016,HKF,cal,-284960,-362380,45.1,8.8,92.4,15.3672,28.1034,-1.783,-3.9408,39.977,-3.9993,2.5298,-2,4,0,-1.0000 H-isocitrate-2 1.0000 isocitric-acid -2.0000 H+,,,organic_aq,
isocitrate-3,,C6H5O7-3,aq,CS16,,12/21/2016,HKF,cal,-276230,-363180,13.1,-42.1,75.4,13.8316,24.623,-0.9928,-3.7969,9.3108,-4.6163,4.6132,-3,4,0,-1.0000 isocitrate-3 1.0000 isocitric-acid -3.0000 H+,,,organic_aq,
a-ketoglutaric-acid,,C5H6O5,aq,CS16,,12/21/2016,HKF,cal,-201800,-245700,76.1,39.9,95.7,14.8287,26.8831,-1.5061,-3.8903,41.2055,-1.0189,-0.084,0,4,0,-1.0000 a-ketoglutaric-acid 2.5000 acetic-acid -2.0000 H2O 1.0000 O2(g),aux,,organic_aq,
H-a-ketoglutarate,,C5H5O5-,aq,CS16,,12/21/2016,HKF,cal,-198800,-242300,77.1,2.9,88.9,14.1054,25.2437,-1.1337,-3.8226,15.3765,-4.0709,0.4615,-1,4,0,-1.0000 H-a-ketoglutarate 1.0000 a-ketoglutaric-acid -1.0000 H+,,,organic_aq,
a-ketoglutarate-2,,C5H4O5-2,aq,CS16,,12/21/2016,HKF,cal,-191800,-240400,60.1,-49.9,82.7,13.9562,24.9058,-1.057,-3.8086,-19.3472,-4.7108,2.3026,-2,4,0,-1.0000 a-ketoglutarate-2 1.0000 a-ketoglutaric-acid -2.0000 H+,,,organic_aq,
oxaloacetic-acid,,C4H4O5,aq,CS16,,12/21/2016,HKF,cal,-200000,-235100,72.9,29.1,79.1,12.5492,21.7168,-0.3324,-3.6768,32.3818,-2.0859,-0.105,0,4,0,-1.0000 oxaloacetic-acid 2.0000 acetic-acid -2.0000 H2O 1.5000 O2(g),aux,,organic_aq,
H-oxaloacetate,,C4H3O5-,aq,CS16,,12/21/2016,HKF,cal,-196600,-231300,74,-7.9,72.3,11.8516,20.1357,0.0269,-3.6114,5.2703,-4.2017,0.5084,-1,4,0,-1.0000 H-oxaloacetate 1.0000 oxaloacetic-acid -1.0000 H+,,,organic_aq,
oxaloacetate-2,,C4H2O5-2,aq,CS16,,12/21/2016,HKF,cal,-190600,-230300,57.2,-60.7,66.1,11.7014,19.7949,0.1041,-3.5973,-29.4812,-4.8417,2.3465,-2,4,0,-1.0000 oxaloacetate-2 1.0000 oxaloacetic-acid -2.0000 H+,,,organic_aq,
adenine,,C5H5N5,aq,LH06a,LCT17,7/26/2017,HKF,cal,74770,31235,53.41,51.63,90.6,23.53,0,-17.75,0,48.54,-3.318,-1.093,0,4,0,-1.0000 adenine 2.5000 acetic-acid 5.0000 NH4+ -10.0000 H2O -5.0000 H+ 2.5000 O2(g),aux,,organic_aq,
guanine,,C5H5N5O,aq,LH06a,,3/3/2017,HKF,cal,16702,-34803,51.19,60.06,97.9,23.298,7.4602,-5.4837,-3.4136,90.14,-15.87,0.23,0,4,0,-1.0000 guanine 2.5000 acetic-acid 5.0000 NH4+ -10.0000 H2O -5.0000 H+ 3.0000 O2(g),aux,,organic_aq,
cytosine,,C4H5N3O,aq,LH06a,,2/3/2003,HKF,cal,-8411,-46915,47.64,41.81,73.35,17.3106,5.8612,6.6034,-5.2201,70.51,-13.36,0.17,0,4,0,-1.0000 cytosine 2.0000 acetic-acid 3.0000 NH4+ -6.0000 H2O -3.0000 H+ 1.5000 O2(g),aux,,organic_aq,
thymine,,C5H6N2O2,aq,LH06a,,2/3/2003,HKF,cal,-61315,-104969,48.96,56.93,88.04,21.2655,7.2705,-1.0309,-5.0944,83.2,-12.39,0.12,0,4,0,-1.0000 thymine 2.5000 acetic-acid 2.0000 NH4+ -5.0000 H2O -2.0000 H+ 1.0000 O2(g),aux,,organic_aq,
uracil,,C4H4N2O2,aq,LH06a,,2/3/2003,HKF,cal,-59734,-94587,45.88,36.19,71.55,17.5038,5.9312,-1.6074,-4.3091,56.57,-9.4,0.14,0,4,0,-1.0000 uracil 2.0000 acetic-acid 2.0000 NH4+ -5.0000 H2O -2.0000 H+ 1.5000 O2(g),aux,,organic_aq,
ribose,,C5H10O5,aq,LH06a,,2/3/2003,HKF,cal,-179739,-247132,59.53,66.46,95.71,22.6455,7.293,-5.3875,-3.4054,134.7,-32.82,0.17,0,4,0,-1.0000 ribose 2.5000 acetic-acid,aux,,organic_aq,
deoxyribose,,C5H10O4,aq,LH06a,,2/3/2003,HKF,cal,-144433,-205037,57.82,56.16,94.65,22.537,7.2652,-5.3715,-3.404,124.4,-32.82,0.17,0,4,0,-1.0000 deoxyribose 1.0000 ribose -0.5000 O2(g),aux,,organic_aq,
adenosine,,C10H13N5O4,aq,LH06a,,2/3/2003,HKF,cal,-46499,-148490,87.19,120.3,170.7,39.5452,12.901,8.9651,-8.8169,163.2,-20.1,0.23,0,4,0,-1.0000 adenosine 1.0000 ribose 1.0000 adenine -1.0000 H2O,,,organic_aq,
cytidine,,C9H13N3O5,aq,LH06a,,2/3/2003,HKF,cal,-130179,-226640,83.09,96.38,153.3,36.3116,7.996,7.5934,-6.5938,132.6,-16.3,0.34,0,4,0,-1.0000 cytidine 1.0000 ribose 1.0000 cytosine -1.0000 H2O,,,organic_aq,
guanosine,,C10H13N5O5,aq,LH06a,,2/3/2003,HKF,cal,-105568,-214528,88.33,124.9,174.2,42.2627,8.3757,-2.4562,-5.8937,169.3,-20.1,0.39,0,4,0,-1.0000 guanosine 1.0000 ribose 1.0000 guanine -1.0000 H2O,,,organic_aq,
thymidine,,C10H14N2O6,aq,LH06a,,2/3/2003,HKF,cal,-183083,-284694,84.42,110.5,167.4,38.1602,10.959,12.395,-7.1879,143.4,-14.9,0.29,0,4,0,-1.0000 thymidine 1.0000 ribose 1.0000 thymine -1.0000 H2O,,,organic_aq,
uridine,,C9H12N2O6,aq,LH06a,,2/3/2003,HKF,cal,-181502,-274312,81.34,95.14,151.8,36.1528,7.091,5.1259,-5.6836,131.8,-16.65,0.31,0,4,0,-1.0000 uridine 1.0000 ribose 1.0000 uracil -1.0000 H2O,,,organic_aq,
deoxyadenosine,,C10H13N5O3,aq,LH06a,,2/3/2003,HKF,cal,-11193,-106386,85.48,111.2,170,38.0314,16.957,15.1636,-10.834,154.2,-20.1,0.23,0,4,0,-1.0000 deoxyadenosine 1.0000 deoxyribose 1.0000 adenine -1.0000 H2O,,,organic_aq,
deoxycytidine,,C9H13N3O4,aq,LH06a,,9/24/2006,HKF,cal,-96652,-184534,87.35,87.28,154,35.8171,9.7174,7.4022,-6.5327,123.5,-16.3,0.34,0,4,0,-1.0000 deoxycytidine 1.0000 deoxyribose 1.0000 cytosine -1.0000 H2O,,,organic_aq,
deoxyguanosine,,C10H13N5O4,aq,LH06a,,2/3/2003,HKF,cal,-71539,-176273,77.99,115.8,173.2,39.4526,15.498,14.2847,-10.569,160.3,-20.1,0.39,0,4,0,-1.0000 deoxyguanosine 1.0000 deoxyribose 1.0000 guanine -1.0000 H2O,,,organic_aq,
deoxythymidine,,C10H14N2O5,aq,LH06a,,2/3/2003,HKF,cal,-149556,-242588,88.68,101.4,167.5,38.8728,11.451,-7.7797,-3.6098,134.4,-14.9,0.29,0,4,0,-1.0000 deoxythymidine 1.0000 deoxyribose 1.0000 thymine -1.0000 H2O,,,organic_aq,
deoxyuridine,,C9H12N2O5,aq,LH06a,,2/3/2003,HKF,cal,-147975,-232206,85.59,86.04,151.2,35.5945,9.6188,3.5015,-6.2803,122.8,-16.65,0.31,0,4,0,-1.0000 deoxyuridine 1.0000 deoxyribose 1.0000 uracil -1.0000 H2O,,,organic_aq,
glycinium,Gly+,C2H6NO2+,aq,Kit14,GKL02,2/6/2019,HKF,cal,-91820,-123790,45.44,39.7,49.9,15.57,-8.26,-6.62,0.47,39.5,-1.21,-0.33,1,4,0,-1.0000 glycinium 1.0000 glycine 1.0000 H+,,C+3 C- 6H+ N-3 2O-2,organic_aq,
glycinate,Gly-,C2H4NO2-,aq,Kit14,GKL02,2/6/2019,HKF,cal,-75270,-112270,28.57,-0.8,45,9.74,3.54,20.07,-4.73,21.6,-7.92,0.69,-1,4,0,-1.0000 glycinate 1.0000 glycine -1.0000 H+,,C+3 C- 4H+ N-3 2O-2,organic_aq,
portlandite,,Ca(OH)2,cr,Nor13,RHF78,4/19/2023,CGL,cal,-214727.7725,-235679.9713,19.92997132,,33.056,186.7,-2.19E-05,0,-1.60E+03,0,0,0,700,,,-1.0000 portlandite 1.0000 Ca+2 -2.0000 H+ 2.0000 H2O,,Ca+2 2H+ 2O-2,inorganic_cr,
alaninium,Ala+,C3H8NO2+,aq,Kit15,,9/6/2023,HKF,cal,-92000,-133200,47.18,64.5,67.9,20.02,-6.38,-7.07,-0.88,61.6,0.46,-0.21,1,4,0,-1.0000 alaninium -1.0000 H2O 1.0000 NH4+ 1.5000 acetic-acid,,C+3 C C-3 8H+ N-3 2O-2,organic_aq,
alaninate,Ala-,C3H6NO2-,aq,Kit15,,9/6/2023,HKF,cal,-75360,-121590,30.3,18,59.5,12.55,4.99,18.91,-5.78,28.9,-5.87,-0.32,-1,4,0,-1.0000 alaninate -2.0000 H+ -1.0000 H2O 1.0000 NH4+ 1.5000 acetic-acid,,C+3 C C-3 6H+ N-3 2O-2,organic_aq,
argininium+2,Arg+2,C6H16N4O2+2,aq,Kit15,,9/6/2023,HKF,cal,-72110,-154860,89.96,105.5,132.6,38.92,-8.28,-15.7,-2.21,120.3,-3.25,0.9,2,4,0,-1.0000 argininium+2 1.0000 arginine 2.0000 H+,,,organic_aq,
asparaginium,Asn+,C4H9N2O3+,aq,Kit15,,9/6/2023,HKF,cal,-128440,-183630,64.65,60.7,85.7,24.64,-4.5,-4.58,-2.24,68,0.06,0.81,1,4,0,-1.0000 asparaginium -1.0000 H2O 2.0000 glycine 1.0000 H+,,,organic_aq,
asparaginate,Asn-,C4H7N2O3-,aq,Kit15,,9/6/2023,HKF,cal,-113250,-172960,49.51,16.5,77.1,17.8,6.85,23.16,-7.12,44.6,-4.36,2.1,-1,4,0,-1.0000 asparaginate -1.0000 H+ -1.0000 H2O 2.0000 glycine,,,organic_aq,
aspartinium,Asp+,C4H8NO4+,aq,Kit15,,9/6/2023,HKF,cal,-175170,-227970,58.68,58.1,84.9,22.74,-4.58,0.19,-2.18,58.9,-3.66,-0.73,1,4,0,-1.0000 aspartinium -1.0000 H2O -1.0000 NO3- 2.0000 glycine 2.0000 O2(g),,,organic_aq,
aspartate-2,Asp-2,C4H5NO4-2,aq,Kit15,,9/6/2023,HKF,cal,-153520,-215330,28.43,-9.9,64.8,15.19,9.1,23.54,-8.14,44.4,-12.45,3.16,-2,4,0,-1.0000 aspartate-2 -1.0000 H+ 2.0000 glycine -1.0000 NH4+,,,organic_aq,
cysteinium,Cys+,C3H8NO2S+,aq,Kit15,,9/6/2023,HKF,cal,-82660,-123930,54.63,76.3,81.7,22.85,-4.92,2.05,-1.93,71.6,6.86,1.01,1,4,0,-1.0000 cysteinium 1.5000 glycine -0.5000 NH4+ -0.5000 H2O 2.5000 H+ -0.2500 O2(g) 1.0000 HS-,,,organic_aq,
cysteinate-2,Cys-2,C3H5NO2S-2,aq,Kit15,,9/6/2023,HKF,cal,-54250,-107290,15.16,4.6,60.7,12.26,8.67,37.49,-7.83,49.6,-7.55,3.23,-2,4,0,-1.0000 cysteinate-2 -0.5000 H+ 1.5000 glycine -0.5000 NH4+ -0.5000 H2O -0.2500 O2(g) 1.0000 HS-,,,organic_aq,
glutaminium,Gln+,C5H11N2O3+,aq,Kit15,,9/6/2023,HKF,cal,-129240,-192540,70.05,73.1,102.7,28.42,-2.72,-2.17,-3.52,81.4,0.02,0.9,1,4,0,-1.0000 glutaminium -1.0000 H2O 0.5000 H+ -0.5000 NO3- 0.2500 O2(g) 2.5000 glycine,,,organic_aq,
glutaminate,Gln-,C5H9N2O3-,aq,Kit15,,9/6/2023,HKF,cal,-113720,-182180,52.75,28.7,93.1,21.44,8.52,24.95,-8.33,58,-4.48,2.19,-1,4,0,-1.0000 glutaminate -1.0000 H2O -1.5000 H+ -0.5000 NO3- 0.2500 O2(g) 2.5000 glycine,,,organic_aq,
glutamic-acid+1,Glu+,C5H10NO4+,aq,Kit15,,9/6/2023,HKF,cal,-176050,-235700,68.31,65.7,98.1,25.66,-3.2,-5.05,-3.17,54.4,-4.36,-2.2,1,4,0,-1.0000 glutamic-acid+1 -0.5000 H+ -1.5000 NO3- -1.0000 H2O 2.2500 O2(g) 2.5000 glycine,,,organic_aq,
glutamate-2,Glu-2,C5H7NO4-2,aq,Kit15,,9/6/2023,HKF,cal,-153650,-224900,29.42,-5.3,79.7,19.02,10.67,22.11,-9.27,34.8,-5.11,3.24,-2,4,0,-1.0000 glutamate-2 2.5000 glycine -1.5000 NH4+ 0.5000 H2O -0.5000 H+ -0.7500 O2(g),,,organic_aq,
histidinate,His-,C6H8N3O2-,aq,Kit15,,9/6/2023,HKF,cal,-35760,-97700,58.75,37.9,97.7,21.36,9,25.83,-8.67,61.9,-7.79,0.62,-1,4,0,-1.0000 histidinate 3.0000 glycine -3.0000 H2O -0.5000 O2(g) -1.0000 H+,,,organic_aq,
histidinium+2,His+2,C6H11N3O2+2,aq,Kit15,,9/6/2023,HKF,cal,-58750,-116300,73.47,87.8,106.1,32.48,-11.06,-16.13,-0.21,102.9,-4.28,0.69,2,4,0,-1.0000 histidinium+2 3.0000 glycine -3.0000 H2O 2.0000 H+ -0.5000 O2(g),,,organic_aq,
isoleucinium,Ile+,C6H14NO2+,aq,Kit15,,9/6/2023,HKF,cal,-85190,-151830,59.64,120.5,115.1,31.68,-1.42,-6.57,-4.46,121,1.49,0.39,1,4,0,-1.0000 isoleucinium -1.0000 H+ -2.0000 NO3- 1.0000 O2(g) 3.0000 glycine,,,organic_aq,
isoleucinate,Ile-,C6H12NO2-,aq,Kit15,,9/6/2023,HKF,cal,-68750,-140690,41.92,77.6,106.1,24.15,9.89,21.15,-9.31,96,-4.9,0.75,-1,4,0,-1.0000 isoleucinate -3.0000 H+ -2.0000 NO3- 1.0000 O2(g) 3.0000 glycine,,,organic_aq,
leucinium,Leu+,C6H14NO2+,aq,Kit15,,9/6/2023,HKF,cal,-87380,-153990,59.75,122.4,117.3,31.28,-1.18,3.94,-4.63,119.1,7.09,1.22,1,4,0,-1.0000 leucinium -1.0000 H+ -2.0000 NO3- 1.0000 O2(g) 3.0000 glycine,,,organic_aq,
leucinate,Leu-,C6H12NO2-,aq,Kit15,,9/6/2023,HKF,cal,-70910,-142750,42.22,77,106.9,24.18,9.97,30.41,-9.37,95.5,2.2,2.51,-1,4,0,-1.0000 leucinate -3.0000 H+ -2.0000 NO3- 1.0000 O2(g) 3.0000 glycine,,,organic_aq,
lysinium+2,Lys+2,C6H16N2O2+2,aq,Kit15,,9/6/2023,HKF,cal,-95610,-168800,76.2,96.2,117,35.18,-9.91,-13.36,-1.03,110.8,-0.83,1.41,2,4,0,-1.0000 lysinium+2 3.0000 glycine -1.0000 NH4+ 1.0000 H2O 3.0000 H+ -2.5000 O2(g),,,organic_aq,
methioninium,Met+,C5H12NO2S+,aq,Kit15,,9/6/2023,HKF,cal,-80000,-135510,72.13,95.1,114.4,30.54,-1.48,-3.31,-4.41,90.2,0.61,-0.4,1,4,0,-1.0000 methioninium -1.5000 NO3- -1.0000 H2O -0.7500 O2(g) 1.5000 H+ 1.0000 SO4-2 2.5000 glycine,,,organic_aq,
methionate,Met-,C5H10NO2S-,aq,Kit15,,9/6/2023,HKF,cal,-64410,-124840,55.51,51.8,105.7,24.39,9.85,19.31,-9.28,77.2,-7.41,0.87,-1,4,0,-1.0000 methionate -1.5000 NO3- -1.0000 H2O -0.7500 O2(g) -0.5000 H+ 1.0000 SO4-2 2.5000 glycine,,,organic_aq,
phenylalaninium,Phe+,C9H12NO2+,aq,Kit15,,9/6/2023,HKF,cal,-52430,-109500,64.65,121,132.2,35.42,0.38,-0.44,-5.75,125.1,3.12,1.13,1,4,0,-1.0000 phenylalaninium -4.0000 H2O -2.5000 H+ -3.5000 NO3- 3.7500 O2(g) 4.5000 glycine,,,organic_aq,
phenylalanate,Phe-,C9H10NO2-,aq,Kit15,,9/6/2023,HKF,cal,-36730,-98200,49.89,75.7,120.9,28.15,11.44,25.73,-10.43,101.5,-1.74,2.42,-1,4,0,-1.0000 phenylalanate -4.0000 H2O -4.5000 H+ -3.5000 NO3- 3.7500 O2(g) 4.5000 glycine,,,organic_aq,
prolinium,Pro+,C5H10NO2+,aq,Kit15,,9/6/2023,HKF,cal,-76220,-124440,57.61,73,88.5,24.19,-4.21,-4.18,-2.45,70.1,-2.05,-0.77,1,4,0,-1.0000 prolinium 2.5000 glycine -1.5000 NH4+ 0.5000 H2O 2.5000 H+ -1.7500 O2(g),,,organic_aq,
prolinate,Pro-,C5H8NO2-,aq,Kit15,,9/6/2023,HKF,cal,-59040,-113790,35.72,40.8,82.9,16.94,7.45,32.3,-7.55,59.9,-5.41,0.7,-1,4,0,-1.0000 prolinate 2.5000 glycine -1.5000 NH4+ 0.5000 H2O 0.5000 H+ -1.7500 O2(g),,,organic_aq,
serinium,Ser+,C3H8NO3+,aq,Kit15,,9/6/2023,HKF,cal,-126910,-173740,52.86,58.7,68.5,19.13,-6.3,-2.53,-0.94,56.3,-2.52,-0.82,1,4,0,-1.0000 serinium 0.5000 H+ -0.5000 NO3- 0.7500 O2(g) 1.5000 glycine,,,organic_aq,
serinate,Ser-,C3H6NO3-,aq,Kit15,,9/6/2023,HKF,cal,-111370,-162070,39.82,12.3,60.4,13.15,5.09,19.39,-5.85,37.1,-9.2,0.35,-1,4,0,-1.0000 serinate -1.5000 H+ -0.5000 NO3- 0.7500 O2(g) 1.5000 glycine,,,organic_aq,
threoninium,Thr+,C4H10NO3+,aq,Kit15,,9/6/2023,HKF,cal,-122910,-179820,51.61,78.4,86.1,23.15,-4.46,0.49,-2.27,77.2,-1.57,-0.48,1,4,0,-1.0000 threoninium -1.0000 NO3- 1.0000 O2(g) 2.0000 glycine,,,organic_aq,
threonate,Thr-,C4H8NO3-,aq,Kit15,,9/6/2023,HKF,cal,-107330,-169020,35.59,34.7,75.8,15.31,6.71,27.6,-7.02,46.9,-6.02,-0.22,-1,4,0,-1.0000 threonate -2.0000 H+ -1.0000 NO3- 1.0000 O2(g) 2.0000 glycine,,,organic_aq,
tryptophanium,Trp+,C11H13N2O2+,aq,Kit15,,9/6/2023,HKF,cal,-30050,-97520,71.04,126.6,154.5,41.24,2.72,-4.16,-7.44,134.7,0.62,1.02,1,4,0,-1.0000 tryptophanium -6.0000 H2O -2.5000 H+ -3.5000 NO3- 3.7500 O2(g) 5.5000 glycine,,,organic_aq,
tryptophanate,Trp-,C11H11N2O2-,aq,Kit15,,9/6/2023,HKF,cal,-14050,-86880,42.99,81.1,141.9,33.75,13.65,21.44,-12.02,111,-4.28,2.31,-1,4,0,-1.0000 tryptophanate -6.0000 H2O -4.5000 H+ -3.5000 NO3- 3.7500 O2(g) 5.5000 glycine,,,organic_aq,
tyrosinium,Tyr+,C9H12NO3+,aq,Kit15,,9/6/2023,HKF,cal,-94580,-157400,69.88,108,134.7,37.25,0.64,-8.74,-5.94,123,-1.88,1.22,1,4,0,-1.0000 tyrosinium -4.0000 H2O -2.5000 H+ -3.5000 NO3- 4.2500 O2(g) 4.5000 glycine,,,organic_aq,
tyrosinate-2,Tyr-2,C9H9NO3-2,aq,Kit15,,9/6/2023,HKF,cal,-64820,-136740,39.35,15.3,101.6,24.63,12.97,20.83,-10.93,91.4,-21.73,3.48,-2,4,0,-1.0000 tyrosinate-2 4.5000 glycine -3.5000 NH4+ -0.5000 H2O 1.5000 H+ -2.7500 O2(g),,,organic_aq,
valinium,Val+,C5H12NO2+,aq,Kit15,,9/6/2023,HKF,cal,-88450,-146590,55.57,103.5,100.4,27.2,-2.96,-1.29,-3.35,102.5,0.87,0.08,1,4,0,-1.0000 valinium -0.5000 H+ -1.5000 NO3- 0.7500 O2(g) 2.5000 glycine,,,organic_aq,
valinate,Val-,C5H10NO2-,aq,Kit15,,9/6/2023,HKF,cal,-72070,-138360,28.23,54.8,88.8,20.38,8.07,18.6,-8,76.8,-6.27,0.79,-1,4,0,-1.0000 valinate -2.5000 H+ -1.5000 NO3- 0.7500 O2(g) 2.5000 glycine,,,organic_aq,
PdOH+,,PdOH+,aq,SS98a,,8/16/2015,HKF,cal,-13130,-24140,-3.4,,,0.1226,-7.4741,8.6697,-2.4699,19.2537,-0.4271,0.6063,1,4,0,-1.0000 PdOH+ -1.0000 H+ 1.0000 Pd+2 1.0000 H2O,,Pd+2 O-2 H+,inorganic_aq,
urea,,H2NCONH2,aq,SM93,,8/5/1990,HKF,cal,-48720,-76100,42.3,44.23,21,7.7158,7.3031,10.9353,-3.0808,23.584,-2.6343,-0.3006,0,4,0,-1.0000 urea -3.0000 O2(g) 0.5000 acetic-acid 2.0000 NO3- 2.0000 H+,,C+4 2N-3 O-2 4H+,organic_aq,
gypsum,,CaSO4(H2O)2,cr,RH95,Kel60.3,11/22/2015,CGL,cal,-429493,-483509,46.32,,74.69,21.84,0.076,0,0,0,0,0,400,,,-1.0000 gypsum 1.0000 Ca+2 1.0000 SO4-2 2.0000 H2O,,Ca+2 S+6 6O-2 4H+,inorganic_cr,
pyrolusite,,MnO2,cr,RH95,,8/15/2020,CGL,J,-465000,-520000,52.8,54.76,16.61,290.4,-0.1442,2012000,-3787,4.54E-05,0,0,850,,,-4.0000 pyrolusite 4.0000 Mn+3 -12.0000 H+ 1.0000 O2(g) 6.0000 H2O,,Mn+4 2O-2,inorganic_cr,
bixbyite,,Mn2O3,cr,RH95,,8/15/2020,CGL,J,-882100,-959000,113.7,101.81,31.37,162.4,0.01211,1046000,-1317,3.46E-06,0,0,1400,,,-1.0000 bixbyite 2.0000 Mn+3 -6.0000 H+ 3.0000 H2O,,2Mn+3 3O-2,inorganic_cr,
hausmannite,,Mn3O4,cr,RH95,,8/15/2020,CGL,J,-1282500,-1384500,164.1,142.02,46.95,-7.432,0.09487,-6712000,3396,0,0,0,1400,,,-1.0000 hausmannite 1.0000 Mn+2 2.0000 Mn+3 -8.0000 H+ 4.0000 H2O,,Mn+2 2Mn+3 4O-2,inorganic_cr,
huebnerite,,MnWO4,cr,RH95,LX20,9/10/2020,CGL,J,-1235400,-1337600,132.5,,41.89,155.68,0.0915,53000,-1170,-5.31E-05,0,0,1000,,,-1.0000 huebnerite 1.0000 Mn+2 1.0000 WO4-2,,Mn+2 W+6 4O-2,inorganic_cr,
linnaeite,,Co3S4,cr,RH95,PMW87.1,2/10/2023,CGL,J,-334900,-347500,176,162.6321,62.55,153,0.0825,-1340000,0,0,0,0,937,,,-1.0000 linnaeite 1.0000 Co+2 2.0000 Co+3 4.0000 SO4-2 -8.0000 O2(g),,Co+2 2Co+3 4S-2,inorganic_cr,
cattierite,,CoS2,cr,RH95,,10/6/2020,CGL,J,-145100,-150900,74.8,68.26,25.52,65.82,0.03032,-587000,0,0,0,0,1223,,,-1.0000 cattierite 1.0000 Co+2 1.0000 S2-2,,Co+2 2S-,inorganic_cr,
willemite,,Zn2SiO4,cr,RH95,BKK77,3/22/2021,CGL,J,-1523100,-1636700,131.4,123.3,52.42,144.892,0.036945,-3029200,0,0,0,0,1785,,,-1.0000 willemite 2.0000 Zn+2 1.0000 SiO2 -4.0000 H+ 2.0000 H2O,,2Zn+2 Si+4 4O-2,inorganic_cr,
guite,,Co3O4,cr,RH95,,6/21/2022,CGL,J,-802200,-918800,109.3,123.39,39.77,131.6,0.06602,-2480000,0,0,0,0,1000,,,-1.0000 guite 1.0000 Co+2 2.0000 Co+3 -8.0000 H+ 4.0000 H2O,,Co+2 2Co+3 4O-2,inorganic_cr,
cobalt-monoxide,,CoO,cr,RH95,,6/21/2022,CGL,J,-214100,-237900,52.8,43.34,11.64,-30.47,0.02946,-4166000,1932,0,0,0,1000,,,-1.0000 cobalt-monoxide 1.0000 Co+2 -2.0000 H+ 1.0000 H2O,,Co+2 O-2,inorganic_cr,
Mn(OH)2,,Mn(OH)2,cr,WEP+82.1,SUF+98,8/15/2020,CGL,J,-615000,-695400,99.2,114.7,,139.61,-0.08525,0,0,0,0,0,700,,,-1.0000 Mn(OH)2 -2.0000 H+ 1.0000 Mn+2 2.0000 H2O,,Mn+2 2O-2 2H+,inorganic_cr,
amorphous-silica,Amor-Sl,SiO2,cr,HDNB78,,5/5/1978,CGL,cal,-202892,-214568,14.34,,29,5.93,0.0472,-2278000,0,0,0,0,622,,,-1.0000 amorphous-silica 1.0000 SiO2,,Si+4 2O-2,inorganic_cr,
n-benzoic-acid,,C7H6O2,aq,Sho95,,2/28/1992,HKF,cal,-56130,-85070,55.1,89,98.77,15.2056,27.7392,-1.7049,-3.9256,79.1665,3.8322,-0.2221,0,4,0,-3.0000 n-benzoic-acid -22.5000 O2(g) -12.0000 H2O 21.0000 H+ 21.0000 HCO3-,,5C- C C+3 6H+ 2O-2,organic_aq,
o-toluic-acid,,C8H8O2,aq,Sho95,,6/17/1992,HKF,cal,-54770,-92640,57.9,118.4,111.8,16.9949,31.7947,-2.6262,-4.0933,102.8349,6.7369,-0.2035,0,4,0,-1.0000 o-toluic-acid -9.0000 O2(g) -4.0000 H2O 8.0000 HCO3- 8.0000 H+,,4C- 2C C+3 C-3 8H+ 2O-2,organic_aq,
m-toluic-acid,,C8H8O2,aq,Sho95,,2/28/1992,HKF,cal,-57960,-95450,59.3,122,111.8,16.9981,31.7988,-2.6205,-4.0935,105.7976,7.0926,-0.1942,0,4,0,-1.0000 m-toluic-acid -9.0000 O2(g) -4.0000 H2O 8.0000 HCO3- 8.0000 H+,,4C- 2C C+3 C-3 8H+ 2O-2,organic_aq,
p-toluic-acid,,C8H8O2,aq,Sho95,,6/17/1992,HKF,cal,-58440,-96190,58.3,103.8,111.8,16.9958,31.7924,-2.6157,-4.0932,91.1907,5.2944,-0.2009,0,4,0,-1.0000 p-toluic-acid -9.0000 O2(g) -4.0000 H2O 8.0000 HCO3- 8.0000 H+,,4C- 2C C+3 C-3 8H+ 2O-2,organic_aq,
benzoate,,C7H5O2-,aq,Sho95,,6/17/1992,HKF,cal,-50400,-84990,36.2,51.41,87.03,14.0396,25.0153,-0.8986,-3.813,68.449,-3.4828,1.0813,-1,6,0,-1.0000 benzoate -7.5000 O2(g) -4.0000 H2O 6.0000 H+ 7.0000 HCO3-,,5C- C C+3 5H+ 2O-2,organic_aq,
o-toluate,,C8H7O2-,aq,Sho95,,2/28/1992,HKF,cal,-49440,-94070,35.1,87.4,100.12,15.8364,29.1695,-2.0312,-3.9848,103.704,-3.0466,1.0977,-1,4,0,-1.0000 o-toluate -9.0000 O2(g) -4.0000 H2O 8.0000 HCO3- 7.0000 H+,,4C- 2C C+3 C-3 7H+ 2O-2,organic_aq,
m-toluate,,C8H7O2-,aq,Sho95,,2/28/1992,HKF,cal,-52150,-95350,39.9,80.5,100.12,15.8115,29.1099,-2.01,-3.9823,96.2963,-3.1302,1.0242,-1,4,0,-1.0000 m-toluate -9.0000 O2(g) -4.0000 H2O 8.0000 HCO3- 7.0000 H+,,4C- 2C C+3 C-3 7H+ 2O-2,organic_aq,
p-toluate,,C8H7O2-,aq,Sho95,,2/28/1992,HKF,cal,-52480,-96160,38.3,65.5,100.12,15.8201,29.1311,-2.0189,-3.9832,81.8997,-3.312,1.0496,-1,4,0,-1.0000 p-toluate -9.0000 O2(g) -4.0000 H2O 8.0000 HCO3- 7.0000 H+,,4C- 2C C+3 C-3 7H+ 2O-2,organic_aq,
methylamine,,CH3NH2,aq,Rob24,,3/3/2025,HKF,J,21160,-68270,128.3,155,41.88,35.2091,24.8828,26.0633,-12.9146,125.5616,11.8943,-0.5738,0,4,0,-2.0000 methylamine 2.0000 HCO3- 2.0000 NO3- 4.0000 H+ -7.0000 O2(g) 2.0000 H2O  ,,N-3 C-2 5H+,organic_aq,
methylaminium,,CH3NH3+,aq,Rob24,,3/3/2025,HKF,J,-39590,-123500,146.8,122,36.28,35.8606,16.2204,28.3764,-12.2979,97.5841,12.1546,0.0309,1,4,0,-2.0000 methylaminium 2.0000 HCO3- 2.0000 NO3- 6.0000 H+ -7.0000 O2(g) 2.0000 H2O ,,N-3 C-2 6H+,organic_aq,
dimethylamine,,C2H7N,aq,Rob24,,3/3/2025,HKF,J,58410,-71600,128.6,260.4,58.73,49.2533,35.2109,45.1814,-20.3738,228.6815,12.8463,-0.6093,0,3.5,0,-1.0000 dimethylamine 2.0000 HCO3- 1.0000 NO3- 3.0000 H+ -5.0000 O2(g) 1.0000 H2O,,2C-2 N-3 7H+,organic_aq,
dimethylaminium,,C2H8N+,aq,Rob24,,3/3/2025,HKF,J,-3500,-122000,167.2,183.4,55.59,51.3762,30.9919,16.065,-12.9085,130.7419,24.6519,-0.2529,1,4,0,-1.0000 dimethylaminium 2.0000 HCO3- 1.0000 NO3- 4.0000 H+ -5.0000 O2(g) 1.0000 H2O,,2C-2 N-3 8H+,organic_aq,
trimethylamine,,C3H9N,aq,Rob24,,3/3/2025,HKF,J,93610,-76420,130.8,360,78.43,65.4364,48.6966,66.7578,-29.4601,319.2623,16.6223,-0.7581,0,4,0,-2.0000 trimethylamine 6.0000 HCO3- 2.0000 NO3- 8.0000 H+ -13.0000 O2(g) 2.0000 H2O,,3C-2 N-3 9H+,organic_aq,
trimethylaminium,,C3H10N+,aq,Rob24,,3/3/2025,HKF,J,37800,-113000,195.3,216,72.43,64.7761,43.7491,6.2756,-13.4359,145.9055,31.3024,-0.7064,1,4,0,-2.0000 trimethylaminium 6.0000 HCO3- 2.0000 NO3- 10.0000 H+ -13.0000 O2(g) 2.0000 H2O,,3C-2 N-3 10H+,organic_aq,
ethylamine,,C2H7N,aq,Rob24,,3/3/2025,HKF,J,24990,-102100,138.4,232.4172,58.61,49.2456,34.8972,45.0715,-20.3276,202.4482,12.1181,-0.5821,0,4,0,-1.0000 ethylamine 2.0000 HCO3- 1.0000 NO3- 3.0000 H+ -5.0000 O2(g) 1.0000 H2O,,C-3 N-3 C- 7H+,organic_aq,
ethylaminium,,C2H8N+,aq,Rob24,,3/3/2025,HKF,J,-36020,-159500,150.5,201.4556,53.21,49.5862,29.2877,16.3257,-12.8381,143.6848,28.3397,-0.0198,1,4,0,-1.0000 ethylaminium 2.0000 HCO3- 1.0000 NO3- 4.0000 H+ -5.0000 O2(g) 1.0000 H2O,,C-3 N-3 C- 8H+,organic_aq,
diethylamine,,C4H11N,aq,Rob24,,3/3/2025,HKF,J,63010,-136600,168,465.3944,91.68,76.7289,55.3753,83.5386,-35.213,431.8182,13.6349,-0.6392,0,4,0,-1.0000 diethylamine 4.0000 HCO3- 1.0000 NO3- 5.0000 H+ -8.0000 O2(g) 1.0000 H2O,,2C-3 N-3 2C- 11H+,organic_aq,
diethylaminium,,C4H12N+,aq,Rob24,,3/3/2025,HKF,J,170,-189900,200,390.3944,88.88,78.1057,56.4394,-5.3644,-13.9605,247.4973,66.8266,-0.7732,1,4.5,0,-1.0000 diethylaminium 4.0000 HCO3- 1.0000 NO3- 6.0000 H+ -8.0000 O2(g) 1.0000 H2O,,2C-3 N-3 2C- 12H+,organic_aq,
triethylamine,,C6H15N,aq,Rob24,,3/3/2025,HKF,J,112570,-162900,186.4,609,120.9,100.2133,75.5475,121.1657,-49.3113,560.9575,17.3185,-1.3996,0,4,0,-1.0000 triethylamine 6.0000 HCO3- 1.0000 NO3- 7.0000 H+ -11.0000 O2(g) 1.0000 H2O,,3C-3 N-3 3C- 15H+,organic_aq,
triethylaminium,,C6H16N+,aq,Rob24,,3/3/2025,HKF,J,51400,-206100,246.7,457.2,120.8,103.6098,80.7203,-24.6126,-14.9643,280.2045,80.4349,-1.4752,1,5,0,-1.0000 triethylaminium 6.0000 HCO3- 1.0000 NO3- 8.0000 H+ -11.0000 O2(g) 1.0000 H2O,,3C-3 N-3 3C- 16H+,organic_aq,
propylamine,,C3H9N,aq,Rob24,,3/3/2025,HKF,J,31810,-126000,171.8,326.4,74.15,62.2425,44.3066,62.872,-27.2508,295.4977,12.491,-0.5959,0,4,0,-2.0000 propylamine 6.0000 HCO3- 2.0000 NO3- 8.0000 H+ -13.0000 O2(g) 2.0000 H2O,,C-3 N-3 C-2 C- 9H+,organic_aq,
propylaminium,,C3H10N+,aq,Rob24,,3/3/2025,HKF,J,-28480,-183900,179.8,294.6,69.45,62.5094,41.5911,7.0286,-13.3467,194.6754,47.4743,-0.4621,1,4,0,-2.0000 propylaminium 6.0000 HCO3- 2.0000 NO3- 10.0000 H+ -13.0000 O2(g) 2.0000 H2O,,C-3 N-3 C-2 C- 10H+,organic_aq,
dipropylamine,,C6H15N,aq,Rob24,,3/3/2025,HKF,J,78070,-188700,215.6,652,123.06,102.5838,75.389,121.6295,-49.7511,614.789,15.1552,-0.6986,0,4,0,-1.0000 dipropylamine 6.0000 HCO3- 1.0000 NO3- 7.0000 H+ -11.0000 O2(g) 1.0000 H2O,,2C-3 N-3 2C-2 2C- 15H+,organic_aq,
dipropylaminium,,C6H16N+,aq,Rob24,,3/3/2025,HKF,J,15280,-243800,241.4,577.2,120.86,103.7074,80.8132,-25.1176,-14.9682,351.2591,104.8789,-1.396,1,6,0,-1.0000 dipropylaminium 6.0000 HCO3- 1.0000 NO3- 8.0000 H+ -11.0000 O2(g) 1.0000 H2O,,2C-3 N-3 2C-2 2C- 16H+,organic_aq,
tripropylamine,,C9H21N,aq,Rob24,,3/3/2025,HKF,J,133060,-239900,268.7,888.9112,168.3,141.484,116.7781,-77.2636,-16.4549,522.4594,168.3744,-2.6466,0,4,0,-2.0000 tripropylamine 18.0000 HCO3- 2.0000 NO3- 20.0000 H+ -31.0000 O2(g) 2.0000 H2O,,3C-3 N-3 3C-2 3C- 21H+,organic_aq,
tripropylaminium,,C9H22N+,aq,Rob24,,3/3/2025,HKF,J,72250,-283800,325.4,736.9112,77.78089866,141.3889,116.6876,-52.3145,-16.4512,433.1724,137.412,-2.669,1,7,0,-2.0000 tripropylaminium 18.0000 HCO3- 2.0000 NO3- 22.0000 H+ -31.0000 O2(g) 2.0000 H2O,,3C-3 N-3 3C-2 3C- 22H+,organic_aq,
butylamine,,C4H11N,aq,Rob24,,3/3/2025,HKF,J,39460,-151000,198.7,422.6,89.8,75.3091,53.8404,80.981,-34.2705,390.8771,12.8498,-0.6094,0,4,0,-1.0000 butylamine 4.0000 HCO3- 1.0000 NO3- 5.0000 H+ -8.0000 O2(g) 1.0000 H2O,,C-3 N-3 2C-2 C-1 11H+,organic_aq,
butylaminium,,C4H12N+,aq,Rob24,,3/3/2025,HKF,J,-21280,-209500,206.2,413.4,85.5,75.3034,53.7714,-2.3667,-13.8502,259.8919,71.4233,-0.8637,1,4,0,-1.0000 butylaminium 4.0000 HCO3- 1.0000 NO3- 6.0000 H+ -8.0000 O2(g) 1.0000 H2O,,C-3 N-3 2C-2 C-1 12H+,organic_aq,
dibutylamine,,C8H19N,aq,Rob24,,3/3/2025,HKF,J,97630,-235700,265.2,846.9752,155.4,129.0434,96.4991,162.3664,-65.1189,806.2203,16.6294,-0.7584,0,4,0,-1.0000 dibutylamine 8.0000 HCO3- 1.0000 NO3- 9.0000 H+ -14.0000 O2(g) 1.0000 H2O,,2C-3 N-3 4C-2 2C- 19H+,organic_aq,
dibutylaminium,,C8H20N+,aq,Rob24,,3/3/2025,HKF,J,33300,-292900,289.1,771.9752,152.9,129.2965,105.1751,-44.3355,-15.9753,458.7782,144.5546,-2.1183,1,4,0,-1.0000 dibutylaminium 8.0000 HCO3- 1.0000 NO3- 10.0000 H+ -14.0000 O2(g) 1.0000 H2O,,2C-3 N-3 4C-2 2C- 20H+,organic_aq,
tributylamine,,C12H27N,aq,Rob24,,3/3/2025,HKF,J,159980,-310100,352.2,1181.4,215.7,179.2198,152.704,-104.556,-17.9401,682.2546,227.9489,-3.9107,0,4,0,-1.0000 tributylamine 12.0000 HCO3- 1.0000 NO3- 13.0000 H+ -20.0000 O2(g) 1.0000 H2O,,3C-3 N-3 6C-2 3C- 27H+,organic_aq,
tributylaminium,,C12H28N+,aq,Rob24,,3/3/2025,HKF,J,98530,-353600,412.4,1029.4,215.6,179.0919,152.5823,-79.2975,-17.9351,592.4793,196.9865,-3.9863,1,4,0,-1.0000 tributylaminium 12.0000 HCO3- 1.0000 NO3- 14.0000 H+ -20.0000 O2(g) 1.0000 H2O,,3C-3 N-3 6C-2 3C- 28H+,organic_aq,
pentylamine,,C5H13N,aq,Rob24,,3/3/2025,HKF,J,49420,-172800,228.6,514.6,105.7,88.4797,63.7988,99.8176,-41.5162,481.2337,13.5603,-0.6364,0,4,0,-2.0000 pentylamine 10.0000 HCO3- 2.0000 NO3- 12.0000 H+ -19.0000 O2(g) 2.0000 H2O,,C-3 N-3 3C-2 C- 13H+,organic_aq,
pentylaminium,,C5H14N+,aq,Rob24,,3/3/2025,HKF,J,-11320,-231300,236.1,482.8,101.4,87.9436,65.8055,-11.3525,-14.3477,296.6807,85.6561,-1.3168,1,4,0,-2.0000 pentylaminium 10.0000 HCO3- 2.0000 NO3- 14.0000 H+ -19.0000 O2(g) 2.0000 H2O,,C-3 N-3 3C-2 C- 14H+,organic_aq,
dipentylamine,,C10H23N,aq,Rob24,,3/3/2025,HKF,J,114170,-279900,334.3,1006.8,186.33,155.5218,130.1426,-84.6633,-17.0074,582.435,192.3892,-3.6397,0,4,0,-1.0000 dipentylamine 10.0000 HCO3- 1.0000 NO3- 11.0000 H+ -17.0000 O2(g) 1.0000 H2O,,2C-3 N-3 6C-2 2C- 23H+,organic_aq,
dipentylaminium,,C10H24N+,aq,Rob24,,3/3/2025,HKF,J,50830,-335100,361.6,931.8,183.87,153.7838,128.488,-60.5807,-16.939,542.3621,177.1117,-3.2169,1,4,0,-1.0000 dipentylaminium 10.0000 HCO3- 1.0000 NO3- 12.0000 H+ -17.0000 O2(g) 1.0000 H2O,,2C-3 N-3 6C-2 2C- 24H+,organic_aq,
tripentylamine,,C15H33N,aq,Rob24,,3/3/2025,HKF,J,187110,-377000,446.1,1421.1,263.1,216.8582,188.5373,-130.93,-19.4215,809.705,276.7846,-5.3326,0,4,0,-2.0000 tripentylamine 30.0000 HCO3- 2.0000 NO3- 32.0000 H+ -49.0000 O2(g) 2.0000 H2O,,3C-3 N-3 9C-2 3C- 33H+,organic_aq,
tripentylaminium,,C15H34N+,aq,Rob24,,3/3/2025,HKF,J,125660,-420500,506.3,1269.1,263,216.7303,188.4155,-105.672,-19.4164,719.9298,245.8222,-5.4082,1,4,0,-2.0000 tripentylaminium 30.0000 HCO3- 2.0000 NO3- 34.0000 H+ -49.0000 O2(g) 2.0000 H2O,,3C-3 N-3 9C-2 3C- 34H+,organic_aq,
hexylamine,,C6H15N,aq,Rob24,,3/3/2025,HKF,J,58850,-197300,251.2,602.5,121.6,101.7309,73.5475,118.5386,-48.7319,568.5725,13.7805,-0.6448,0,4,0,-1.0000 hexylamine 6.0000 HCO3- 1.0000 NO3- 7.0000 H+ -11.0000 O2(g) 1.0000 H2O,,C-3 N-3 4C-2 C- 15H+,organic_aq,
hexylaminium,,C6H16N+,aq,Rob24,,3/3/2025,HKF,J,-1790,-255200,260.4,575.7,117.3,100.6368,77.8899,-20.838,-14.8473,347.745,104.5767,-1.6841,1,4,0,-1.0000 hexylaminium 6.0000 HCO3- 1.0000 NO3- 8.0000 H+ -11.0000 O2(g) 1.0000 H2O,,C-3 N-3 4C-2 C- 16H+,organic_aq,
dihexylamine,,C12H27N,aq,Rob24,,3/3/2025,HKF,J,133140,-328800,379.5,1192.6,217.93,180.7768,154.1863,-103.781,-18.0014,685.0248,230.2305,-4.324,0,4,0,-1.0000 dihexylamine 12.0000 HCO3- 1.0000 NO3- 13.0000 H+ -20.0000 O2(g) 1.0000 H2O,,2C-3 N-3 8C-2 2C- 27H+,organic_aq,
dihexylaminium,,C12H28N+,aq,Rob24,,3/3/2025,HKF,J,69800,-384000,406.8,1117.6,215.47,179.0388,152.5317,-79.698,-17.933,644.9519,214.953,-3.9012,1,4,0,-1.0000 dihexylaminium 12.0000 HCO3- 1.0000 NO3- 14.0000 H+ -20.0000 O2(g) 1.0000 H2O,,2C-3 N-3 8C-2 2C- 28H+,organic_aq,
trihexylamine,,C18H39N,aq,Rob24,,3/3/2025,HKF,J,215640,-450300,513.8,1699.8,310.5,254.7407,224.6029,-159.6063,-20.9124,963.5898,333.5465,-6.359,0,4,0,-1.0000 trihexylamine 18.0000 HCO3- 1.0000 NO3- 19.0000 H+ -29.0000 O2(g) 1.0000 H2O,,3C-3 N-3 12C-2 3C- 39H+,organic_aq,
trihexylaminium,,C18H40N+,aq,Rob24,,3/3/2025,HKF,J,154160,-493800,574.1,1547.8,310.4,254.6127,224.4811,-134.3476,-20.9074,873.8145,302.5841,-6.4346,1,4,0,-1.0000 trihexylaminium 18.0000 HCO3- 1.0000 NO3- 20.0000 H+ -29.0000 O2(g) 1.0000 H2O,,3C-3 N-3 12C-2 3C- 40H+,organic_aq,
heptylamine,,C7H17N,aq,Rob24,,3/3/2025,HKF,J,67470,-220500,280.9,684.7,137.6,116.4238,92.9198,-53.7436,-15.4686,401.0852,126.7782,-2.8316,0,4,0,-2.0000 heptylamine 14.0000 HCO3- 2.0000 NO3- 16.0000 H+ -25.0000 O2(g) 2.0000 H2O,,C-3 N-3 5C-2 C- 17H+,organic_aq,
heptylaminium,,C7H18N+,aq,Rob24,,3/3/2025,HKF,J,6830,-278400,290.1,664.4,133.2,113.2791,89.9259,-29.8427,-15.3449,395.5989,122.6451,-2.134,1,4,0,-2.0000 heptylaminium 14.0000 HCO3- 2.0000 NO3- 18.0000 H+ -25.0000 O2(g) 2.0000 H2O,,C-3 N-3 5C-2 C- 18H+,organic_aq,
diheptylamine,,C14H31N,aq,Rob24,,3/3/2025,HKF,J,150380,-375200,438.9,1370,249.53,205.8988,178.1035,-121.6437,-18.9901,780.7326,266.3672,-5.2237,0,4,0,-1.0000 diheptylamine 14.0000 HCO3- 1.0000 NO3- 15.0000 H+ -23.0000 O2(g) 1.0000 H2O,,2C-3 N-3 10C-2 2C- 31H+,organic_aq,
diheptylaminium,,C14H32N+,aq,Rob24,,3/3/2025,HKF,J,87040,-430400,466.2,1295,247.07,204.1608,176.4489,-97.5611,-18.9217,740.6597,251.0897,-4.8009,1,4,0,-1.0000 diheptylaminium 14.0000 HCO3- 1.0000 NO3- 16.0000 H+ -23.0000 O2(g) 1.0000 H2O,,2C-3 N-3 10C-2 2C- 32H+,organic_aq,
triheptylamine,,C21H45N,aq,Rob24,,3/3/2025,HKF,J,241370,-520000,603,1965.9,357.9,292.4236,260.4786,-186.401,-22.3955,1107.1515,387.7515,-7.7087,0,4,0,-2.0000 triheptylamine 42.0000 HCO3- 2.0000 NO3- 44.0000 H+ -67.0000 O2(g) 2.0000 H2O,,3C-3 N-3 15C-2 3C- 45H+,organic_aq,
triheptylaminium,,C21H46N+,aq,Rob24,,3/3/2025,HKF,J,179920,-563500,663.2,1813.9,357.8,292.2957,260.3568,-161.1423,-22.3905,1017.3762,356.7891,-7.7842,1,4,0,-2.0000 triheptylaminium 42.0000 HCO3- 2.0000 NO3- 46.0000 H+ -67.0000 O2(g) 2.0000 H2O,,3C-3 N-3 15C-2 3C- 46H+,organic_aq,
octylamine,,C8H19N,aq,Rob24,,3/3/2025,HKF,J,76410,-247500,296.8,773.4,153.24,128.9839,104.8774,-63.7755,-15.963,450.8588,144.8465,-3.0724,0,4,0,-1.0000 octylamine 8.0000 HCO3- 1.0000 NO3- 9.0000 H+ -14.0000 O2(g) 1.0000 H2O,,C-3 N-3 6C-2 C- 19H+,organic_aq,
octylaminium,,C8H20N+,aq,Rob24,,3/3/2025,HKF,J,15760,-305400,306,753.1,148.3,125.4003,101.4658,-39.4797,-15.8219,445.3725,140.7135,-2.3748,1,4,0,-1.0000 octylaminium 8.0000 HCO3- 1.0000 NO3- 10.0000 H+ -14.0000 O2(g) 1.0000 H2O,,C-3 N-3 6C-2 C- 20H+,organic_aq,
dioctylamine,,C16H35N,aq,Rob24,,3/3/2025,HKF,J,168150,-429300,470.7,1547.4,281.13,231.2789,202.2663,-141.9414,-19.989,880.2798,302.5039,-5.7053,0,4,0,-1.0000 dioctylamine 16.0000 HCO3- 1.0000 NO3- 17.0000 H+ -26.0000 O2(g) 1.0000 H2O,,2C-3 N-3 12C-2 2C- 35H+,organic_aq,
dioctylaminium,,C16H36N+,aq,Rob24,,3/3/2025,HKF,J,104810,-484500,498,1472.4,278.67,229.5409,200.6117,-117.8588,-19.9206,840.2069,287.2264,-5.2825,1,4,0,-1.0000 dioctylaminium 16.0000 HCO3- 1.0000 NO3- 18.0000 H+ -26.0000 O2(g) 1.0000 H2O,,2C-3 N-3 12C-2 2C- 36H+,organic_aq,
trioctylamine,,C24H51N,aq,Rob24,,3/3/2025,HKF,J,268170,-601000,650.7,2232,405.3,330.4938,296.7229,-216.8474,-23.8939,1256.4723,441.9566,-8.431,0,4,0,-1.0000 trioctylamine 24.0000 HCO3- 1.0000 NO3- 25.0000 H+ -38.0000 O2(g) 1.0000 H2O,,3C-3 N-3 18C-2 3C- 51H+,organic_aq,
trioctylaminium,,C24H52N+,aq,Rob24,,3/3/2025,HKF,J,206620,-644600,710.9,2080,405.2,330.3659,296.6011,-191.5887,-23.8888,1166.697,410.9942,-8.5066,1,4,0,-1.0000 trioctylaminium 24.0000 HCO3- 1.0000 NO3- 26.0000 H+ -38.0000 O2(g) 1.0000 H2O,,3C-3 N-3 18C-2 3C- 52H+,organic_aq,
benzylamine,,C7H9N,aq,Rob24,,3/3/2025,HKF,J,176600,24400,213.5526,375,104.7,90.3198,68.0677,-35.631,-14.4413,228.9432,63.6907,-1.8115,0,4,0,-2.0000 benzylamine 14.0000 HCO3- 2.0000 NO3- 16.0000 H+ -21.0000 O2(g) -6.0000 H2O,,N-3 6C- C 9H+,organic_aq,
benzylaminium,,C7H10N+,aq,Rob24,,3/3/2025,HKF,J,122920,-30900,208.1134,354.71,98.91,86.1823,64.1287,-12.0036,-14.2784,225.4908,59.5577,-0.8923,1,4,0,-2.0000 benzylaminium 14.0000 HCO3- 2.0000 NO3- 18.0000 H+ -21.0000 O2(g) -6.0000 H2O,,N-3 6C- C 10H+,organic_aq,
dibenzylamine,,C14H15N,aq,Rob24,,3/3/2025,HKF,J,371660,117600,304.1482,675.11,184.97,154.6983,129.3586,-86.325,-16.975,392.2302,124.8231,-3.1835,0,4,0,-1.0000 dibenzylamine 14.0000 HCO3- 1.0000 NO3- 15.0000 H+ -19.0000 O2(g) -7.0000 H2O,,N-3 12C- 2C 15H+,organic_aq,
dibenzylaminium,,C14H16N+,aq,Rob24,,3/3/2025,HKF,J,323070,70200,308.1482,643.56,179.69,150.887,125.7301,-62.2382,-16.825,380.8664,118.3964,-2.4072,1,4,0,-1.0000 dibenzylaminium 14.0000 HCO3- 1.0000 NO3- 16.0000 H+ -19.0000 O2(g) -7.0000 H2O,,N-3 12C- 2C 16H+,organic_aq,
tribenzylamine,,C21H21N,aq,Rob24,,3/3/2025,HKF,J,564890,210800,400.8728,975.22,265.24,219.0195,190.5949,-136.4786,-19.5065,554.6651,185.9555,-4.6483,0,4,0,-2.0000 tribenzylamine 42.0000 HCO3- 2.0000 NO3- 44.0000 H+ -55.0000 O2(g) -22.0000 H2O,,N-3 18C-1 3C 21H+,organic_aq,
tribenzylaminium,,C21H22N+,aq,Rob24,,3/3/2025,HKF,J,537050,160300,324.8728,932.41,260.47,216.3705,188.0729,-119.8176,-19.4023,547.825,177.2352,-2.6605,1,4,0,-2.0000 tribenzylaminium 42.0000 HCO3- 2.0000 NO3- 46.0000 H+ -55.0000 O2(g) -22.0000 H2O,,N-3 18C-1 3C 22H+,organic_aq,
benzyl-alcohol,,C7H8O,aq,Rob24,,3/3/2025,HKF,J,-19570,-154000,214.6,402.1,101.36,78.4078,77.9205,113.8881,-44.5309,293.8163,42.7133,-2.3384,0,4,0,-2.0000 benzyl-alcohol 14.0000 HCO3- 14.0000 H+ -17.0000 O2(g) -6.0000 H2O,,6C-1 C 8H+ O-2,organic_aq,
palmitate,,C16H31O2-,aq,LA16,,3/16/2021,HKF,J,-241200,-821500,441,,,230.4,183.5,166,-106.8,1089,107.5,5.1,-1,4,0,-1.0000 palmitate 8.0000 acetic-acid -1.0000 H+ -7.0000 O2(g),,C-3 14C-2 2O-2 31H+ C+3,organic_aq,
oleate,,C18H35O2-,aq,LA16,,3/16/2021,HKF,J,-140300,-740000,517.9,,,211.8,295.3,35.2,-81.3,1008,202.1,1.1,-1,4,0,-1.0000 oleate 9.0000 acetic-acid -1.0000 H+ -8.0000 O2(g),,C-3 14C-2 2O-2 2C-2 33H+ C+3,organic_aq,
palmitoleate,,C16H29O2-,aq,LA16,,3/16/2021,HKF,J,-159000,-950400,415,,,278.3,89.6,322.6,-146.6,1304,32.2,9.2,-1,4,0,-1.0000 palmitoleate 8.0000 acetic-acid -1.0000 H+ -1.0000 H2O -6.5000 O2(g),,C-3 12C-2 2O-2 2C- 29H+ C+3,organic_aq,
myristate,,C14H27O2-,aq,LA16,,3/16/2021,HKF,J,-260000,-774000,390.2,,,201.2,165.5,140.1,-92.6,955,88.3,5.1,-1,4,0,-1.0000 myristate 7.0000 acetic-acid -1.0000 H+ -6.0000 O2(g),,C-3 12C-2 2O-2 27H+ C+3,organic_aq,
beta-hydroxymyristate,,C14H27O3-,aq,LA16,,3/16/2021,HKF,J,-409200,-945500,418.3,,,201.4,165.9,140,-92.6,970,88.5,4.7,-1,4,0,-1.0000 beta-hydroxymyristate 7.0000 acetic-acid -1.0000 H+ -5.5000 O2(g),,C-3 11C-2 3O-2 C 27H+ C+3,organic_aq,
heptose,,C7H14O7,aq,LA16,,3/16/2021,HKF,J,-1238400,-1698300,382.1,,,147.6,10.6,41.6,-23.2,488,-8.2,-4.9,0,4,0,-1.0000 heptose 3.5000 acetic-acid,,7O-2 2C- 4C 14H+ C+2,organic_aq,
rhamnose,,C6H12O5,aq,LA16,,3/16/2021,HKF,J,-751300,-1076700,238.9,,,108.8,32.8,47.8,-27.2,508,-49.4,0.8,0,4,0,-1.0000 rhamnose 3.0000 acetic-acid -0.5000 O2(g),,C-3 5O-2 C C+ 12H+,organic_aq,
glucoseamine,,C6H13NO5,aq,LA16,,3/16/2021,HKF,J,-712700,-1076600,271,,,108.8,33.3,71,-30.3,484,-67.8,0.3,0,4,0,-1.0000 glucoseamine 3.0000 acetic-acid -1.0000 H+ -1.0000 H2O 1.0000 NH4+,,N-3 5O-2 C- 4C C+ 13H+,organic_aq,
N-acetylglucosamine,,C8H15NO6,aq,LA16,,3/16/2021,HKF,J,-918200,-1329000,358.2,,,144.1,40.5,36.1,-33.7,570,-58.6,0.8,0,4,0,-1.0000 N-acetylglucosamine 4.0000 acetic-acid -1.0000 H+ -2.0000 H2O 1.0000 NH4+,,C-3 N-3 6O-2 C- 4C C+ 15H+ C+3,organic_aq,
N-acetylmuramic-acid,,C11H17NO8,aq,LA16,,3/16/2021,HKF,J,-1272400,-1789500,485.4,,,185.8,57.1,64.7,-48,685,-55.7,0.3,0,4,0,-1.0000 N-acetylmuramic-acid 5.5000 acetic-acid -1.0000 H+ -4.0000 H2O 0.5000 O2(g) 1.0000 NH4+,,3C-3 N-3 8O-2 C- 5C C+ 19H+ 2C+3,organic_aq,
ethanolamine,,C2H7NO,aq,LA16,,3/16/2021,HKF,J,-138300,-281000,173.2,,,47.7,26.4,52.4,-18.3,218,-6.7,-1,0,4,0,-1.0000 ethanolamine 1.0000 acetic-acid -1.0000 H+ -0.5000 O2(g) 1.0000 NH4+,,N-3 O-2 2C- 7H+,organic_aq,
diaminopimelic-acid,,C7H14N2O4,aq,LA16,OBIGT.9,4/7/2021,HKF,J,-644060,-977667,436.9,111.5,142.7,92.1,131.5,-37.7,12.2,276.1,-72.5,1.9,0,4,0,-1.0000 diaminopimelic-acid 3.5000 acetic-acid -2.0000 H+ -3.0000 H2O 2.0000 NH4+,,2N-3 3C-2 4O-2 2C 14H+ 2C+3,organic_aq,
putrescine,,C4H12N2,aq,LA16,OBIGT.9,4/7/2021,HKF,J,77630,-151478,230.2,268,93.9,83.1,26,38.6,-9.5,321.9,-29.4,-0.6,0,4,0,-1.0000 putrescine 2.0000 acetic-acid -2.0000 H+ -1.0000 H2O -1.5000 O2(g) 2.0000 NH4+,,2N-3 2C-2 2C- 12H+,organic_aq,
spermidine,,C7H19N3,aq,LA16,OBIGT.9,4/7/2021,HKF,J,144361,-222539,338.4,378.6,147.4,130.8,38.8,67,-15.6,465.6,-46.7,-0.8,0,4,0,-1.0000 spermidine 3.5000 acetic-acid -3.0000 H+ -2.0000 H2O -2.5000 O2(g) 3.0000 NH4+,,3N-3 3C-2 4C- 19H+,organic_aq,
resorcinol,,C6H6O2,aq,LA19,,5/30/2019,HKF,J,-236100,-355100,232.2,253.8,89.8,58.76,125.3,-55.96,-16.8,264.6,-5.913,-0.1414,0,4,0,-1.0000 resorcinol 3.0000 acetic-acid -3.0000 H2O -0.5000 O2(g),,2O-2 4C- 2C+ 6H+,organic_aq,
phloroglucinol,,C6H6O3,aq,LA19,,5/30/2019,HKF,J,-421100,-558200,274.1,193.1,93.33,61.16,151,-108.6,-17.87,245.7,-21.74,0.9125,0,4,0,-1.0000 phloroglucinol 3.0000 acetic-acid -3.0000 H2O,,3O-2 3C- 3C+ 6H+,organic_aq,
cyclohexanecarboxylate,,C7H11O2-,aq,LA19,,5/30/2019,HKF,J,-299800,-562900,146.8,292.7,110.1,170.96,12.91,-471.5,8.765,328,5.707,5.142,-1,4,0,-1.0000 cyclohexanecarboxylate 3.5000 acetic-acid -1.0000 H+ -1.0000 H2O -2.0000 O2(g),,5C-2 2O-2 C- 11H+ C+3,organic_aq,
cyclohexanecarbox-acid,,C7H12O2,aq,LA19,,5/30/2019,HKF,J,-323700,-563300,225.9,449.4,122.2,175.86,24.31,-474.8,8.294,372.8,36.31,-0.3117,0,4,0,-1.0000 cyclohexanecarbox-acid 3.5000 acetic-acid -1.0000 H2O -2.0000 O2(g),,5C-2 2O-2 C- 12H+ C+3,organic_aq,
K-montmorillonite,K-Mon,K0.35Mg0.35Al1.65Si4O10(OH)2,cr,Catalano13,,8/12/2019,CGL,cal,-1275567.4,,63.38456023,,140.14,76.52461759,0.05384847,-1711902.486,0,0,0,0,2000,,,-1.0000 K-montmorillonite -6.0000 H+ 0.3500 Mg+2 4.0000 SiO2 1.6500 Al+3 4.0000 H2O 0.3500 K+,,0.35K+ 0.35Mg+2 1.65Al+3 4Si+4 12O-2 2H+,inorganic_cr,
Na-montmorillonite,Na-Mon,Na0.35Mg0.35Al1.65Si4O10(OH)2,cr,Catalano13,,8/12/2019,CGL,cal,-1272356.597,,62.38695029,,137.449,76.4792065,0.053190488,-1747084.13,0,0,0,0,2000,,,-1.0000 Na-montmorillonite -6.0000 H+ 0.3500 Mg+2 4.0000 SiO2 1.6500 Al+3 4.0000 H2O 0.3500 Na+,,0.35Na+ 0.35Mg+2 1.65Al+3 4Si+4 12O-2 2H+,inorganic_cr,
Ca-montmorillonite,Ca-Mon,Ca0.175Mg0.35Al1.65Si4O10(OH)2,cr,Catalano13,,8/12/2019,CGL,cal,-1273685.946,,60.15535373,,136.007,75.32767686,0.052523662,-1723804.971,0,0,0,0,2000,,,-1.0000 Ca-montmorillonite -6.0000 H+ 0.3500 Mg+2 4.0000 SiO2 1.6500 Al+3 4.0000 H2O 0.1750 Ca+2,,0.175Ca+2 0.35Mg+2 1.65Al+3 4Si+4 12O-2 2H+,inorganic_cr,
Mg-montmorillonite,Mg-Mon,Mg0.175Mg0.35Al1.65Si4O10(OH)2,cr,Catalano13,,8/12/2019,CGL,cal,-1270426.864,,59.1457935,,135.042,75.06692161,0.052639101,-1722394.837,0,0,0,0,2000,,,-1.0000 Mg-montmorillonite -6.0000 H+ 0.5250 Mg+2 4.0000 SiO2 1.6500 Al+3 4.0000 H2O,,0.525Mg+2 1.65Al+3 4Si+4 12O-2 2H+,inorganic_cr,
K-nontronite,K-Non,K0.35Fe2Al0.35Si3.65O10(OH)2,cr,Catalano13,,8/12/2019,CGL,cal,-1081021.989,,76.91300191,,141.913,74.65607075,0.067136472,-1375908.222,0,0,0,0,2000,,,-1.0000 K-nontronite -7.4000 H+ 0.3500 Al+3 0.3500 K+ 2.0000 Fe+3 3.6500 SiO2 4.7000 H2O,,0.35K+ 2Fe+3 0.35Al+3 3.65Si+4 12O-2 2H+,inorganic_cr,
Na-nontronite,Na-Non,Na0.35Fe2Al0.35Si3.65O10(OH)2,cr,Catalano13,,8/12/2019,CGL,cal,-1077930.688,,75.91539197,,139.221,74.61065966,0.066478489,-1411089.866,0,0,0,0,2000,,,-1.0000 Na-nontronite -7.4000 H+ 0.3500 Al+3 0.3500 Na+ 2.0000 Fe+3 3.6500 SiO2 4.7000 H2O,,0.35Na+ 2Fe+3 0.35Al+3 3.65Si+4 12O-2 2H+,inorganic_cr,
Ca-nontronite,Ca-Non,Ca0.175Fe2Al0.35Si3.65O10(OH)2,cr,Catalano13,,8/12/2019,CGL,cal,-1078374.283,,73.68379541,,137.78,73.45913002,0.065811663,-1387810.707,0,0,0,0,2000,,,-1.0000 Ca-nontronite -7.4000 H+ 0.3500 Al+3 0.1750 Ca+2 2.0000 Fe+3 3.6500 SiO2 4.7000 H2O,,0.175Ca+2 2Fe+3 0.35Al+3 3.65Si+4 12O-2 2H+,inorganic_cr,
Mg-nontronite,Mg-Non,Mg0.175Fe2Al0.35Si3.65O10(OH)2,cr,Catalano13,,8/12/2019,CGL,cal,-1075378.585,,72.67423518,,136.815,73.19837476,0.065927103,-1386400.574,0,0,0,0,2000,,,-1.0000 Mg-nontronite -7.4000 H+ 0.3500 Al+3 0.1750 Mg+2 2.0000 Fe+3 3.6500 SiO2 4.7000 H2O,,0.175Mg+2 2Fe+3 0.35Al+3 3.65Si+4 12O-2 2H+,inorganic_cr,
FeK-saponite,K-Fe-Sap,K0.35Fe3Al0.35Si3.65O10(OH)2,cr,Catalano13,,8/12/2019,CGL,cal,-1097865.201,,88.85277247,,147.639,87.53226577,0.05475239,-1245913.002,0,0,0,0,2000,,,-1.0000 FeK-saponite -7.4000 H+ 0.35000 Al+3 0.3500 K+ 3.0000 Fe+2 3.6500 SiO2 4.7000 H2O,,0.35K+ 3Fe+2 0.35Al+3 3.65Si+4 12O-2 2H+,inorganic_cr,
FeNa-saponite,Na-Fe-Sap,Na0.35Fe3Al0.35Si3.65O10(OH)2,cr,Catalano13,,8/12/2019,CGL,cal,-1094773.901,,87.85516252,,144.947,87.48661568,0.054094407,-1281070.746,0,0,0,0,2000,,,-1.0000 FeNa-saponite -7.4000 H+ 0.35000 Al+3 0.3500 Na+ 3.0000 Fe+2 3.6500 SiO2 4.7000 H2O,,0.35Na+ 3Fe+2 0.35Al+3 3.65Si+4 12O-2 2H+,inorganic_cr,
FeCa-saponite,Ca-Fe-Sap,Ca0.175Fe3Al0.35Si3.65O10(OH)2,cr,Catalano13,,8/12/2019,CGL,cal,-1095217.495,,85.62356597,,143.506,86.33508604,0.053427581,-1257815.488,0,0,0,0,2000,,,-1.0000 FeCa-saponite -7.4000 H+ 0.35000 Al+3 0.1750 Ca+2 3.0000 Fe+2 3.6500 SiO2 4.7000 H2O,,0.175Ca+2 3Fe+2 0.35Al+3 3.65Si+4 12O-2 2H+,inorganic_cr,
FeMg-saponite,Mg-Fe-Sap,Mg0.175Fe3Al0.35Si3.65O10(OH)2,cr,Catalano13,,8/12/2019,CGL,cal,-1092221.797,,84.61400574,,142.541,86.07433078,0.05354326,-1256405.354,0,0,0,0,2000,,,-1.0000 FeMg-saponite -7.4000 H+ 0.35000 Al+3 0.1750 Mg+2 3.0000 Fe+2 3.6500 SiO2 4.7000 H2O,,0.175Mg+2 3Fe+2 0.35Al+3 3.65Si+4 12O-2 2H+,inorganic_cr,
FeFe-saponite,Fe-Fe-Sap,Fe0.175Fe3Al0.35Si3.65O10(OH)2,cr,Catalano13,,8/12/2019,CGL,cal,-1077869.981,,87.04302103,,142.672,86.41419694,0.053601338,-1243618.547,0,0,0,0,2000,,,-1.0000 FeFe-saponite -7.4000 H+ 0.35000 Al+3 3.1750 Fe+2 3.6500 SiO2 4.7000 H2O,,3.175Fe+2 0.35Al+3 3.65Si+4 12O-2 2H+,inorganic_cr,
K-saponite,K-Mg-Sap,K0.35Mg3Al0.35Si3.65O10(OH)2,cr,Catalano13,,8/12/2019,CGL,cal,-1345842.495,,67.92877629,,145.383,81.70626195,0.053756453,-1464913.958,0,0,0,0,2000,,,-1.0000 K-saponite -7.4000 H+ 0.3500 Al+3 0.3500 K+ 3.0000 Mg+2 3.6500 SiO2 4.7000 H2O,,0.35K+ 3Mg+2 0.35Al+3 3.65Si+4 12O-2 2H+,inorganic_cr,
Na-saponite,Na-Mg-Sap,Na0.35Mg3Al0.35Si3.65O10(OH)2,cr,Catalano13,,8/12/2019,CGL,cal,-1342751.195,,66.93116635,,142.691,81.66061185,0.05309847,-1500071.702,0,0,0,0,2000,,,-1.0000 Na-saponite -7.4000 H+ 0.3500 Al+3 0.3500 Na+ 3.0000 Mg+2 3.6500 SiO2 4.7000 H2O,,0.35Na+ 3Mg+2 0.35Al+3 3.65Si+4 12O-2 2H+,inorganic_cr,
Ca-saponite,Ca-Mg-Sap,Ca0.175Mg3Al0.35Si3.65O10(OH)2,cr,Catalano13,,8/12/2019,CGL,cal,-1343195.029,,64.69956979,,141.25,80.50908222,0.052431644,-1476816.444,0,0,0,0,2000,,,-1.0000 Ca-saponite -7.4000 H+ 0.3500 Al+3 0.1750 Ca+2 3.0000 Mg+2 3.6500 SiO2 4.7000 H2O,,0.175Ca+2 3Mg+2 0.35Al+3 3.65Si+4 12O-2 2H+,inorganic_cr,
Mg-saponite,Mg-Mg-Sap,Mg0.175Mg3Al0.35Si3.65O10(OH)2,cr,Catalano13,,8/12/2019,CGL,cal,-1340199.331,,63.69000956,,140.285,80.24832696,0.052547084,-1475406.31,0,0,0,0,2000,,,-1.0000 Mg-saponite -7.4000 H+ 0.35000 Al+3 3.1750 Mg+2 3.6500 SiO2 4.7000 H2O,,3.175Mg+2 0.35Al+3 3.65Si+4 12O-2 2H+,inorganic_cr,
Fe-saponite,Fe-Mg-Sap,Fe0.175Mg3Al0.35Si3.65O10(OH)2,cr,Catalano13,,8/12/2019,CGL,cal,-1325847.275,,64.91061185,,140.416,80.58819312,0.052605163,-1462619.503,0,0,0,0,2000,,,-1.0000 Fe-saponite -7.4000 H+ 0.3500 Al+3 0.1750 Fe+2 3.0000 Mg+2 3.6500 SiO2 4.7000 H2O,,0.175Fe+2 3Mg+2 0.35Al+3 3.65Si+4 12O-2 2H+,inorganic_cr,
K-beidellite,K-Bei,K0.35Al2Si3.65Al0.35O10(OH)2,cr,Catalano13,,8/12/2019,CGL,cal,-1287348.948,,62.06142447,,137.214,78.65607075,0.051356358,-1858914.914,0,0,0,0,2000,,,-1.0000 K-beidellite -7.4000 H+ 0.3500 K+ 2.3500 Al+3 3.6500 SiO2 4.7000 H2O,,0.35K+ 2.35Al+3 3.65Si+4 12O-2 2H+,inorganic_cr,
Na-beidellite,Na-Bei,Na0.35Al2Si3.65Al0.35O10(OH)2,cr,Catalano13,,8/12/2019,CGL,cal,-1284257.648,,61.06381453,,134.522,78.61065966,0.050698375,-1894072.658,0,0,0,0,2000,,,-1.0000 Na-beidellite -7.4000 H+ 0.3500 Na+ 2.3500 Al+3 3.6500 SiO2 4.7000 H2O,,0.35Na+ 2.35Al+3 3.65Si+4 12O-2 2H+,inorganic_cr,
Ca-beidellite,Ca-Bei,Ca0.175Al2Si3.65Al0.35O10(OH)2,cr,Catalano13,,8/12/2019,CGL,cal,-1284701.243,,58.83221797,,133.081,77.45913002,0.050031549,-1870793.499,0,0,0,0,2000,,,-1.0000 Ca-beidellite -7.4000 H+ 0.1750 Ca+2 2.3500 Al+3 3.6500 SiO2 4.7000 H2O,,0.175Ca+2 2.35Al+3 3.65Si+4 12O-2 2H+,inorganic_cr,
Mg-beidellite,Mg-Bei,Mg0.175Al2Si3.65Al0.35O10(OH)2,cr,Catalano13,,8/12/2019,CGL,cal,-1281705.545,,57.82265774,,132.116,77.19837476,0.050147228,-1869407.266,0,0,0,0,2000,,,-1.0000 Mg-beidellite -7.4000 H+ 0.1750 Mg+2 2.3500 Al+3 3.6500 SiO2 4.7000 H2O,,0.175Mg+2 2.35Al+3 3.65Si+4 12O-2 2H+,inorganic_cr,
Fe-beidellite,Fe-Bei,Fe0.175Al2Si3.65Al0.35O10(OH)2,cr,Catalano13,,8/12/2019,CGL,cal,-1267353.728,,59.53226577,,134.293,79.7375717,0.050430927,-1923661.568,0,0,0,0,2000,,,-1.0000 Fe-beidellite -7.4000 H+ 0.1750 Fe+2 2.3500 Al+3 3.6500 SiO2 4.7000 H2O,,0.175Fe+2 2.35Al+3 3.65Si+4 12O-2 2H+,inorganic_cr,
Fe-hydroxide,Fe-hdr,Fe(OH)2,cr,SM92,MB09,7/15/2022,CGL,cal,-117730,-137340,21,21.3,26,26.06,0.00435,-538000,0,0,0,0,700,,,-1.0000 Fe-hydroxide -2.0000 H+ 1.0000 Fe+2 2.0000 H2O,,Fe+2 2O-2 2H+,inorganic_cr,
n-nonanoic-acid,,C9H18O2,aq,Sho95,,2/28/1992,HKF,cal,-81220,-156530,89.6,188.6,163.2,24.0995,47.8926,-6.2728,-4.7588,160.8768,13.6727,0.0066,0,3,0,-1.0000 n-nonanoic-acid -3.5000 O2(g) 4.5000 acetic-acid,,C+3 7C-2 C-3 18H+ 2O-2,organic_aq,
n-decanoic-acid,,C10H20O2,aq,Sho95,,2/28/1992,HKF,cal,-79170,-162200,96.3,209.8,179,26.2766,52.8294,-7.4002,-4.9629,178.2298,15.7672,0.051,0,3,0,-1.0000 n-decanoic-acid -4.0000 O2(g) 5.0000 acetic-acid,,C+3 8C-2 C-3 20H+ 2O-2,organic_aq,
n-undecanoic-acid,,C11H22O2,aq,Sho95,,6/17/1992,HKF,cal,-77130,-167870,103,231,194.8,28.4537,57.7661,-8.5272,-5.167,195.5826,17.8618,0.0955,0,3,0,-1.0000 n-undecanoic-acid -4.5000 O2(g) 5.5000 acetic-acid,,C+3 9C-2 C-3 22H+ 2O-2,organic_aq,
n-dodecanoic-acid,,C12H24O2,aq,Sho95,,2/28/1992,HKF,cal,-75080,-173540,109.7,252.2,210.6,30.6308,62.6966,-9.6387,-5.3708,212.9354,19.9564,0.1399,0,3,0,-1.0000 n-dodecanoic-acid -5.0000 O2(g) 6.0000 acetic-acid,,C+3 10C-2 C-3 24H+ 2O-2,organic_aq,
n-nonanoate,,C9H17O2-,aq,Sho95,,2/28/1992,HKF,cal,-74770,-156990,65.4,153.6,149.2,22.3974,44.0392,-5.4082,-4.5995,164.0445,-2.2443,0.6387,-1,4,0,-1.0000 n-nonanoate -3.5000 O2(g) -1.0000 H+ 4.5000 acetic-acid,,C+3 C-3 7C-2 17H+ 2O-2,organic_aq,
n-decanoate,,C10H19O2-,aq,Sho95,,2/28/1992,HKF,cal,-72460,-162700,72.1,175,165.19,24.5511,48.6514,-5.8334,-4.7901,181.64,-1.81,0.5372,-1,4,0,-1.0000 n-decanoate -4.0000 O2(g) -1.0000 H+ 5.0000 acetic-acid,,C+3 C-3 8C-2 19H+ 2O-2,organic_aq,
n-undecanoate,,C11H21O2-,aq,Sho95,,2/28/1992,HKF,cal,-70410,-168370,78.8,196,180.8,26.6529,53.6845,-7.5999,-4.9982,203.5298,-1.7304,0.4356,-1,4,0,-1.0000 n-undecanoate -4.5000 O2(g) -1.0000 H+ 5.5000 acetic-acid,,C+3 C-3 9C-2 21H+ 2O-2,organic_aq,
n-dodecanoate,,C12H23O2-,aq,Sho95,SLOP16.4,6/2/1998,HKF,cal,-68370,-174040,85.5,210.8,196.1,28.7122,58.3495,-8.6541,-5.1911,217.0287,-1.551,0.334,-1,4,0,-1.0000 n-dodecanoate -5.0000 O2(g) -1.0000 H+ 6.0000 acetic-acid,,C+3 C-3 10C-2 23H+ 2O-2,organic_aq,
2-hydroxybutanoic-acid,,C4H8O3,aq,Sho95,,6/16/1992,HKF,cal,-125750,-169670,56.5,87.9,85.45,13.3861,22.2951,2.5821,-3.7006,78.3729,3.7235,-0.2128,0,4,0,-1.0000 2-hydroxybutanoic-acid -0.5000 O2(g) 2.0000 acetic-acid,,C+3 C C-2 C-3 8H+ 3O-2,organic_aq,
2-hydroxypentanoic-acid,,C5H10O3,aq,Sho95,,6/16/1992,HKF,cal,-123700,-175340,63.2,109.1,100.47,15.4564,27.0371,1.3904,-3.8966,95.7257,5.8181,-0.1684,0,4,0,-1.0000 2-hydroxypentanoic-acid -1.0000 O2(g) 2.5000 acetic-acid,,C+3 C 2C-2 C-3 10H+ 3O-2,organic_aq,
2-hydroxyhexanoic-acid,,C6H12O3,aq,Sho95,,6/16/1992,HKF,cal,-121650,-181010,69.9,130.3,117.26,17.769,33.3994,-2.6456,-4.1596,113.0787,7.9126,-0.124,0,4,0,-1.0000 2-hydroxyhexanoic-acid -1.5000 O2(g) 3.0000 acetic-acid,,C+3 C 3C-2 C-3 12H+ 3O-2,organic_aq,
2-hydroxyheptanoic-acid,,C7H14O3,aq,Sho95,,6/17/1992,HKF,cal,-119600,-186680,76.6,151.5,132.1,19.8147,38.1868,-4.0817,-4.3375,130.4315,10.0072,-0.0795,0,4,0,-1.0000 2-hydroxyheptanoic-acid -2.0000 O2(g) 3.5000 acetic-acid,,C+3 C 4C-2 C-3 14H+ 3O-2,organic_aq,
2-hydroxyoctanoic-acid,,C8H16O3,aq,Sho95,,6/16/1992,HKF,cal,-117550,-192350,83.3,172.7,147.9,21.9918,43.1173,-5.1928,-4.5614,147.7843,12.1018,-0.0351,0,4,0,-1.0000 2-hydroxyoctanoic-acid -2.5000 O2(g) 4.0000 acetic-acid,,C+3 C 5C-2 C-3 16H+ 3O-2,organic_aq,
2-hydroxynonanoic-acid,,C9H18O3,aq,Sho95,,6/16/1992,HKF,cal,-115520,-198020,90,193.9,163.7,24.1688,48.0543,-6.32,-4.7655,165.1372,14.1963,0.0093,0,4,0,-1.0000 2-hydroxynonanoic-acid -3.0000 O2(g) 4.5000 acetic-acid,,C+3 C 6C-2 C-3 18H+ 3O-2,organic_aq,
2-hydroxydecanoic-acid,,C10H20O3,aq,Sho95,,6/16/1992,HKF,cal,-113480,-203690,96.7,215.1,179.5,26.3459,52.9848,-7.4315,-4.9693,182.49,16.2909,0.0537,0,4,0,-1.0000 2-hydroxydecanoic-acid -3.5000 O2(g) 5.0000 acetic-acid,,C+3 C 7C-2 C-3 20H+ 3O-2,organic_aq,
2-hydroxybutanoate,,C4H7O3-,aq,Sho95,,6/17/1992,HKF,cal,-120550,-169810,38.6,47.9,71.61,11.9172,20.272,0.0242,-3.6169,64.6903,-3.5254,1.0449,-1,4,0,-1.0000 2-hydroxybutanoate -0.5000 O2(g) -1.0000 H+ 2.0000 acetic-acid,,C+3 C C-2 C-3 7H+ 3O-2,organic_aq,
2-hydroxypentanoate,,C5H9O3-,aq,Sho95,,6/17/1992,HKF,cal,-118800,-175770,45.3,69.1,86.71,13.949,24.1569,0.805,-3.7775,84.4263,-3.2684,0.9427,-1,4,0,-1.0000 2-hydroxypentanoate -1.0000 O2(g) -1.0000 H+ 2.5000 acetic-acid,,C+3 C 2C-2 C-3 9H+ 3O-2,organic_aq,
2-hydroxyhexanoate,,C6H11O3-,aq,Sho95,,6/16/1992,HKF,cal,-116550,-181240,52,90.3,103.33,16.1891,30.4279,-3.3776,-4.0368,104.1738,-3.0115,0.8417,-1,4,0,-1.0000 2-hydroxyhexanoate -1.5000 O2(g) -1.0000 H+ 3.0000 acetic-acid,,C+3 C 3C-2 C-3 11H+ 3O-2,organic_aq,
2-hydroxyheptanoate,,C7H13O3-,aq,Sho95,,6/16/1992,HKF,cal,-114500,-186900,58.7,111.5,118.6,18.2444,34.6247,-3.2651,-4.2103,123.9167,-2.7545,0.7402,-1,4,0,-1.0000 2-hydroxyheptanoate -2.0000 O2(g) -1.0000 H+ 3.5000 acetic-acid,,C+3 C 4C-2 C-3 13H+ 3O-2,organic_aq,
2-hydroxyoctanoate,,C8H15O3-,aq,Sho95,,6/16/1992,HKF,cal,-112450,-192570,65.4,132.7,134.4,20.3721,39.4474,-4.3607,-4.4097,143.6592,-2.4976,0.6387,-1,4,0,-1.0000 2-hydroxyoctanoate -2.5000 O2(g) -1.0000 H+ 4.0000 acetic-acid,,C+3 C 5C-2 C-3 15H+ 3O-2,organic_aq,
2-hydroxynonanoate,,C9H17O3-,aq,Sho95,,6/16/1992,HKF,cal,-110420,-198250,72.1,153.9,150.2,22.4999,44.27,-5.4567,-4.609,163.4021,-2.2406,0.5372,-1,4,0,-1.0000 2-hydroxynonanoate -3.0000 O2(g) -1.0000 H+ 4.5000 acetic-acid,,C+3 C 6C-2 C-3 17H+ 3O-2,organic_aq,
2-hydroxydecanoate,,C10H19O3-,aq,Sho95,,6/16/1992,HKF,cal,-108380,-203930,78.8,175.1,166,24.6277,49.0925,-6.5525,-4.8084,183.1446,-1.9837,0.4356,-1,4,0,-1.0000 2-hydroxydecanoate -3.5000 O2(g) -1.0000 H+ 5.0000 acetic-acid,,C+3 C 7C-2 C-3 19H+ 3O-2,organic_aq,
